{
    "christmas.music.theme":{"sounds":["christmas/theme"]},

    "weapon.pistol.shoot_player":{"sounds":["weapon/pistol/shoot_player"]},
    "weapon.pistol.reload_player":{"sounds":["weapon/pistol/reload_player"]},
    "weapon.pistol.shoot_mono":{"sounds":["weapon/pistol/shoot_mono"]},
    "weapon.pistol.reload_mono":{"sounds":["weapon/pistol/reload_mono"]},

    "weapon.rifle.shoot_player":{"sounds":["weapon/rifle/shoot_player"]},
    "weapon.rifle.reload_player":{"sounds":["weapon/rifle/reload_player"]},
    "weapon.rifle.shoot_mono":{"sounds":["weapon/rifle/shoot_mono"]},
    "weapon.rifle.reload_mono":{"sounds":["weapon/rifle/reload_mono"]}
}