{
	"credit": "Made with Blockbench, Pompier15 www.matrice-software.fr",
	"textures": {
		"particle": "block/oak_door_bottom",
		"texture": "block/oak_door_bottom"
	},
	"elements": [
		{
			"from": [0, 0, 3],
			"to": [3, 2.5, 8],
			"rotation": {"angle": 0, "axis": "y", "origin": [2, 0, 8]},
			"faces": {
				"east": {"uv": [8.5, 13.5, 13.5, 16], "texture": "#texture"},
				"west": {"uv": [13.5, 13.5, 8.5, 16], "texture": "#texture"},
				"up": {"uv": [0, 3, 3, 8], "rotation": 180, "texture": "#texture"},
				"down": {"uv": [0, 8, 3, 3], "rotation": 180, "texture": "#texture"}
			}
		},
		{
			"from": [0, 6, 3],
			"to": [3, 8.5, 8],
			"rotation": {"angle": 0, "axis": "y", "origin": [2, 0, 8]},
			"faces": {
				"east": {"uv": [8.5, 7.5, 13.5, 10], "texture": "#texture"},
				"west": {"uv": [13.5, 7.5, 8.5, 10], "texture": "#texture"},
				"up": {"uv": [0, 3, 3, 8], "rotation": 180, "texture": "#texture"},
				"down": {"uv": [0, 8, 3, 3], "rotation": 180, "texture": "#texture"}
			}
		},
		{
			"from": [0, 12, 3],
			"to": [3, 14.5, 8],
			"rotation": {"angle": 0, "axis": "y", "origin": [2, 0, 8]},
			"faces": {
				"east": {"uv": [8, 1.5, 13, 4], "texture": "#texture"},
				"west": {"uv": [13, 1.5, 8, 4], "texture": "#texture"},
				"up": {"uv": [0, 3, 3, 8], "rotation": 180, "texture": "#texture"},
				"down": {"uv": [0, 8, 3, 3], "rotation": 180, "texture": "#texture"}
			}
		},
		{
			"from": [0.5, 14.5, 3],
			"to": [2.5, 16, 7],
			"rotation": {"angle": 0, "axis": "y", "origin": [2, 0, 8]},
			"faces": {
				"east": {"uv": [9, 0, 13, 1.5], "texture": "#texture"},
				"west": {"uv": [13, 0, 9, 1.5], "texture": "#texture"},
				"up": {"uv": [0.5, 4, 2.5, 8], "rotation": 180, "texture": "#texture"}
			}
		},
		{
			"from": [0.5, 14.5, 9],
			"to": [2.5, 16, 13],
			"rotation": {"angle": 0, "axis": "y", "origin": [2, 0, 8]},
			"faces": {
				"east": {"uv": [3, 0, 7, 1.5], "texture": "#texture"},
				"west": {"uv": [3, 0, 7, 1.5], "texture": "#texture"},
				"up": {"uv": [0.5, 3, 2.5, 7], "rotation": 180, "texture": "#texture"}
			}
		},
		{
			"from": [0.5, 2.5, 9],
			"to": [2.5, 6, 13],
			"rotation": {"angle": 0, "axis": "y", "origin": [2, 0, 8]},
			"faces": {
				"east": {"uv": [3, 10, 7, 13.5], "texture": "#texture"},
				"west": {"uv": [9, 10, 13, 13.5], "texture": "#texture"}
			}
		},
		{
			"from": [0.5, 2.5, 3],
			"to": [2.5, 6, 7],
			"rotation": {"angle": 0, "axis": "y", "origin": [2, 0, 8]},
			"faces": {
				"east": {"uv": [9, 10, 13, 13.5], "texture": "#texture"},
				"west": {"uv": [3, 10, 7, 13.5], "texture": "#texture"}
			}
		},
		{
			"from": [0.5, 8.5, 3],
			"to": [2.5, 12, 7],
			"rotation": {"angle": 0, "axis": "y", "origin": [2, 0, 8]},
			"faces": {
				"east": {"uv": [9, 4, 13, 7.5], "texture": "#texture"},
				"west": {"uv": [3, 4, 7, 7.5], "texture": "#texture"}
			}
		},
		{
			"from": [0.5, 8.5, 9],
			"to": [2.5, 12, 13],
			"rotation": {"angle": 0, "axis": "y", "origin": [2, 0, 8]},
			"faces": {
				"east": {"uv": [3, 4, 7, 7.5], "texture": "#texture"},
				"west": {"uv": [9, 4, 13, 7.5], "texture": "#texture"}
			}
		},
		{
			"from": [0, 8.5, 7],
			"to": [3, 12, 9],
			"rotation": {"angle": 0, "axis": "y", "origin": [2, 0, 8]},
			"faces": {
				"north": {"uv": [0, 4, 3, 7.5], "texture": "#texture"},
				"east": {"uv": [7, 4, 9, 7.5], "texture": "#texture"},
				"south": {"uv": [13, 4, 16, 7.5], "texture": "#texture"},
				"west": {"uv": [7, 4, 9, 7.5], "texture": "#texture"},
				"up": {"uv": [0, 7, 3, 9], "rotation": 180, "texture": "#texture"},
				"down": {"uv": [0, 9, 3, 7], "rotation": 180, "texture": "#texture"}
			}
		},
		{
			"from": [0, 14.5, 7],
			"to": [3, 16, 9],
			"rotation": {"angle": 0, "axis": "y", "origin": [2, 0, 8]},
			"faces": {
				"north": {"uv": [13, 0, 16, 1.5], "texture": "#texture"},
				"east": {"uv": [7, 0, 9, 1.5], "texture": "#texture"},
				"south": {"uv": [13, 0, 16, 1.5], "texture": "#texture"},
				"west": {"uv": [7, 0, 9, 1.5], "texture": "#texture"},
				"up": {"uv": [0, 7, 3, 9], "rotation": 180, "texture": "#texture"},
				"down": {"uv": [0, 9, 3, 7], "rotation": 180, "texture": "#texture"}
			}
		},
		{
			"from": [0, 2.5, 7],
			"to": [3, 6, 9],
			"rotation": {"angle": 0, "axis": "y", "origin": [2, 0, 8]},
			"faces": {
				"north": {"uv": [13, 10, 16, 13.5], "texture": "#texture"},
				"east": {"uv": [7, 10, 9, 13.5], "texture": "#texture"},
				"south": {"uv": [13, 10, 16, 13.5], "texture": "#texture"},
				"west": {"uv": [7, 10, 9, 13.5], "texture": "#texture"},
				"up": {"uv": [0, 7, 3, 9], "rotation": 180, "texture": "#texture"},
				"down": {"uv": [0, 9, 3, 7], "rotation": 180, "texture": "#texture"}
			}
		},
		{
			"from": [0, 12, 8],
			"to": [3, 14.5, 13],
			"rotation": {"angle": 0, "axis": "y", "origin": [2, 0, 8]},
			"faces": {
				"east": {"uv": [8, 1.5, 3, 4], "texture": "#texture"},
				"west": {"uv": [3, 1.5, 8, 4], "texture": "#texture"},
				"up": {"uv": [0, 3, 3, 8], "rotation": 180, "texture": "#texture"},
				"down": {"uv": [0, 8, 3, 3], "rotation": 180, "texture": "#texture"}
			}
		},
		{
			"from": [0, 6, 8],
			"to": [3, 8.5, 13],
			"rotation": {"angle": 0, "axis": "y", "origin": [2, 0, 8]},
			"faces": {
				"east": {"uv": [3, 7.5, 8, 10], "texture": "#texture"},
				"west": {"uv": [7.5, 7.5, 2.5, 10], "texture": "#texture"},
				"up": {"uv": [0, 3, 3, 8], "rotation": 180, "texture": "#texture"},
				"down": {"uv": [0, 8, 3, 3], "rotation": 180, "texture": "#texture"}
			}
		},
		{
			"from": [0, 0, 8],
			"to": [3, 2.5, 13],
			"rotation": {"angle": 0, "axis": "y", "origin": [2, 0, 8]},
			"faces": {
				"east": {"uv": [3, 13.5, 8, 16], "texture": "#texture"},
				"west": {"uv": [8, 13.5, 3, 16], "texture": "#texture"},
				"up": {"uv": [0, 3, 3, 8], "rotation": 180, "texture": "#texture"},
				"down": {"uv": [0, 8, 3, 3], "rotation": 180, "texture": "#texture"}
			}
		},
		{
			"from": [0, 0, 0],
			"to": [3, 16, 3],
			"rotation": {"angle": 0, "axis": "y", "origin": [2, 0, 8]},
			"faces": {
				"north": {"uv": [16, 0, 13, 16], "texture": "#texture"},
				"east": {"uv": [13, 0, 16, 16], "texture": "#texture"},
				"south": {"uv": [13, 0, 16, 16], "texture": "#texture"},
				"west": {"uv": [16, 0, 13, 16], "texture": "#texture"},
				"up": {"uv": [0, 13, 3, 16], "rotation": 180, "texture": "#texture"},
				"down": {"uv": [0, 16, 3, 13], "rotation": 180, "texture": "#texture"}
			}
		},
		{
			"from": [0, 0, 13],
			"to": [3, 16, 16],
			"rotation": {"angle": 0, "axis": "y", "origin": [2, 0, 8]},
			"faces": {
				"north": {"uv": [16, 0, 13, 16], "texture": "#texture"},
				"east": {"uv": [0, 0, 3, 16], "texture": "#texture"},
				"south": {"uv": [13, 0, 16, 16], "texture": "#texture"},
				"west": {"uv": [3, 0, 0, 16], "texture": "#texture"},
				"up": {"uv": [0, 0, 3, 3], "rotation": 180, "texture": "#texture"},
				"down": {"uv": [0, 5.5, 3, 2.5], "rotation": 180, "texture": "#texture"}
			}
		},
		{
			"from": [2, 4, 15],
			"to": [3.25, 6, 16.25],
			"rotation": {"angle": 0, "axis": "y", "origin": [2, 0, 8]},
			"faces": {
				"north": {"uv": [0.5, 10, 1, 12], "texture": "#texture"},
				"east": {"uv": [0, 10, 1, 12], "texture": "#texture"},
				"south": {"uv": [0, 10, 0.5, 12], "texture": "#texture"},
				"west": {"uv": [1, 10, 0, 12], "texture": "#texture"},
				"up": {"uv": [0, 10, 0.5, 10.5], "rotation": 180, "texture": "#texture"},
				"down": {"uv": [0.5, 11, 1, 11.5], "rotation": 180, "texture": "#texture"}
			}
		},
		{
			"from": [-0.25, 4, 15],
			"to": [1, 6, 16.25],
			"rotation": {"angle": 0, "axis": "y", "origin": [2, 0, 8]},
			"faces": {
				"north": {"uv": [0.5, 10, 1, 12], "texture": "#texture"},
				"east": {"uv": [0, 10, 1, 12], "texture": "#texture"},
				"south": {"uv": [0, 10, 0.5, 12], "texture": "#texture"},
				"west": {"uv": [1, 10, 0, 12], "texture": "#texture"},
				"up": {"uv": [0, 10, 0.5, 10.5], "rotation": 180, "texture": "#texture"},
				"down": {"uv": [0.5, 11, 1, 11.5], "rotation": 180, "texture": "#texture"}
			}
		},
		{
			"from": [-0.25, 15, 15],
			"to": [1, 16, 16.25],
			"rotation": {"angle": 0, "axis": "y", "origin": [2, 0, 8]},
			"faces": {
				"north": {"uv": [0, 0, 1, 1], "texture": "#texture"},
				"east": {"uv": [0, 0, 1, 1], "texture": "#texture"},
				"south": {"uv": [0.5, 0, 1, 1], "texture": "#texture"},
				"west": {"uv": [0, 0, 1, 1], "texture": "#texture"},
				"up": {"uv": [0.5, 0, 1, 1], "rotation": 180, "texture": "#texture"},
				"down": {"uv": [0, 0.5, 0.5, 1], "rotation": 180, "texture": "#texture"}
			}
		},
		{
			"from": [2, 15, 15],
			"to": [3.25, 16, 16.25],
			"rotation": {"angle": 0, "axis": "y", "origin": [2, 0, 8]},
			"faces": {
				"north": {"uv": [0, 0, 1, 1], "texture": "#texture"},
				"east": {"uv": [0, 0, 1, 1], "texture": "#texture"},
				"south": {"uv": [0.5, 0, 1, 1], "texture": "#texture"},
				"west": {"uv": [0, 0, 1, 1], "texture": "#texture"},
				"up": {"uv": [0.5, 0, 1, 1], "rotation": 180, "texture": "#texture"},
				"down": {"uv": [0, 0.5, 0.5, 1], "rotation": 180, "texture": "#texture"}
			}
		}
	],
	"groups": [
		{
			"name": "group",
			"origin": [0, 0, 0],
			"color": 0,
			"children": [0, 1, 2, 3, 4, 5, 6, 7, 8, 9, 10, 11, 12, 13, 14, 15, 16, 17, 18, 19, 20]
		}
	]
}