{
	"__comment": "Designed by Kikipunk with Cubik Studio - https://cubik.studio , Pompier15 www.matrice-software.fr",
	"textures": {
		"particle": "block/spruce_trapdoor",
		"texture": "block/spruce_trapdoor",
		"texture1": "ctm/trapdoors/spruce/front",
		"texture2": "ctm/trapdoors/spruce/side"
	},
	"elements": [ 	 
		{
			"__comment": "Box1",
			"from": [ 0, 0, 0 ],
			"to": [ 16, 3, 16 ],
			"faces": {
				"down": { "uv": [ 0, 0, 16, 16 ], "texture": "#texture" },
				"up": { "uv": [ 0, 0, 16, 16 ], "texture": "#texture" },
				"north": { "uv": [ 0, 0, 16, 3 ], "texture": "#texture1" },
				"south": { "uv": [ 16, 0, 0, 3 ], "texture": "#texture1" },
				"west": { "uv": [ 0, 0, 16, 3 ], "texture": "#texture2" },
				"east": { "uv": [ 0, 0, 16, 3 ], "texture": "#texture2" }
			}
		},
		{
			"__comment": "Box2",
			"from": [ 0, 3, 3 ],
			"to": [ 16, 3.25, 3.5 ],
			"faces": {
				"down": { "uv": [ 0, 12.5, 16, 13 ], "texture": "#texture" },
				"up": { "uv": [ 0, 3, 16, 3.5 ], "texture": "#texture" },
				"north": { "uv": [ 16, 3, 0, 3.5 ], "texture": "#texture" },
				"south": { "uv": [ 0, 3, 16, 3.5 ], "texture": "#texture" },
				"west": { "uv": [ 0, 3, 0.5, 3.5 ], "texture": "#texture" },
				"east": { "uv": [ 15.5, 3, 16, 3.5 ], "texture": "#texture" }
			}
		},
		{
			"__comment": "Box2",
			"from": [ 0, 3, 12.5 ],
			"to": [ 16, 3.25, 13 ],
			"faces": {
				"down": { "uv": [ 0, 12.5, 16, 13 ], "texture": "#texture" },
				"up": { "uv": [ 0, 3, 16, 3.5 ], "texture": "#texture" },
				"north": { "uv": [ 16, 3, 0, 3.5 ], "texture": "#texture" },
				"south": { "uv": [ 0, 3, 16, 3.5 ], "texture": "#texture" },
				"west": { "uv": [ 0, 3, 0.5, 3.5 ], "texture": "#texture" },
				"east": { "uv": [ 15.5, 3, 16, 3.5 ], "texture": "#texture" }
			}
		},
		{
			"__comment": "Box2",
			"from": [ 0, -0.25, 12.5 ],
			"to": [ 16, 0, 13 ],
			"faces": {
				"down": { "uv": [ 0, 12.5, 16, 13 ], "texture": "#texture" },
				"up": { "uv": [ 0, 3, 16, 3.5 ], "texture": "#texture" },
				"north": { "uv": [ 16, 3, 0, 3.5 ], "texture": "#texture" },
				"south": { "uv": [ 0, 3, 16, 3.5 ], "texture": "#texture" },
				"west": { "uv": [ 0, 3, 0.5, 3.5 ], "texture": "#texture" },
				"east": { "uv": [ 15.5, 3, 16, 3.5 ], "texture": "#texture" }
			}
		},
		{
			"__comment": "Box2",
			"from": [ 0, -0.25, 3 ],
			"to": [ 16, 0, 3.5 ],
			"faces": {
				"down": { "uv": [ 0, 12.5, 16, 13 ], "texture": "#texture" },
				"up": { "uv": [ 0, 3, 16, 3.5 ], "texture": "#texture" },
				"north": { "uv": [ 16, 3, 0, 3.5 ], "texture": "#texture" },
				"south": { "uv": [ 0, 3, 16, 3.5 ], "texture": "#texture" },
				"west": { "uv": [ 0, 3, 0.5, 3.5 ], "texture": "#texture" },
				"east": { "uv": [ 15.5, 3, 16, 3.5 ], "texture": "#texture" }
			}
		},
		{
			"__comment": "Box2",
			"from": [ -0.25, 0, 3 ],
			"to": [ 0, 3, 3.5 ],
			"faces": {
				"down": { "uv": [ 3, 2.5, 3.5, 3 ], "texture": "#texture2" },
				"up": { "uv": [ 3, 0, 3.5, 0.5 ], "texture": "#texture2" },
				"north": { "uv": [ 3.5, 0, 3, 3 ], "texture": "#texture2" },
				"south": { "uv": [ 3.5, 0, 3, 3 ], "texture": "#texture2" },
				"west": { "uv": [ 3.5, 0, 3, 3 ], "texture": "#texture2" },
				"east": { "uv": [ 3.5, 0, 3, 3 ], "texture": "#texture2" }
			}
		},
		{
			"__comment": "Box2",
			"from": [ -0.25, 0, 12.5 ],
			"to": [ 0, 3, 13 ],
			"faces": {
				"down": { "uv": [ 3, 2.5, 3.5, 3 ], "texture": "#texture2" },
				"up": { "uv": [ 3, 0, 3.5, 0.5 ], "texture": "#texture2" },
				"north": { "uv": [ 3.5, 0, 3, 3 ], "texture": "#texture2" },
				"south": { "uv": [ 3.5, 0, 3, 3 ], "texture": "#texture2" },
				"west": { "uv": [ 3.5, 0, 3, 3 ], "texture": "#texture2" },
				"east": { "uv": [ 3.5, 0, 3, 3 ], "texture": "#texture2" }
			}
		},
		{
			"__comment": "Box2",
			"from": [ 16, 0, 12.5 ],
			"to": [ 16.25, 3, 13 ],
			"faces": {
				"down": { "uv": [ 3, 2.5, 3.5, 3 ], "texture": "#texture2" },
				"up": { "uv": [ 3, 0, 3.5, 0.5 ], "texture": "#texture2" },
				"north": { "uv": [ 3.5, 0, 3, 3 ], "texture": "#texture2" },
				"south": { "uv": [ 3.5, 0, 3, 3 ], "texture": "#texture2" },
				"west": { "uv": [ 3.5, 0, 3, 3 ], "texture": "#texture2" },
				"east": { "uv": [ 3.5, 0, 3, 3 ], "texture": "#texture2" }
			}
		},
		{
			"__comment": "Box2",
			"from": [ 16, 0, 3 ],
			"to": [ 16.25, 3, 3.5 ],
			"faces": {
				"down": { "uv": [ 3, 2.5, 3.5, 3 ], "texture": "#texture2" },
				"up": { "uv": [ 3, 0, 3.5, 0.5 ], "texture": "#texture2" },
				"north": { "uv": [ 3.5, 0, 3, 3 ], "texture": "#texture2" },
				"south": { "uv": [ 3.5, 0, 3, 3 ], "texture": "#texture2" },
				"west": { "uv": [ 3.5, 0, 3, 3 ], "texture": "#texture2" },
				"east": { "uv": [ 3.5, 0, 3, 3 ], "texture": "#texture2" }
			}
		}
	],
	"display": {
		"thirdperson_righthand": {
            "rotation": [ 75, 45, 0 ],
            "translation": [ 0, 2.5, 2],
            "scale": [ 0.375, 0.375, 0.375 ]
        },
		"thirdperson_lefthand": {
			"rotation":  [ 75, 45, 0 ],
			"translation":  [ 0, 2.5, 0 ],
			"scale":  [ 0.375, 0.375, 0.375 ]
		},
		"firstperson_righthand": {
            "rotation": [ 0, 45, 0 ],
            "translation": [ 0, 4.2, 0 ],
            "scale": [ 0.40, 0.40, 0.40 ]
        },
        "firstperson_lefthand": {
            "rotation": [ 0, 225, 0 ],
            "translation": [ 0, 4.2, 0 ],
            "scale": [ 0.40, 0.40, 0.40 ]
        },
		"gui": {
			"rotation":  [ 30, 225, 0 ],
			"scale":  [ 0.625, 0.625, 0.625 ]
		},
		"ground": {
			"translation":  [ 0, 3, 0 ],
			"scale":  [ 0.25, 0.25, 0.25 ]
		},
		"fixed": {
			"scale":  [ 0.5, 0.5, 0.5 ]
		}
	}
}