{
	"__comment": "Designed by Kikipunk with Cubik Studio - https://cubik.studio, Pompier15 www.matrice-software.fr",
	"textures": {
		"particle": "block/spruce_door_bottom",
		"texture": "block/spruce_door_bottom",
		"texture1": "ctm/doors/spruce/front",
		"texture2": "ctm/doors/spruce/side"
	},
	"elements": [ 	 
		{
			"__comment": "Box1",
			"from": [ 0, 0, 0 ],
			"to": [ 3, 16, 16 ],
			"faces": {
				"down": { "uv": [ 0, 0, 16, 3 ], "texture": "#texture1", "rotation": 270 },
				"north": { "uv": [ 5, 0, 8, 16 ], "texture": "#texture2" },
				"south": { "uv": [ 13, 0, 16, 16 ], "texture": "#texture2" },
				"west": { "uv": [ 16, 0, 0, 16 ], "texture": "#texture" },
				"east": { "uv": [ 0, 0, 16, 16 ], "texture": "#texture" }
			}
		},
		{
			"__comment": "Box2",
			"from": [ 3, 12, 2.5 ],
			"to": [ 3.5, 12.5, 4.5 ],
			"faces": {
				"down": { "uv": [ 11.5, 3.5, 13.5, 4 ], "texture": "#texture", "rotation": 90 },
				"north": { "uv": [ 13, 3.5, 13.5, 4 ], "texture": "#texture" },
				"south": { "uv": [ 11.5, 3.5, 12, 4 ], "texture": "#texture" },
				"east": { "uv": [ 11.5, 3.5, 13.5, 4 ], "texture": "#texture" }
			}
		},
		{
			"__comment": "Box2",
			"from": [ 3, 12.5, 2 ],
			"to": [ 3.5, 13, 5 ],
			"faces": {
				"down": { "uv": [ 11, 3, 14, 3.5 ], "texture": "#texture", "rotation": 90 },
				"up": { "uv": [ 11, 3, 14, 3.5 ], "texture": "#texture", "rotation": 270 },
				"north": { "uv": [ 13.5, 3, 14, 3.5 ], "texture": "#texture" },
				"south": { "uv": [ 11, 3, 11.5, 3.5 ], "texture": "#texture" },
				"east": { "uv": [ 11, 3, 14, 3.5 ], "texture": "#texture" }
			}
		},
		{
			"__comment": "Box2",
			"from": [ 3, 13, 4 ],
			"to": [ 3.5, 13.5, 5.5 ],
			"faces": {
				"down": { "uv": [ 10.5, 2.5, 12, 3 ], "texture": "#texture", "rotation": 90 },
				"up": { "uv": [ 10.5, 2.5, 12, 3 ], "texture": "#texture", "rotation": 270 },
				"north": { "uv": [ 11.5, 2.5, 12, 3 ], "texture": "#texture" },
				"south": { "uv": [ 10.5, 2.5, 11, 3 ], "texture": "#texture" },
				"east": { "uv": [ 10.5, 2.5, 12, 3 ], "texture": "#texture" }
			}
		},
		{
			"__comment": "Box2",
			"from": [ 3, 13, 1.5 ],
			"to": [ 3.5, 13.5, 3 ],
			"faces": {
				"down": { "uv": [ 13, 2.5, 14.5, 3 ], "texture": "#texture", "rotation": 90 },
				"up": { "uv": [ 13, 2.5, 14.5, 3 ], "texture": "#texture", "rotation": 270 },
				"north": { "uv": [ 14, 2.5, 14.5, 3 ], "texture": "#texture" },
				"south": { "uv": [ 13, 2.5, 13.5, 3 ], "texture": "#texture" },
				"east": { "uv": [ 13, 2.5, 14.5, 3 ], "texture": "#texture" }
			}
		},
		{
			"__comment": "Box2",
			"from": [ 3, 14.5, 4 ],
			"to": [ 3.5, 15, 5.5 ],
			"faces": {
				"down": { "uv": [ 10.5, 1, 12, 1.5 ], "texture": "#texture", "rotation": 90 },
				"up": { "uv": [ 10.5, 1, 12, 1.5 ], "texture": "#texture", "rotation": 270 },
				"north": { "uv": [ 11.5, 1, 12, 1.5 ], "texture": "#texture" },
				"south": { "uv": [ 10.5, 1, 11, 1.5 ], "texture": "#texture" },
				"east": { "uv": [ 10.5, 1, 12, 1.5 ], "texture": "#texture" }
			}
		},
		{
			"__comment": "Box2",
			"from": [ 3, 14.5, 1.5 ],
			"to": [ 3.5, 15, 3 ],
			"faces": {
				"down": { "uv": [ 13, 1, 14.5, 1.5 ], "texture": "#texture", "rotation": 90 },
				"up": { "uv": [ 13, 1, 14.5, 1.5 ], "texture": "#texture", "rotation": 270 },
				"north": { "uv": [ 14, 1, 14.5, 1.5 ], "texture": "#texture" },
				"south": { "uv": [ 13, 1, 13.5, 1.5 ], "texture": "#texture" },
				"east": { "uv": [ 13, 1, 14.5, 1.5 ], "texture": "#texture" }
			}
		},
		{
			"__comment": "Box2",
			"from": [ 3, 15, 2 ],
			"to": [ 3.5, 15.5, 5 ],
			"faces": {
				"down": { "uv": [ 11, 0.5, 14, 1 ], "texture": "#texture", "rotation": 90 },
				"up": { "uv": [ 11, 0.5, 14, 1 ], "texture": "#texture", "rotation": 270 },
				"north": { "uv": [ 13.5, 0.5, 14, 1 ], "texture": "#texture" },
				"south": { "uv": [ 11, 0.5, 11.5, 1 ], "texture": "#texture" },
				"east": { "uv": [ 11, 0.5, 14, 1 ], "texture": "#texture" }
			}
		},
		{
			"__comment": "Box2",
			"from": [ 3, 15.5, 2.5 ],
			"to": [ 3.5, 16, 4.5 ],
			"faces": {
				"up": { "uv": [ 11.5, 0, 13.5, 0.5 ], "texture": "#texture", "rotation": 270 },
				"north": { "uv": [ 13, 0, 13.5, 0.5 ], "texture": "#texture" },
				"south": { "uv": [ 11.5, 0, 12, 0.5 ], "texture": "#texture" },
				"east": { "uv": [ 11.5, 0, 13.5, 0.5 ], "texture": "#texture" }
			}
		},
		{
			"__comment": "Box2",
			"from": [ 3, 13.5, 4.5 ],
			"to": [ 3.5, 14.5, 5.5 ],
			"faces": {
				"north": { "uv": [ 11, 1.5, 11.5, 2.5 ], "texture": "#texture" },
				"south": { "uv": [ 10.5, 1.5, 11, 2.5 ], "texture": "#texture" },
				"east": { "uv": [ 10.5, 1.5, 11.5, 2.5 ], "texture": "#texture" }
			}
		},
		{
			"__comment": "Box2",
			"from": [ 3, 13.5, 1.5 ],
			"to": [ 3.5, 14.5, 2.5 ],
			"faces": {
				"north": { "uv": [ 14, 1.5, 14.5, 2.5 ], "texture": "#texture" },
				"south": { "uv": [ 13.5, 1.5, 14, 2.5 ], "texture": "#texture" },
				"east": { "uv": [ 13.5, 1.5, 14.5, 2.5 ], "texture": "#texture" }
			}
		},
		{
			"__comment": "Box2",
			"from": [ 3, 4.5, 1 ],
			"to": [ 3.25, 6, 16 ],
			"faces": {
				"down": { "uv": [ 0, 11, 15, 11.5 ], "texture": "#texture", "rotation": 90 },
				"up": { "uv": [ 0, 10, 15, 10.5 ], "texture": "#texture", "rotation": 270 },
				"north": { "uv": [ 14.5, 10, 15, 11.5 ], "texture": "#texture", "rotation": 180 },
				"south": { "uv": [ 0, 10, 0.5, 11.5 ], "texture": "#texture", "rotation": 180 },
				"east": { "uv": [ 0, 11.5, 15, 10 ], "texture": "#texture" }
			}
		},
		{
			"__comment": "Box2",
			"from": [ 3, 6, 15 ],
			"to": [ 3.25, 6.5, 16 ],
			"faces": {
				"up": { "uv": [ 0, 10, 1, 9.5 ], "texture": "#texture", "rotation": 270 },
				"north": { "uv": [ 0.5, 9.5, 1, 10 ], "texture": "#texture", "rotation": 90 },
				"south": { "uv": [ 0, 10, 0.5, 9.5 ], "texture": "#texture" },
				"east": { "uv": [ 0, 10, 1, 9.5 ], "texture": "#texture" }
			}
		},
		{
			"__comment": "Box2",
			"from": [ 3, 4, 15 ],
			"to": [ 3.25, 4.5, 16 ],
			"faces": {
				"down": { "uv": [ 0, 12, 1, 11.5 ], "texture": "#texture", "rotation": 270 },
				"north": { "uv": [ 0.5, 11.5, 1, 12 ], "texture": "#texture", "rotation": 90 },
				"south": { "uv": [ 0, 11.5, 0.5, 12 ], "texture": "#texture" },
				"east": { "uv": [ 0, 12, 1, 11.5 ], "texture": "#texture" }
			}
		},
		{
			"__comment": "Box2",
			"from": [ 3, 5, 0.5 ],
			"to": [ 3.25, 5.5, 1 ],
			"faces": {
				"down": { "uv": [ 15, 10.5, 15.5, 11 ], "texture": "#texture", "rotation": 270 },
				"up": { "uv": [ 15, 10.5, 15.5, 11 ], "texture": "#texture", "rotation": 270 },
				"north": { "uv": [ 15, 10.5, 15.5, 11 ], "texture": "#texture", "rotation": 90 },
				"east": { "uv": [ 15, 11, 15.5, 10.5 ], "texture": "#texture" }
			}
		},
		{
			"__comment": "Box2",
			"from": [ 3, 15, 15 ],
			"to": [ 3.25, 15.5, 16 ],
			"faces": {
				"down": { "uv": [ 0, 1, 1, 0.5 ], "texture": "#texture", "rotation": 270 },
				"north": { "uv": [ 0.5, 0.5, 1, 1 ], "texture": "#texture", "rotation": 90 },
				"south": { "uv": [ 0, 0.5, 0.5, 1 ], "texture": "#texture" },
				"east": { "uv": [ 0, 1, 1, 0.5 ], "texture": "#texture" }
			}
		},
		{
			"__comment": "Box2",
			"from": [ 3, 15.5, 1 ],
			"to": [ 3.25, 16, 16 ],
			"faces": {
				"down": { "uv": [ 0, 0.5, 15, 0 ], "texture": "#texture", "rotation": 270 },
				"north": { "uv": [ 14.5, 0, 15, 0.5 ], "texture": "#texture", "rotation": 90 },
				"south": { "uv": [ 0, 0, 0.5, 0.5 ], "texture": "#texture" },
				"east": { "uv": [ 0, 0.5, 15, 0 ], "texture": "#texture" }
			}
		},
		{
			"__comment": "Box2",
			"from": [ -0.25, 15.5, 1 ],
			"to": [ 0, 16, 16 ],
			"faces": {
				"down": { "uv": [ 0, 0.5, 15, 0 ], "texture": "#texture", "rotation": 270 },
				"north": { "uv": [ 14.5, 0, 15, 0.5 ], "texture": "#texture", "rotation": 90 },
				"south": { "uv": [ 0, 0, 0.5, 0.5 ], "texture": "#texture" },
				"west": { "uv": [ 0, 0.5, 15, 0 ], "texture": "#texture", "rotation": 180 }
			}
		},
		{
			"__comment": "Box2",
			"from": [ -0.5, 12, 2.5 ],
			"to": [ 0, 12.5, 4.5 ],
			"faces": {
				"down": { "uv": [ 11.5, 3.5, 13.5, 4 ], "texture": "#texture", "rotation": 90 },
				"north": { "uv": [ 13, 3.5, 13.5, 4 ], "texture": "#texture" },
				"south": { "uv": [ 11.5, 3.5, 12, 4 ], "texture": "#texture" },
				"west": { "uv": [ 11.5, 3.5, 13.5, 4 ], "texture": "#texture", "rotation": 180 }
			}
		},
		{
			"__comment": "Box2",
			"from": [ -0.5, 12.5, 2 ],
			"to": [ 0, 13, 5 ],
			"faces": {
				"down": { "uv": [ 11, 3, 14, 3.5 ], "texture": "#texture", "rotation": 90 },
				"up": { "uv": [ 11, 3, 14, 3.5 ], "texture": "#texture", "rotation": 270 },
				"north": { "uv": [ 13.5, 3, 14, 3.5 ], "texture": "#texture" },
				"south": { "uv": [ 11, 3, 11.5, 3.5 ], "texture": "#texture" },
				"west": { "uv": [ 11, 3, 14, 3.5 ], "texture": "#texture", "rotation": 180 }
			}
		},
		{
			"__comment": "Box2",
			"from": [ -0.5, 13, 4 ],
			"to": [ 0, 13.5, 5.5 ],
			"faces": {
				"down": { "uv": [ 10.5, 2.5, 12, 3 ], "texture": "#texture", "rotation": 90 },
				"up": { "uv": [ 10.5, 2.5, 12, 3 ], "texture": "#texture", "rotation": 270 },
				"north": { "uv": [ 11.5, 2.5, 12, 3 ], "texture": "#texture" },
				"south": { "uv": [ 10.5, 2.5, 11, 3 ], "texture": "#texture" },
				"west": { "uv": [ 10.5, 2.5, 12, 3 ], "texture": "#texture", "rotation": 180 }
			}
		},
		{
			"__comment": "Box2",
			"from": [ -0.5, 13, 1.5 ],
			"to": [ 0, 13.5, 3 ],
			"faces": {
				"down": { "uv": [ 13, 2.5, 14.5, 3 ], "texture": "#texture", "rotation": 90 },
				"up": { "uv": [ 13, 2.5, 14.5, 3 ], "texture": "#texture", "rotation": 270 },
				"north": { "uv": [ 14, 2.5, 14.5, 3 ], "texture": "#texture" },
				"south": { "uv": [ 13, 2.5, 13.5, 3 ], "texture": "#texture" },
				"west": { "uv": [ 13, 2.5, 14.5, 3 ], "texture": "#texture", "rotation": 180 }
			}
		},
		{
			"__comment": "Box2",
			"from": [ -0.5, 14.5, 4 ],
			"to": [ 0, 15, 5.5 ],
			"faces": {
				"down": { "uv": [ 10.5, 1, 12, 1.5 ], "texture": "#texture", "rotation": 90 },
				"up": { "uv": [ 10.5, 1, 12, 1.5 ], "texture": "#texture", "rotation": 270 },
				"north": { "uv": [ 11.5, 1, 12, 1.5 ], "texture": "#texture" },
				"south": { "uv": [ 10.5, 1, 11, 1.5 ], "texture": "#texture" },
				"west": { "uv": [ 10.5, 1, 12, 1.5 ], "texture": "#texture", "rotation": 180 }
			}
		},
		{
			"__comment": "Box2",
			"from": [ -0.5, 14.5, 1.5 ],
			"to": [ 0, 15, 3 ],
			"faces": {
				"down": { "uv": [ 13, 1, 14.5, 1.5 ], "texture": "#texture", "rotation": 90 },
				"up": { "uv": [ 13, 1, 14.5, 1.5 ], "texture": "#texture", "rotation": 270 },
				"north": { "uv": [ 14, 1, 14.5, 1.5 ], "texture": "#texture" },
				"south": { "uv": [ 13, 1, 13.5, 1.5 ], "texture": "#texture" },
				"west": { "uv": [ 13, 1, 14.5, 1.5 ], "texture": "#texture", "rotation": 180 }
			}
		},
		{
			"__comment": "Box2",
			"from": [ -0.5, 15, 2 ],
			"to": [ 0, 15.5, 5 ],
			"faces": {
				"down": { "uv": [ 11, 0.5, 14, 1 ], "texture": "#texture", "rotation": 90 },
				"up": { "uv": [ 11, 0.5, 14, 1 ], "texture": "#texture", "rotation": 270 },
				"north": { "uv": [ 13.5, 0.5, 14, 1 ], "texture": "#texture" },
				"south": { "uv": [ 11, 0.5, 11.5, 1 ], "texture": "#texture" },
				"west": { "uv": [ 11, 0.5, 14, 1 ], "texture": "#texture", "rotation": 180 }
			}
		},
		{
			"__comment": "Box2",
			"from": [ -0.5, 15.5, 2.5 ],
			"to": [ 0, 16, 4.5 ],
			"faces": {
				"up": { "uv": [ 11.5, 0, 13.5, 0.5 ], "texture": "#texture", "rotation": 270 },
				"north": { "uv": [ 13, 0, 13.5, 0.5 ], "texture": "#texture" },
				"south": { "uv": [ 11.5, 0, 12, 0.5 ], "texture": "#texture" },
				"west": { "uv": [ 11.5, 0, 13.5, 0.5 ], "texture": "#texture", "rotation": 180 }
			}
		},
		{
			"__comment": "Box2",
			"from": [ -0.5, 13.5, 4.5 ],
			"to": [ 0, 14.5, 5.5 ],
			"faces": {
				"north": { "uv": [ 11, 1.5, 11.5, 2.5 ], "texture": "#texture" },
				"south": { "uv": [ 10.5, 1.5, 11, 2.5 ], "texture": "#texture" },
				"west": { "uv": [ 10.5, 1.5, 11.5, 2.5 ], "texture": "#texture", "rotation": 180 }
			}
		},
		{
			"__comment": "Box2",
			"from": [ -0.5, 13.5, 1.5 ],
			"to": [ 0, 14.5, 2.5 ],
			"faces": {
				"north": { "uv": [ 14, 1.5, 14.5, 2.5 ], "texture": "#texture" },
				"south": { "uv": [ 13.5, 1.5, 14, 2.5 ], "texture": "#texture" },
				"west": { "uv": [ 13.5, 1.5, 14.5, 2.5 ], "texture": "#texture", "rotation": 180 }
			}
		},
		{
			"__comment": "Box2",
			"from": [ -0.25, 4.5, 1 ],
			"to": [ 0, 6, 16 ],
			"faces": {
				"down": { "uv": [ 0, 11, 15, 11.5 ], "texture": "#texture", "rotation": 90 },
				"up": { "uv": [ 0, 10, 15, 10.5 ], "texture": "#texture", "rotation": 270 },
				"north": { "uv": [ 14.5, 10, 15, 11.5 ], "texture": "#texture", "rotation": 180 },
				"south": { "uv": [ 0, 10, 0.5, 11.5 ], "texture": "#texture", "rotation": 180 },
				"west": { "uv": [ 0, 11.5, 15, 10 ], "texture": "#texture", "rotation": 180 }
			}
		},
		{
			"__comment": "Box2",
			"from": [ -0.25, 6, 15 ],
			"to": [ 0, 6.5, 16 ],
			"faces": {
				"up": { "uv": [ 0, 10, 1, 9.5 ], "texture": "#texture", "rotation": 270 },
				"north": { "uv": [ 0.5, 9.5, 1, 10 ], "texture": "#texture", "rotation": 90 },
				"south": { "uv": [ 0, 10, 0.5, 9.5 ], "texture": "#texture" },
				"west": { "uv": [ 0, 10, 1, 9.5 ], "texture": "#texture", "rotation": 180 }
			}
		},
		{
			"__comment": "Box2",
			"from": [ -0.25, 4, 15 ],
			"to": [ 0, 4.5, 16 ],
			"faces": {
				"down": { "uv": [ 0, 12, 1, 11.5 ], "texture": "#texture", "rotation": 270 },
				"north": { "uv": [ 0.5, 11.5, 1, 12 ], "texture": "#texture", "rotation": 90 },
				"south": { "uv": [ 0, 11.5, 0.5, 12 ], "texture": "#texture" },
				"west": { "uv": [ 0, 12, 1, 11.5 ], "texture": "#texture", "rotation": 180 }
			}
		},
		{
			"__comment": "Box2",
			"from": [ -0.25, 5, 0.5 ],
			"to": [ 0, 5.5, 1 ],
			"faces": {
				"down": { "uv": [ 15, 10.5, 15.5, 11 ], "texture": "#texture", "rotation": 270 },
				"up": { "uv": [ 15, 10.5, 15.5, 11 ], "texture": "#texture", "rotation": 270 },
				"north": { "uv": [ 15, 10.5, 15.5, 11 ], "texture": "#texture", "rotation": 90 },
				"west": { "uv": [ 15, 11, 15.5, 10.5 ], "texture": "#texture" }
			}
		},
		{
			"__comment": "Box2",
			"from": [ -0.25, 15, 15 ],
			"to": [ 0, 15.5, 16 ],
			"faces": {
				"down": { "uv": [ 0, 1, 1, 0.5 ], "texture": "#texture", "rotation": 270 },
				"north": { "uv": [ 0.5, 0.5, 1, 1 ], "texture": "#texture", "rotation": 90 },
				"south": { "uv": [ 0, 0.5, 0.5, 1 ], "texture": "#texture" },
				"west": { "uv": [ 0, 1, 1, 0.5 ], "texture": "#texture", "rotation": 180 }
			}
		}
	]
}