{
	"__comment": "Designed by Kikipunk with Cubik Studio - https://cubik.studio, Pompier15 www.matrice-software.fr",
	"textures": {
		"particle": "block/spruce_door_top",
		"texture": "block/spruce_door_top",
		"texture1": "ctm/doors/spruce/front",
		"texture2": "ctm/doors/spruce/side"
	},
	"elements": [ 	 
		{
			"__comment": "Box1",
			"from": [ 0, 0, 0 ],
			"to": [ 3, 16, 16 ],
			"faces": {
				"up": { "uv": [ 0, 0, 16, 3 ], "texture": "#texture1", "rotation": 270 },
				"north": { "uv": [ 9, 0, 12, 16 ], "texture": "#texture2" },
				"south": { "uv": [ 8, 16, 5, 0 ], "texture": "#texture2" },
				"west": { "uv": [ 0, 0, 16, 16 ], "texture": "#texture" },
				"east": { "uv": [ 16, 0, 0, 16 ], "texture": "#texture" }
			}
		},
		{
			"__comment": "Box2",
			"from": [ -0.25, 10.5, 0 ],
			"to": [ 0, 12, 15 ],
			"faces": {
				"down": { "uv": [ 0, 5, 15, 5.5 ], "texture": "#texture", "rotation": 270 },
				"up": { "uv": [ 0, 4, 15, 4.5 ], "texture": "#texture", "rotation": 90 },
				"north": { "uv": [ 0, 4, 0.5, 5.5 ], "texture": "#texture", "rotation": 180 },
				"south": { "uv": [ 14.5, 4, 15, 5.5 ], "texture": "#texture", "rotation": 180 },
				"west": { "uv": [ 0, 5.5, 15, 4 ], "texture": "#texture" }
			}
		},
		{
			"__comment": "Box2",
			"from": [ -0.25, 12, 0 ],
			"to": [ 0, 12.5, 1 ],
			"faces": {
				"up": { "uv": [ 0, 4, 1, 3.5 ], "texture": "#texture", "rotation": 90 },
				"north": { "uv": [ 0, 4, 0.5, 3.5 ], "texture": "#texture" },
				"south": { "uv": [ 0.5, 3.5, 1, 4 ], "texture": "#texture", "rotation": 90 },
				"west": { "uv": [ 0, 4, 1, 3.5 ], "texture": "#texture" }
			}
		},
		{
			"__comment": "Box2",
			"from": [ -0.25, 10, 0 ],
			"to": [ 0, 10.5, 1 ],
			"faces": {
				"down": { "uv": [ 0, 6, 1, 5.5 ], "texture": "#texture", "rotation": 90 },
				"north": { "uv": [ 0, 5.5, 0.5, 6 ], "texture": "#texture" },
				"south": { "uv": [ 0.5, 5.5, 1, 6 ], "texture": "#texture", "rotation": 90 },
				"west": { "uv": [ 0, 6, 1, 5.5 ], "texture": "#texture" }
			}
		},
		{
			"__comment": "Box2",
			"from": [ -0.25, 11, 15 ],
			"to": [ 0, 11.5, 15.5 ],
			"faces": {
				"down": { "uv": [ 15, 4.5, 15.5, 5 ], "texture": "#texture", "rotation": 90 },
				"up": { "uv": [ 15, 4.5, 15.5, 5 ], "texture": "#texture", "rotation": 90 },
				"south": { "uv": [ 15, 4.5, 15.5, 5 ], "texture": "#texture", "rotation": 90 },
				"west": { "uv": [ 15, 5, 15.5, 4.5 ], "texture": "#texture" }
			}
		},
		{
			"__comment": "Box2",
			"from": [ 3, 10.5, 0 ],
			"to": [ 3.25, 12, 15 ],
			"faces": {
				"down": { "uv": [ 0, 5, 15, 5.5 ], "texture": "#texture", "rotation": 270 },
				"up": { "uv": [ 0, 4, 15, 4.5 ], "texture": "#texture", "rotation": 90 },
				"north": { "uv": [ 0, 4, 0.5, 5.5 ], "texture": "#texture", "rotation": 180 },
				"south": { "uv": [ 14.5, 4, 15, 5.5 ], "texture": "#texture", "rotation": 180 },
				"east": { "uv": [ 0, 5.5, 15, 4 ], "texture": "#texture", "rotation": 180 }
			}
		},
		{
			"__comment": "Box2",
			"from": [ 3, 12, 0 ],
			"to": [ 3.25, 12.5, 1 ],
			"faces": {
				"up": { "uv": [ 0, 4, 1, 3.5 ], "texture": "#texture", "rotation": 90 },
				"north": { "uv": [ 0, 4, 0.5, 3.5 ], "texture": "#texture" },
				"south": { "uv": [ 0.5, 3.5, 1, 4 ], "texture": "#texture", "rotation": 90 },
				"east": { "uv": [ 0, 4, 1, 3.5 ], "texture": "#texture", "rotation": 180 }
			}
		},
		{
			"__comment": "Box2",
			"from": [ 3, 10, 0 ],
			"to": [ 3.25, 10.5, 1 ],
			"faces": {
				"down": { "uv": [ 0, 6, 1, 5.5 ], "texture": "#texture", "rotation": 90 },
				"north": { "uv": [ 0, 5.5, 0.5, 6 ], "texture": "#texture" },
				"south": { "uv": [ 0.5, 5.5, 1, 6 ], "texture": "#texture", "rotation": 90 },
				"east": { "uv": [ 0, 6, 1, 5.5 ], "texture": "#texture", "rotation": 180 }
			}
		},
		{
			"__comment": "Box2",
			"from": [ 3, 11, 15 ],
			"to": [ 3.25, 11.5, 15.5 ],
			"faces": {
				"down": { "uv": [ 15, 4.5, 15.5, 5 ], "texture": "#texture", "rotation": 90 },
				"up": { "uv": [ 15, 4.5, 15.5, 5 ], "texture": "#texture", "rotation": 90 },
				"south": { "uv": [ 15, 4.5, 15.5, 5 ], "texture": "#texture", "rotation": 90 },
				"east": { "uv": [ 15, 5, 15.5, 4.5 ], "texture": "#texture" }
			}
		},
		{
			"__comment": "Box2",
			"from": [ 3, 0, 15 ],
			"to": [ 3.25, 0.5, 15.5 ],
			"faces": {
				"down": { "uv": [ 15, 15.5, 15.5, 16 ], "texture": "#texture", "rotation": 90 },
				"up": { "uv": [ 15, 15.5, 15.5, 16 ], "texture": "#texture", "rotation": 90 },
				"south": { "uv": [ 15, 15.5, 15.5, 16 ], "texture": "#texture", "rotation": 90 },
				"east": { "uv": [ 15, 16, 15.5, 15.5 ], "texture": "#texture" }
			}
		},
		{
			"__comment": "Box2",
			"from": [ 3, 1, 0 ],
			"to": [ 3.25, 1.5, 1 ],
			"faces": {
				"up": { "uv": [ 0, 15, 1, 14.5 ], "texture": "#texture", "rotation": 90 },
				"north": { "uv": [ 0, 15, 0.5, 14.5 ], "texture": "#texture" },
				"south": { "uv": [ 0.5, 14.5, 1, 15 ], "texture": "#texture", "rotation": 90 },
				"east": { "uv": [ 0, 15, 1, 14.5 ], "texture": "#texture", "rotation": 180 }
			}
		},
		{
			"__comment": "Box2",
			"from": [ 3, 0, 0 ],
			"to": [ 3.25, 1, 15 ],
			"faces": {
				"up": { "uv": [ 0, 15, 15, 15.5 ], "texture": "#texture", "rotation": 90 },
				"north": { "uv": [ 0, 15, 0.5, 16 ], "texture": "#texture", "rotation": 180 },
				"south": { "uv": [ 14.5, 15, 15, 16 ], "texture": "#texture", "rotation": 180 },
				"east": { "uv": [ 0, 16, 15, 15 ], "texture": "#texture", "rotation": 180 }
			}
		},
		{
			"__comment": "Box2",
			"from": [ -0.25, 0, 15 ],
			"to": [ 0, 0.5, 15.5 ],
			"faces": {
				"down": { "uv": [ 15, 15.5, 15.5, 16 ], "texture": "#texture", "rotation": 90 },
				"up": { "uv": [ 15, 15.5, 15.5, 16 ], "texture": "#texture", "rotation": 90 },
				"south": { "uv": [ 15, 15.5, 15.5, 16 ], "texture": "#texture", "rotation": 90 },
				"west": { "uv": [ 15, 16, 15.5, 15.5 ], "texture": "#texture" }
			}
		},
		{
			"__comment": "Box2",
			"from": [ -0.25, 1, 0 ],
			"to": [ 0, 1.5, 1 ],
			"faces": {
				"up": { "uv": [ 0, 15, 1, 14.5 ], "texture": "#texture", "rotation": 90 },
				"north": { "uv": [ 0, 15, 0.5, 14.5 ], "texture": "#texture" },
				"south": { "uv": [ 0.5, 14.5, 1, 15 ], "texture": "#texture", "rotation": 90 },
				"west": { "uv": [ 0, 15, 1, 14.5 ], "texture": "#texture" }
			}
		},
		{
			"__comment": "Box2",
			"from": [ -0.25, 0, 0 ],
			"to": [ 0, 1, 15 ],
			"faces": {
				"up": { "uv": [ 0, 15, 15, 15.5 ], "texture": "#texture", "rotation": 90 },
				"north": { "uv": [ 0, 15, 0.5, 16 ], "texture": "#texture", "rotation": 180 },
				"south": { "uv": [ 14.5, 15, 15, 16 ], "texture": "#texture", "rotation": 180 },
				"west": { "uv": [ 0, 16, 15, 15 ], "texture": "#texture" }
			}
		}
	]
}