{
	"credit": "Made with Blockbench, Pompier15 www.matrice-software.fr",
	"textures": {
		"particle": "block/acacia_trapdoor",
		"texture": "block/acacia_trapdoor",
		"texture1": "ctm/trapdoors/acacia/front"
	},
	"elements": [
		{
			"name": "Box7",
			"from": [0, 0, 0],
			"to": [16, 3, 3],
			"faces": {
				"north": {"uv": [0, 0, 16, 3], "texture": "#texture1"},
				"east": {"uv": [13, 0, 16, 3], "texture": "#texture1"},
				"south": {"uv": [0, 0, 16, 3], "texture": "#texture1"},
				"west": {"uv": [0, 0, 3, 3], "texture": "#texture1"},
				"up": {"uv": [0, 16, 16, 13], "texture": "#texture"},
				"down": {"uv": [0, 13, 16, 16], "texture": "#texture"}
			}
		},
		{
			"name": "Box7",
			"from": [0, 0, 13],
			"to": [16, 3, 16],
			"faces": {
				"north": {"uv": [0, 0, 16, 3], "texture": "#texture1"},
				"east": {"uv": [0, 0, 3, 3], "texture": "#texture1"},
				"south": {"uv": [0, 0, 16, 3], "texture": "#texture1"},
				"west": {"uv": [13, 0, 16, 3], "texture": "#texture1"},
				"up": {"uv": [0, 3, 16, 0], "texture": "#texture"},
				"down": {"uv": [0, 0, 16, 3], "texture": "#texture"}
			}
		},
		{
			"name": "Box7",
			"from": [0, 0, 3],
			"to": [2, 3, 13],
			"faces": {
				"north": {"uv": [14, 0, 16, 3], "texture": "#texture1"},
				"east": {"uv": [3, 0, 13, 3], "texture": "#texture1"},
				"south": {"uv": [0, 0, 2, 3], "texture": "#texture1"},
				"west": {"uv": [3, 0, 13, 3], "texture": "#texture1"},
				"up": {"uv": [0, 13, 2, 3], "texture": "#texture"},
				"down": {"uv": [0, 3, 2, 13], "texture": "#texture"}
			}
		},
		{
			"name": "Box7",
			"from": [14, 0, 3],
			"to": [16, 3, 13],
			"faces": {
				"north": {"uv": [0, 0, 2, 3], "texture": "#texture1"},
				"east": {"uv": [3, 0, 13, 3], "texture": "#texture1"},
				"south": {"uv": [14, 0, 16, 3], "texture": "#texture1"},
				"west": {"uv": [3, 0, 13, 3], "texture": "#texture1"},
				"up": {"uv": [14, 13, 16, 3], "texture": "#texture"},
				"down": {"uv": [14, 3, 16, 13], "texture": "#texture"}
			}
		},
		{
			"name": "Box7",
			"from": [4, 0, 3],
			"to": [7, 3, 13],
			"faces": {
				"north": {"uv": [9, 0, 12, 3], "texture": "#texture1"},
				"east": {"uv": [3, 0, 13, 3], "texture": "#texture1"},
				"south": {"uv": [4, 0, 7, 3], "texture": "#texture1"},
				"west": {"uv": [3, 0, 13, 3], "texture": "#texture1"},
				"up": {"uv": [4, 13, 7, 3], "texture": "#texture"},
				"down": {"uv": [4, 3, 7, 13], "texture": "#texture"}
			}
		},
		{
			"name": "Box7",
			"from": [9, 0, 3],
			"to": [12, 3, 13],
			"faces": {
				"north": {"uv": [4, 0, 7, 3], "texture": "#texture1"},
				"east": {"uv": [3, 0, 13, 3], "texture": "#texture1"},
				"south": {"uv": [9, 0, 12, 3], "texture": "#texture1"},
				"west": {"uv": [3, 0, 13, 3], "texture": "#texture1"},
				"up": {"uv": [9, 13, 12, 3], "texture": "#texture"},
				"down": {"uv": [9, 3, 12, 13], "texture": "#texture"}
			}
		},
		{
			"from": [6, 3, 1],
			"to": [10, 3.25, 2],
			"faces": {
				"north": {"uv": [6, 14.5, 10, 14.75], "texture": "#texture"},
				"east": {"uv": [9, 14, 10, 14.25], "texture": "#texture"},
				"south": {"uv": [6, 14.5, 10, 14.75], "texture": "#texture"},
				"west": {"uv": [6, 14, 7, 14.25], "texture": "#texture"},
				"up": {"uv": [6, 15, 10, 14], "texture": "#texture"},
				"down": {"uv": [0, 0, 4, 1], "texture": "#missing"}
			}
		},
		{
			"from": [6, -0.25, 1],
			"to": [10, 0, 2],
			"faces": {
				"north": {"uv": [6, 14.5, 10, 14.75], "texture": "#texture"},
				"east": {"uv": [9, 14, 10, 14.25], "texture": "#texture"},
				"south": {"uv": [6, 14.5, 10, 14.75], "texture": "#texture"},
				"west": {"uv": [6, 14, 7, 14.25], "texture": "#texture"},
				"up": {"uv": [6, 15, 10, 14], "texture": "#texture"},
				"down": {"uv": [6, 14, 10, 15], "texture": "#texture"}
			}
		}
	],
	"display": {
		"thirdperson_righthand": {
			"rotation": [75, 45, 0],
			"translation": [0, 2.5, 2],
			"scale": [0.375, 0.375, 0.375]
		},
		"thirdperson_lefthand": {
			"rotation": [75, 45, 0],
			"translation": [0, 2.5, 0],
			"scale": [0.375, 0.375, 0.375]
		},
		"firstperson_righthand": {
			"rotation": [0, 45, 0],
			"translation": [0, 4.2, 0],
			"scale": [0.4, 0.4, 0.4]
		},
		"firstperson_lefthand": {
			"rotation": [0, 225, 0],
			"translation": [0, 4.2, 0],
			"scale": [0.4, 0.4, 0.4]
		},
		"ground": {
			"translation": [0, 3, 0],
			"scale": [0.25, 0.25, 0.25]
		},
		"gui": {
			"rotation": [30, 225, 0],
			"scale": [0.625, 0.625, 0.625]
		},
		"fixed": {
			"scale": [0.5, 0.5, 0.5]
		}
	},
	"groups": [
		{
			"name": "group",
			"origin": [8, 8, 8],
			"color": 0,
			"children": [0, 1, 2, 3, 4, 5, 6, 7]
		}
	]
}