{
	"credit": "Made with Blockbench, Pompier15 www.matrice-software.fr",
	"textures": {
		"particle": "block/birch_trapdoor",
		"texture": "block/birch_trapdoor",
		"texture1": "ctm/trapdoors/birch/front"
	},
	"elements": [
		{
			"name": "Box1",
			"from": [0, 13.5, 0],
			"to": [16, 15.5, 16],
			"faces": {
				"north": {"uv": [0, 0.5, 16, 2.5], "texture": "#texture1"},
				"east": {"uv": [0, 0.5, 16, 2.5], "texture": "#texture1"},
				"south": {"uv": [0, 0.5, 16, 2.5], "texture": "#texture1"},
				"west": {"uv": [0, 0.5, 16, 2.5], "texture": "#texture1"},
				"up": {"uv": [0, 16, 16, 0], "texture": "#texture"},
				"down": {"uv": [0, 0, 16, 16], "texture": "#texture"}
			}
		},
		{
			"name": "Box2",
			"from": [0, 15.5, 3],
			"to": [3, 16, 13],
			"faces": {
				"north": {"uv": [13, 0, 16, 0.5], "texture": "#texture"},
				"east": {"uv": [3, 0, 13, 0.5], "texture": "#texture"},
				"south": {"uv": [0, 0, 3, 0.5], "texture": "#texture"},
				"west": {"uv": [3, 0, 13, 0.5], "texture": "#texture"},
				"up": {"uv": [0, 13, 3, 3], "texture": "#texture"},
				"down": {"uv": [0, 3, 3, 13], "texture": "#texture"}
			}
		},
		{
			"name": "Box2",
			"from": [13, 15.5, 3],
			"to": [16, 16, 13],
			"faces": {
				"north": {"uv": [0, 0, 3, 0.5], "texture": "#texture"},
				"east": {"uv": [3, 0, 13, 0.5], "texture": "#texture"},
				"south": {"uv": [13, 0, 16, 0.5], "texture": "#texture"},
				"west": {"uv": [3, 0, 13, 0.5], "texture": "#texture"},
				"up": {"uv": [13, 13, 16, 3], "texture": "#texture"},
				"down": {"uv": [13, 3, 16, 13], "texture": "#texture"}
			}
		},
		{
			"name": "Box2",
			"from": [0, 15.5, 0],
			"to": [16, 16, 3],
			"faces": {
				"north": {"uv": [0, 0, 16, 0.5], "texture": "#texture"},
				"east": {"uv": [13, 0, 16, 0.5], "texture": "#texture"},
				"south": {"uv": [0, 0, 16, 0.5], "texture": "#texture"},
				"west": {"uv": [0, 0, 3, 0.5], "texture": "#texture"},
				"up": {"uv": [0, 16, 16, 13], "texture": "#texture"},
				"down": {"uv": [0, 3, 16, 0], "texture": "#texture"}
			}
		},
		{
			"name": "Box2",
			"from": [0, 15.5, 13],
			"to": [16, 16, 16],
			"faces": {
				"north": {"uv": [0, 0, 16, 0.5], "texture": "#texture"},
				"east": {"uv": [0, 0, 3, 0.5], "texture": "#texture"},
				"south": {"uv": [0, 0, 16, 0.5], "texture": "#texture"},
				"west": {"uv": [13, 0, 16, 0.5], "texture": "#texture"},
				"up": {"uv": [0, 3, 16, 0], "texture": "#texture"},
				"down": {"uv": [0, 0, 16, 3], "texture": "#texture"}
			}
		},
		{
			"name": "Box2",
			"from": [0, 13, 3],
			"to": [3, 13.5, 13],
			"faces": {
				"north": {"uv": [13, 2.5, 16, 3], "texture": "#texture"},
				"east": {"uv": [0, 3, 0.5, 13], "texture": "#texture"},
				"south": {"uv": [0, 2.5, 3, 3], "texture": "#texture"},
				"west": {"uv": [3, 2.5, 13, 3], "texture": "#texture"},
				"up": {"uv": [0, 3, 3, 13], "texture": "#texture"},
				"down": {"uv": [0, 13, 3, 3], "texture": "#texture"}
			}
		},
		{
			"name": "Box2",
			"from": [13, 13, 3],
			"to": [16, 13.5, 13],
			"faces": {
				"north": {"uv": [0, 0, 3, 0.5], "texture": "#texture"},
				"east": {"uv": [3, 0, 13, 0.5], "texture": "#texture"},
				"south": {"uv": [13, 0, 16, 0.5], "texture": "#texture"},
				"west": {"uv": [3, 0, 13, 0.5], "texture": "#texture"},
				"up": {"uv": [13, 3, 16, 13], "texture": "#texture"},
				"down": {"uv": [13, 13, 16, 3], "texture": "#texture"}
			}
		},
		{
			"name": "Box2",
			"from": [0, 13, 0],
			"to": [16, 13.5, 3],
			"faces": {
				"north": {"uv": [0, 0, 16, 0.5], "texture": "#texture"},
				"east": {"uv": [13, 0, 16, 0.5], "texture": "#texture"},
				"south": {"uv": [0, 0, 16, 0.5], "texture": "#texture"},
				"west": {"uv": [0, 0, 3, 0.5], "texture": "#texture"},
				"up": {"uv": [0, 16, 16, 13], "texture": "#texture"},
				"down": {"uv": [0, 13, 16, 16], "texture": "#texture"}
			}
		},
		{
			"name": "Box2",
			"from": [0, 13, 13],
			"to": [16, 13.5, 16],
			"faces": {
				"north": {"uv": [0, 0, 16, 0.5], "texture": "#texture"},
				"east": {"uv": [0, 0, 3, 0.5], "texture": "#texture"},
				"south": {"uv": [0, 0, 16, 0.5], "texture": "#texture"},
				"west": {"uv": [13, 0, 16, 0.5], "texture": "#texture"},
				"up": {"uv": [0, 3, 16, 0], "texture": "#texture"},
				"down": {"uv": [0, 0, 16, 3], "texture": "#texture"}
			}
		},
		{
			"from": [6, 16, 1.5],
			"to": [10, 16.25, 2.5],
			"faces": {
				"north": {"uv": [6, 14, 10, 14.25], "texture": "#texture"},
				"east": {"uv": [9, 14, 10, 14.25], "texture": "#texture"},
				"south": {"uv": [6, 13.5, 10, 13.75], "texture": "#texture"},
				"west": {"uv": [6, 14, 7, 14.25], "texture": "#texture"},
				"up": {"uv": [6, 14.5, 10, 13.5], "texture": "#texture"},
				"down": {"uv": [0, 0, 4, 1], "texture": "#missing"}
			}
		},
		{
			"name": "Box2",
			"from": [5, 15.5, 3],
			"to": [11, 16, 4],
			"faces": {
				"north": {"uv": [5.5, 0, 10.5, 0.5], "texture": "#missing"},
				"east": {"uv": [12.5, 0, 13, 0.5], "texture": "#texture"},
				"south": {"uv": [5.5, 0, 10.5, 0.5], "texture": "#texture"},
				"west": {"uv": [3, 0, 3.5, 0.5], "texture": "#texture"},
				"up": {"uv": [5, 13, 11, 12], "texture": "#texture"},
				"down": {"uv": [5.5, 12.5, 10.5, 13], "texture": "#missing"}
			}
		},
		{
			"from": [6, 12.75, 1.5],
			"to": [10, 13, 2.5],
			"faces": {
				"north": {"uv": [6, 14, 10, 14.25], "texture": "#texture"},
				"east": {"uv": [9, 14, 10, 14.25], "texture": "#texture"},
				"south": {"uv": [6, 13.5, 10, 13.75], "texture": "#texture"},
				"west": {"uv": [6, 14, 7, 14.25], "texture": "#texture"},
				"up": {"uv": [6, 15, 10, 14], "texture": "#missing"},
				"down": {"uv": [6, 13.5, 10, 14.5], "texture": "#texture"}
			}
		},
		{
			"name": "Box3",
			"from": [5, 13, 3],
			"to": [11, 13.5, 4],
			"faces": {
				"north": {"uv": [5.5, 0, 10.5, 0.5], "texture": "#missing"},
				"east": {"uv": [12.5, 0, 13, 0.5], "texture": "#texture"},
				"south": {"uv": [5.5, 0, 10.5, 0.5], "texture": "#texture"},
				"west": {"uv": [3, 0, 3.5, 0.5], "texture": "#texture"},
				"up": {"uv": [5, 13, 11, 12], "texture": "#missing"},
				"down": {"uv": [5, 12, 11, 13], "texture": "#texture"}
			}
		}
	]
}