{
	"__comment": "Designed by MrCoq with Cubik Studio - https://cubik.studio",
	"textures": {
		"particle": "item/pistol/e_particle",
		"mesh_atlas": "item/pistol/mesh_atlas"
	},
	"elements": [
		{
			"__comment": "Voxels",
			"from": [ -15, 11, 7 ],
			"to": [ 25, 12, 11 ],
			"faces": {
				"down": { "uv": [ 0, 15.5, 5, 16 ], "texture": "#mesh_atlas" },
				"up": { "uv": [ 5, 16, 10, 15.5 ], "texture": "#mesh_atlas" },
				"north": { "uv": [ 16, 14.25, 11, 14.375 ], "texture": "#mesh_atlas" },
				"south": { "uv": [ 11, 14.125, 16, 14.25 ], "texture": "#mesh_atlas" },
				"west": { "uv": [ 4.375, 5.125, 4.875, 5.25 ], "texture": "#mesh_atlas" },
				"east": { "uv": [ 4.875, 6.625, 4.375, 6.75 ], "texture": "#mesh_atlas" }
			}
		},
		{
			"__comment": "Voxels",
			"from": [ -15, 12, 6 ],
			"to": [ 15, 14, 7 ],
			"faces": {
				"down": { "uv": [ 5.25, 14.375, 9, 14.5 ], "texture": "#mesh_atlas" },
				"up": { "uv": [ 6.25, 12.5, 10, 12.375 ], "texture": "#mesh_atlas" },
				"north": { "uv": [ 9, 14.75, 5.25, 15 ], "texture": "#mesh_atlas" },
				"south": { "uv": [ 5.25, 14.5, 9, 14.75 ], "texture": "#mesh_atlas" },
				"west": { "uv": [ 2.25, 7.875, 2.375, 8.125 ], "texture": "#mesh_atlas" },
				"east": { "uv": [ 2.25, 7.875, 2.125, 8.125 ], "texture": "#mesh_atlas" }
			}
		},
		{
			"__comment": "Voxels",
			"from": [ -15, 12, 7 ],
			"to": [ 6, 13, 12 ],
			"faces": {
				"down": { "uv": [ 0, 14.375, 2.625, 15 ], "texture": "#mesh_atlas" },
				"up": { "uv": [ 2.625, 15, 5.25, 14.375 ], "texture": "#mesh_atlas" },
				"north": { "uv": [ 16, 11.125, 13.375, 11.25 ], "texture": "#mesh_atlas" },
				"south": { "uv": [ 7.875, 11, 10.5, 11.125 ], "texture": "#mesh_atlas" },
				"west": { "uv": [ 2.375, 2.25, 3, 2.375 ], "texture": "#mesh_atlas" },
				"east": { "uv": [ 4.875, 2.375, 4.25, 2.5 ], "texture": "#mesh_atlas" }
			}
		},
		{
			"__comment": "Voxels",
			"from": [ -15, 13, 7 ],
			"to": [ 4, 16, 8 ],
			"faces": {
				"down": { "uv": [ 13.625, 12.25, 16, 12.375 ], "texture": "#mesh_atlas" },
				"up": { "uv": [ 2.375, 10.625, 4.75, 10.5 ], "texture": "#mesh_atlas" },
				"north": { "uv": [ 2.375, 14, 0, 14.375 ], "texture": "#mesh_atlas" },
				"south": { "uv": [ 2.375, 14, 4.75, 14.375 ], "texture": "#mesh_atlas" },
				"west": { "uv": [ 4, 0, 4.125, 0.375 ], "texture": "#mesh_atlas" },
				"east": { "uv": [ 4.25, 0.375, 4.125, 0.75 ], "texture": "#mesh_atlas" }
			}
		},
		{
			"__comment": "Voxels",
			"from": [ -15, 13, 9 ],
			"to": [ 4, 16, 11 ],
			"faces": {
				"down": { "uv": [ 9, 14.375, 11.375, 14.625 ], "texture": "#mesh_atlas" },
				"up": { "uv": [ 11.375, 14.625, 13.75, 14.375 ], "texture": "#mesh_atlas" },
				"north": { "uv": [ 11.375, 14.625, 9, 15 ], "texture": "#mesh_atlas" },
				"south": { "uv": [ 11.375, 14.625, 13.75, 15 ], "texture": "#mesh_atlas" },
				"west": { "uv": [ 0.75, 6.75, 1, 7.125 ], "texture": "#mesh_atlas" },
				"east": { "uv": [ 1, 5.75, 0.75, 6.125 ], "texture": "#mesh_atlas" }
			}
		},
		{
			"__comment": "Voxels",
			"from": [ -15, 13, 11 ],
			"to": [ 21, 14, 12 ],
			"faces": {
				"down": { "uv": [ 5.75, 13.375, 10.25, 13.5 ], "texture": "#mesh_atlas" },
				"up": { "uv": [ 5.5, 13.125, 10, 13 ], "texture": "#mesh_atlas" },
				"north": { "uv": [ 5.5, 13.25, 1, 13.375 ], "texture": "#mesh_atlas" },
				"south": { "uv": [ 5.5, 13.25, 10, 13.375 ], "texture": "#mesh_atlas" },
				"west": { "uv": [ 5.75, 10.625, 5.875, 10.75 ], "texture": "#mesh_atlas" },
				"east": { "uv": [ 5.75, 10.625, 5.625, 10.75 ], "texture": "#mesh_atlas" }
			}
		},
		{
			"__comment": "Voxels",
			"from": [ -15, 14, 8 ],
			"to": [ 23, 15, 9 ],
			"faces": {
				"down": { "uv": [ 1, 13.5, 5.75, 13.625 ], "texture": "#mesh_atlas" },
				"up": { "uv": [ 5.75, 13.625, 10.5, 13.5 ], "texture": "#mesh_atlas" },
				"north": { "uv": [ 15.25, 13.5, 10.5, 13.625 ], "texture": "#mesh_atlas" },
				"south": { "uv": [ 1, 13.375, 5.75, 13.5 ], "texture": "#mesh_atlas" },
				"west": { "uv": [ 5.125, 0.25, 5.25, 0.375 ], "texture": "#mesh_atlas" },
				"east": { "uv": [ 5.25, 0.375, 5.125, 0.5 ], "texture": "#mesh_atlas" }
			}
		},
		{
			"__comment": "Voxels",
			"from": [ -15, 15, 8 ],
			"to": [ 21, 16, 9 ],
			"faces": {
				"down": { "uv": [ 1, 13.125, 5.5, 13.25 ], "texture": "#mesh_atlas" },
				"up": { "uv": [ 5.5, 13.25, 10, 13.125 ], "texture": "#mesh_atlas" },
				"north": { "uv": [ 14.75, 13.375, 10.25, 13.5 ], "texture": "#mesh_atlas" },
				"south": { "uv": [ 10, 13.25, 14.5, 13.375 ], "texture": "#mesh_atlas" },
				"west": { "uv": [ 5.125, 2.5, 5.25, 2.625 ], "texture": "#mesh_atlas" },
				"east": { "uv": [ 5.25, 2.625, 5.125, 2.75 ], "texture": "#mesh_atlas" }
			}
		},
		{
			"__comment": "Voxels",
			"from": [ -14, 10, 7 ],
			"to": [ 26, 11, 11 ],
			"faces": {
				"down": { "uv": [ 10, 15.5, 15, 16 ], "texture": "#mesh_atlas" },
				"up": { "uv": [ 0, 15.5, 5, 15 ], "texture": "#mesh_atlas" },
				"north": { "uv": [ 16, 14, 11, 14.125 ], "texture": "#mesh_atlas" },
				"south": { "uv": [ 1, 13.875, 6, 14 ], "texture": "#mesh_atlas" },
				"west": { "uv": [ 3.75, 0.875, 4.25, 1 ], "texture": "#mesh_atlas" },
				"east": { "uv": [ 4.75, 1, 4.25, 1.125 ], "texture": "#mesh_atlas" }
			}
		},
		{
			"__comment": "Voxels",
			"from": [ -14, 11, 6 ],
			"to": [ 24, 12, 7 ],
			"faces": {
				"down": { "uv": [ 6, 13.875, 10.75, 14 ], "texture": "#mesh_atlas" },
				"up": { "uv": [ 10.75, 14, 15.5, 13.875 ], "texture": "#mesh_atlas" },
				"north": { "uv": [ 5.75, 13.75, 1, 13.875 ], "texture": "#mesh_atlas" },
				"south": { "uv": [ 10.5, 13.75, 15.25, 13.875 ], "texture": "#mesh_atlas" },
				"west": { "uv": [ 5.125, 3, 5.25, 3.125 ], "texture": "#mesh_atlas" },
				"east": { "uv": [ 5.25, 3.875, 5.125, 4 ], "texture": "#mesh_atlas" }
			}
		},
		{
			"__comment": "Voxels",
			"from": [ -14, 11, 11 ],
			"to": [ 24, 12, 12 ],
			"faces": {
				"down": { "uv": [ 1, 13.625, 5.75, 13.75 ], "texture": "#mesh_atlas" },
				"up": { "uv": [ 5.75, 13.75, 10.5, 13.625 ], "texture": "#mesh_atlas" },
				"north": { "uv": [ 10.5, 13.75, 5.75, 13.875 ], "texture": "#mesh_atlas" },
				"south": { "uv": [ 10.5, 13.625, 15.25, 13.75 ], "texture": "#mesh_atlas" },
				"west": { "uv": [ 5.125, 4.25, 5.25, 4.375 ], "texture": "#mesh_atlas" },
				"east": { "uv": [ 5.25, 4.375, 5.125, 4.5 ], "texture": "#mesh_atlas" }
			}
		},
		{
			"__comment": "Voxels",
			"from": [ -14, 13, 8 ],
			"to": [ 4, 14, 9 ],
			"faces": {
				"down": { "uv": [ 2.375, 9.375, 4.625, 9.5 ], "texture": "#mesh_atlas" },
				"up": { "uv": [ 2.375, 9.625, 4.625, 9.5 ], "texture": "#mesh_atlas" },
				"north": { "uv": [ 4.625, 9.625, 2.375, 9.75 ], "texture": "#mesh_atlas" },
				"south": { "uv": [ 2.375, 9.75, 4.625, 9.875 ], "texture": "#mesh_atlas" },
				"west": { "uv": [ 5.125, 5.75, 5.25, 5.875 ], "texture": "#mesh_atlas" },
				"east": { "uv": [ 5.25, 5.875, 5.125, 6 ], "texture": "#mesh_atlas" }
			}
		},
		{
			"__comment": "Voxels",
			"from": [ -10, 9, 7 ],
			"to": [ 27, 10, 10 ],
			"faces": {
				"down": { "uv": [ 9.625, 15.125, 14.25, 15.5 ], "texture": "#mesh_atlas" },
				"up": { "uv": [ 5, 15.5, 9.625, 15.125 ], "texture": "#mesh_atlas" },
				"north": { "uv": [ 14.25, 15, 9.625, 15.125 ], "texture": "#mesh_atlas" },
				"south": { "uv": [ 5, 15, 9.625, 15.125 ], "texture": "#mesh_atlas" },
				"west": { "uv": [ 2, 0.5, 2.375, 0.625 ], "texture": "#mesh_atlas" },
				"east": { "uv": [ 2.375, 0.375, 2, 0.5 ], "texture": "#mesh_atlas" }
			}
		},
		{
			"__comment": "Voxels",
			"from": [ -10, 9, 10 ],
			"to": [ 26, 10, 11 ],
			"faces": {
				"down": { "uv": [ 10, 13.125, 14.5, 13.25 ], "texture": "#mesh_atlas" },
				"up": { "uv": [ 1, 13, 5.5, 12.875 ], "texture": "#mesh_atlas" },
				"north": { "uv": [ 14.5, 13, 10, 13.125 ], "texture": "#mesh_atlas" },
				"south": { "uv": [ 1, 13, 5.5, 13.125 ], "texture": "#mesh_atlas" },
				"west": { "uv": [ 5.125, 6, 5.25, 6.125 ], "texture": "#mesh_atlas" },
				"east": { "uv": [ 5.25, 6.125, 5.125, 6.25 ], "texture": "#mesh_atlas" }
			}
		},
		{
			"__comment": "Voxels",
			"from": [ -10, 10, 6 ],
			"to": [ 25, 11, 7 ],
			"faces": {
				"down": { "uv": [ 1, 12.625, 5.375, 12.75 ], "texture": "#mesh_atlas" },
				"up": { "uv": [ 5.375, 12.75, 9.75, 12.625 ], "texture": "#mesh_atlas" },
				"north": { "uv": [ 14.125, 12.625, 9.75, 12.75 ], "texture": "#mesh_atlas" },
				"south": { "uv": [ 5.5, 12.875, 9.875, 13 ], "texture": "#mesh_atlas" },
				"west": { "uv": [ 5.125, 6.75, 5.25, 6.875 ], "texture": "#mesh_atlas" },
				"east": { "uv": [ 5.25, 6.875, 5.125, 7 ], "texture": "#mesh_atlas" }
			}
		},
		{
			"__comment": "Voxels",
			"from": [ -10, 10, 11 ],
			"to": [ 25, 11, 12 ],
			"faces": {
				"down": { "uv": [ 9.875, 12.875, 14.25, 13 ], "texture": "#mesh_atlas" },
				"up": { "uv": [ 1, 12.875, 5.375, 12.75 ], "texture": "#mesh_atlas" },
				"north": { "uv": [ 9.75, 12.75, 5.375, 12.875 ], "texture": "#mesh_atlas" },
				"south": { "uv": [ 9.75, 12.75, 14.125, 12.875 ], "texture": "#mesh_atlas" },
				"west": { "uv": [ 5.125, 7.5, 5.25, 7.625 ], "texture": "#mesh_atlas" },
				"east": { "uv": [ 5.25, 7.625, 5.125, 7.75 ], "texture": "#mesh_atlas" }
			}
		},
		{
			"__comment": "Voxels",
			"from": [ -10, 11, 5 ],
			"to": [ -5, 15, 6 ],
			"faces": {
				"down": { "uv": [ 3.625, 2.625, 4.25, 2.75 ], "texture": "#mesh_atlas" },
				"up": { "uv": [ 3, 2.75, 3.625, 2.625 ], "texture": "#mesh_atlas" },
				"north": { "uv": [ 0.625, 6.125, 0, 6.625 ], "texture": "#mesh_atlas" },
				"south": { "uv": [ 15.375, 15, 16, 15.5 ], "texture": "#mesh_atlas" },
				"west": { "uv": [ 2.5, 1.125, 2.625, 1.625 ], "texture": "#mesh_atlas" },
				"east": { "uv": [ 3.125, 0.375, 3, 0.875 ], "texture": "#mesh_atlas" }
			}
		},
		{
			"__comment": "Voxels",
			"from": [ -10, 11, 12 ],
			"to": [ -6, 15, 13 ],
			"faces": {
				"down": { "uv": [ 3.625, 1.375, 4.125, 1.5 ], "texture": "#mesh_atlas" },
				"up": { "uv": [ 4.125, 1.5, 4.625, 1.375 ], "texture": "#mesh_atlas" },
				"north": { "uv": [ 0.5, 4.125, 0, 4.625 ], "texture": "#mesh_atlas" },
				"south": { "uv": [ 0.5, 4.125, 1, 4.625 ], "texture": "#mesh_atlas" },
				"west": { "uv": [ 3.125, 0.75, 3.25, 1.25 ], "texture": "#mesh_atlas" },
				"east": { "uv": [ 3.25, 0.25, 3.125, 0.75 ], "texture": "#mesh_atlas" }
			}
		},
		{
			"__comment": "Voxels",
			"from": [ -10, 14, 6 ],
			"to": [ 21, 15, 7 ],
			"faces": {
				"down": { "uv": [ 2.375, 12.375, 6.25, 12.5 ], "texture": "#mesh_atlas" },
				"up": { "uv": [ 2.375, 12.625, 6.25, 12.5 ], "texture": "#mesh_atlas" },
				"north": { "uv": [ 10.125, 12.5, 6.25, 12.625 ], "texture": "#mesh_atlas" },
				"south": { "uv": [ 10.125, 12.5, 14, 12.625 ], "texture": "#mesh_atlas" },
				"west": { "uv": [ 5.125, 7.75, 5.25, 7.875 ], "texture": "#mesh_atlas" },
				"east": { "uv": [ 5.25, 7.875, 5.125, 8 ], "texture": "#mesh_atlas" }
			}
		},
		{
			"__comment": "Voxels",
			"from": [ -10, 14, 11 ],
			"to": [ 20, 15, 12 ],
			"faces": {
				"down": { "uv": [ 10, 12.375, 13.75, 12.5 ], "texture": "#mesh_atlas" },
				"up": { "uv": [ 9.875, 12.375, 13.625, 12.25 ], "texture": "#mesh_atlas" },
				"north": { "uv": [ 9.875, 12.25, 6.125, 12.375 ], "texture": "#mesh_atlas" },
				"south": { "uv": [ 2.375, 12.25, 6.125, 12.375 ], "texture": "#mesh_atlas" },
				"west": { "uv": [ 5.125, 8.25, 5.25, 8.375 ], "texture": "#mesh_atlas" },
				"east": { "uv": [ 5.25, 8.375, 5.125, 8.5 ], "texture": "#mesh_atlas" }
			}
		},
		{
			"__comment": "Voxels",
			"from": [ -10, 15, 6 ],
			"to": [ -5, 16, 7 ],
			"faces": {
				"down": { "uv": [ 4.25, 2.75, 4.875, 2.875 ], "texture": "#mesh_atlas" },
				"up": { "uv": [ 4.25, 3, 4.875, 2.875 ], "texture": "#mesh_atlas" },
				"north": { "uv": [ 4.5, 3, 3.875, 3.125 ], "texture": "#mesh_atlas" },
				"south": { "uv": [ 2.375, 1.625, 3, 1.75 ], "texture": "#mesh_atlas" },
				"west": { "uv": [ 5.125, 8.5, 5.25, 8.625 ], "texture": "#mesh_atlas" },
				"east": { "uv": [ 11.375, 10.625, 11.25, 10.75 ], "texture": "#mesh_atlas" }
			}
		},
		{
			"__comment": "Voxels",
			"from": [ -10, 15, 11 ],
			"to": [ -5, 16, 12 ],
			"faces": {
				"down": { "uv": [ 2.375, 1.75, 3, 1.875 ], "texture": "#mesh_atlas" },
				"up": { "uv": [ 4.25, 2, 4.875, 1.875 ], "texture": "#mesh_atlas" },
				"north": { "uv": [ 4.25, 1.875, 3.625, 2 ], "texture": "#mesh_atlas" },
				"south": { "uv": [ 3, 1.875, 3.625, 2 ], "texture": "#mesh_atlas" },
				"west": { "uv": [ 10.375, 10.625, 10.5, 10.75 ], "texture": "#mesh_atlas" },
				"east": { "uv": [ 10.375, 10.625, 10.25, 10.75 ], "texture": "#mesh_atlas" }
			}
		},
		{
			"__comment": "Voxels",
			"from": [ -9, 10, 5 ],
			"to": [ -5, 11, 6 ],
			"faces": {
				"down": { "uv": [ 4.375, 6.5, 4.875, 6.625 ], "texture": "#mesh_atlas" },
				"up": { "uv": [ 4.375, 6.5, 4.875, 6.375 ], "texture": "#mesh_atlas" },
				"north": { "uv": [ 2.875, 0.75, 2.375, 0.875 ], "texture": "#mesh_atlas" },
				"south": { "uv": [ 2.375, 0.625, 2.875, 0.75 ], "texture": "#mesh_atlas" },
				"west": { "uv": [ 10.125, 10.625, 10.25, 10.75 ], "texture": "#mesh_atlas" },
				"east": { "uv": [ 6.75, 10.625, 6.625, 10.75 ], "texture": "#mesh_atlas" }
			}
		},
		{
			"__comment": "Voxels",
			"from": [ -8, 9, 6 ],
			"to": [ -5, 10, 7 ],
			"faces": {
				"down": { "uv": [ 2, 0, 2.375, 0.125 ], "texture": "#mesh_atlas" },
				"up": { "uv": [ 15.625, 12, 16, 11.875 ], "texture": "#mesh_atlas" },
				"north": { "uv": [ 4.875, 9.25, 4.5, 9.375 ], "texture": "#mesh_atlas" },
				"south": { "uv": [ 4.5, 9.125, 4.875, 9.25 ], "texture": "#mesh_atlas" },
				"west": { "uv": [ 6.5, 10.625, 6.625, 10.75 ], "texture": "#mesh_atlas" },
				"east": { "uv": [ 6.25, 10.625, 6.125, 10.75 ], "texture": "#mesh_atlas" }
			}
		},
		{
			"__comment": "Voxels",
			"from": [ -8, 9, 11 ],
			"to": [ -5, 10, 12 ],
			"faces": {
				"down": { "uv": [ 4.5, 9, 4.875, 9.125 ], "texture": "#mesh_atlas" },
				"up": { "uv": [ 4.5, 9, 4.875, 8.875 ], "texture": "#mesh_atlas" },
				"north": { "uv": [ 4.875, 8.75, 4.5, 8.875 ], "texture": "#mesh_atlas" },
				"south": { "uv": [ 4.5, 8.625, 4.875, 8.75 ], "texture": "#mesh_atlas" },
				"west": { "uv": [ 6, 10.625, 6.125, 10.75 ], "texture": "#mesh_atlas" },
				"east": { "uv": [ 6, 10.625, 5.875, 10.75 ], "texture": "#mesh_atlas" }
			}
		},
		{
			"__comment": "Voxels",
			"from": [ -8, 16, 8 ],
			"to": [ -5, 17, 10 ],
			"faces": {
				"down": { "uv": [ 3.75, 4.5, 4.125, 4.75 ], "texture": "#mesh_atlas" },
				"up": { "uv": [ 3.75, 5, 4.125, 4.75 ], "texture": "#mesh_atlas" },
				"north": { "uv": [ 4.875, 8.5, 4.5, 8.625 ], "texture": "#mesh_atlas" },
				"south": { "uv": [ 4.5, 8.375, 4.875, 8.5 ], "texture": "#mesh_atlas" },
				"west": { "uv": [ 2.125, 8.625, 2.375, 8.75 ], "texture": "#mesh_atlas" },
				"east": { "uv": [ 4.875, 10, 4.625, 10.125 ], "texture": "#mesh_atlas" }
			}
		},
		{
			"__comment": "Voxels",
			"from": [ -6, 12, 12 ],
			"to": [ -5, 15, 13 ],
			"faces": {
				"down": { "uv": [ 5.125, 10.625, 5.25, 10.75 ], "texture": "#mesh_atlas" },
				"up": { "uv": [ 5, 0.375, 5.125, 0.25 ], "texture": "#mesh_atlas" },
				"north": { "uv": [ 4.375, 0, 4.25, 0.375 ], "texture": "#mesh_atlas" },
				"south": { "uv": [ 4.375, 0.375, 4.5, 0.75 ], "texture": "#mesh_atlas" },
				"west": { "uv": [ 4.5, 0.375, 4.625, 0.75 ], "texture": "#mesh_atlas" },
				"east": { "uv": [ 4.75, 0.375, 4.625, 0.75 ], "texture": "#mesh_atlas" }
			}
		},
		{
			"__comment": "Voxels",
			"from": [ -4, 13, 5 ],
			"to": [ 21, 14, 6 ],
			"faces": {
				"down": { "uv": [ 8.75, 12, 11.875, 12.125 ], "texture": "#mesh_atlas" },
				"up": { "uv": [ 4.75, 14.125, 7.875, 14 ], "texture": "#mesh_atlas" },
				"north": { "uv": [ 5.5, 11.875, 2.375, 12 ], "texture": "#mesh_atlas" },
				"south": { "uv": [ 11.875, 12, 15, 12.125 ], "texture": "#mesh_atlas" },
				"west": { "uv": [ 5, 0.375, 5.125, 0.5 ], "texture": "#mesh_atlas" },
				"east": { "uv": [ 5.125, 0.5, 5, 0.625 ], "texture": "#mesh_atlas" }
			}
		},
		{
			"__comment": "Voxels",
			"from": [ -2, 11, 5 ],
			"to": [ 23, 12, 6 ],
			"faces": {
				"down": { "uv": [ 8.75, 12.125, 11.875, 12.25 ], "texture": "#mesh_atlas" },
				"up": { "uv": [ 5.625, 12.125, 8.75, 12 ], "texture": "#mesh_atlas" },
				"north": { "uv": [ 8.75, 12.125, 5.625, 12.25 ], "texture": "#mesh_atlas" },
				"south": { "uv": [ 7.875, 14, 11, 14.125 ], "texture": "#mesh_atlas" },
				"west": { "uv": [ 5, 0.625, 5.125, 0.75 ], "texture": "#mesh_atlas" },
				"east": { "uv": [ 5.125, 1, 5, 1.125 ], "texture": "#mesh_atlas" }
			}
		},
		{
			"__comment": "Voxels",
			"from": [ -1, 11, 12 ],
			"to": [ 23, 12, 13 ],
			"faces": {
				"down": { "uv": [ 2.375, 11.75, 5.375, 11.875 ], "texture": "#mesh_atlas" },
				"up": { "uv": [ 11.625, 12, 14.625, 11.875 ], "texture": "#mesh_atlas" },
				"north": { "uv": [ 11.625, 11.875, 8.625, 12 ], "texture": "#mesh_atlas" },
				"south": { "uv": [ 5.375, 11.75, 8.375, 11.875 ], "texture": "#mesh_atlas" },
				"west": { "uv": [ 5, 1.125, 5.125, 1.25 ], "texture": "#mesh_atlas" },
				"east": { "uv": [ 5.125, 1.25, 5, 1.375 ], "texture": "#mesh_atlas" }
			}
		},
		{
			"__comment": "Voxels",
			"from": [ -1, 12, 5 ],
			"to": [ 22, 13, 6 ],
			"faces": {
				"down": { "uv": [ 11, 11.5, 13.875, 11.625 ], "texture": "#mesh_atlas" },
				"up": { "uv": [ 2.375, 11.5, 5.25, 11.375 ], "texture": "#mesh_atlas" },
				"north": { "uv": [ 8.125, 11.375, 5.25, 11.5 ], "texture": "#mesh_atlas" },
				"south": { "uv": [ 8.125, 11.375, 11, 11.5 ], "texture": "#mesh_atlas" },
				"west": { "uv": [ 5, 1.375, 5.125, 1.5 ], "texture": "#mesh_atlas" },
				"east": { "uv": [ 5.125, 1.5, 5, 1.625 ], "texture": "#mesh_atlas" }
			}
		},
		{
			"__comment": "Voxels",
			"from": [ -1, 12, 12 ],
			"to": [ 22, 13, 13 ],
			"faces": {
				"down": { "uv": [ 11, 11.375, 13.875, 11.5 ], "texture": "#mesh_atlas" },
				"up": { "uv": [ 2.375, 11.375, 5.25, 11.25 ], "texture": "#mesh_atlas" },
				"north": { "uv": [ 8.125, 11.25, 5.25, 11.375 ], "texture": "#mesh_atlas" },
				"south": { "uv": [ 8.125, 11.5, 11, 11.625 ], "texture": "#mesh_atlas" },
				"west": { "uv": [ 5, 1.625, 5.125, 1.75 ], "texture": "#mesh_atlas" },
				"east": { "uv": [ 5.125, 1.75, 5, 1.875 ], "texture": "#mesh_atlas" }
			}
		},
		{
			"__comment": "Voxels",
			"from": [ -1, 13, 12 ],
			"to": [ 21, 14, 13 ],
			"faces": {
				"down": { "uv": [ 10.625, 11.125, 13.375, 11.25 ], "texture": "#mesh_atlas" },
				"up": { "uv": [ 8.125, 11.375, 10.875, 11.25 ], "texture": "#mesh_atlas" },
				"north": { "uv": [ 7.875, 11.125, 5.125, 11.25 ], "texture": "#mesh_atlas" },
				"south": { "uv": [ 5.125, 11, 7.875, 11.125 ], "texture": "#mesh_atlas" },
				"west": { "uv": [ 5, 1.875, 5.125, 2 ], "texture": "#mesh_atlas" },
				"east": { "uv": [ 5.125, 2, 5, 2.125 ], "texture": "#mesh_atlas" }
			}
		},
		{
			"__comment": "Voxels",
			"from": [ 0, 10, 5 ],
			"to": [ 23, 11, 6 ],
			"faces": {
				"down": { "uv": [ 8.375, 11.75, 11.25, 11.875 ], "texture": "#mesh_atlas" },
				"up": { "uv": [ 11.25, 11.875, 14.125, 11.75 ], "texture": "#mesh_atlas" },
				"north": { "uv": [ 5.25, 11.625, 2.375, 11.75 ], "texture": "#mesh_atlas" },
				"south": { "uv": [ 5.25, 11.625, 8.125, 11.75 ], "texture": "#mesh_atlas" },
				"west": { "uv": [ 5, 2.125, 5.125, 2.25 ], "texture": "#mesh_atlas" },
				"east": { "uv": [ 5.125, 2.25, 5, 2.375 ], "texture": "#mesh_atlas" }
			}
		},
		{
			"__comment": "Voxels",
			"from": [ 3, 8, 8 ],
			"to": [ 28, 9, 10 ],
			"faces": {
				"down": { "uv": [ 4.75, 14.125, 7.875, 14.375 ], "texture": "#mesh_atlas" },
				"up": { "uv": [ 7.875, 14.375, 11, 14.125 ], "texture": "#mesh_atlas" },
				"north": { "uv": [ 8.625, 11.875, 5.5, 12 ], "texture": "#mesh_atlas" },
				"south": { "uv": [ 11.875, 12.125, 15, 12.25 ], "texture": "#mesh_atlas" },
				"west": { "uv": [ 8, 10.75, 8.25, 10.875 ], "texture": "#mesh_atlas" },
				"east": { "uv": [ 8, 10.75, 7.75, 10.875 ], "texture": "#mesh_atlas" }
			}
		},
		{
			"__comment": "Voxels",
			"from": [ 3, 9, 6 ],
			"to": [ 26, 10, 7 ],
			"faces": {
				"down": { "uv": [ 8.125, 11.625, 11, 11.75 ], "texture": "#mesh_atlas" },
				"up": { "uv": [ 11, 11.75, 13.875, 11.625 ], "texture": "#mesh_atlas" },
				"north": { "uv": [ 5.25, 11.5, 2.375, 11.625 ], "texture": "#mesh_atlas" },
				"south": { "uv": [ 5.25, 11.5, 8.125, 11.625 ], "texture": "#mesh_atlas" },
				"west": { "uv": [ 5, 2.375, 5.125, 2.5 ], "texture": "#mesh_atlas" },
				"east": { "uv": [ 5.125, 2.5, 5, 2.625 ], "texture": "#mesh_atlas" }
			}
		},
		{
			"__comment": "Voxels",
			"from": [ 3, 9, 11 ],
			"to": [ 25, 10, 12 ],
			"faces": {
				"down": { "uv": [ 10.875, 11.25, 13.625, 11.375 ], "texture": "#mesh_atlas" },
				"up": { "uv": [ 2.375, 11.25, 5.125, 11.125 ], "texture": "#mesh_atlas" },
				"north": { "uv": [ 10.625, 11.125, 7.875, 11.25 ], "texture": "#mesh_atlas" },
				"south": { "uv": [ 2.375, 11, 5.125, 11.125 ], "texture": "#mesh_atlas" },
				"west": { "uv": [ 5, 2.625, 5.125, 2.75 ], "texture": "#mesh_atlas" },
				"east": { "uv": [ 5.125, 2.75, 5, 2.875 ], "texture": "#mesh_atlas" }
			}
		},
		{
			"__comment": "Voxels",
			"from": [ 3, 10, 12 ],
			"to": [ 23, 11, 13 ],
			"faces": {
				"down": { "uv": [ 2.375, 10.75, 4.875, 10.875 ], "texture": "#mesh_atlas" },
				"up": { "uv": [ 2.375, 11, 4.875, 10.875 ], "texture": "#mesh_atlas" },
				"north": { "uv": [ 15.5, 11, 13, 11.125 ], "texture": "#mesh_atlas" },
				"south": { "uv": [ 10.5, 11, 13, 11.125 ], "texture": "#mesh_atlas" },
				"west": { "uv": [ 5, 2.875, 5.125, 3 ], "texture": "#mesh_atlas" },
				"east": { "uv": [ 5.125, 3, 5, 3.125 ], "texture": "#mesh_atlas" }
			}
		},
		{
			"__comment": "Voxels",
			"from": [ 3, 12, 4 ],
			"to": [ 8, 13, 5 ],
			"faces": {
				"down": { "uv": [ 3.625, 2.25, 4.25, 2.375 ], "texture": "#mesh_atlas" },
				"up": { "uv": [ 3, 2.375, 3.625, 2.25 ], "texture": "#mesh_atlas" },
				"north": { "uv": [ 3, 2.625, 2.375, 2.75 ], "texture": "#mesh_atlas" },
				"south": { "uv": [ 4.25, 2, 4.875, 2.125 ], "texture": "#mesh_atlas" },
				"west": { "uv": [ 5, 3.125, 5.125, 3.25 ], "texture": "#mesh_atlas" },
				"east": { "uv": [ 5.125, 3.25, 5, 3.375 ], "texture": "#mesh_atlas" }
			}
		},
		{
			"__comment": "Voxels",
			"from": [ 3, 12, 13 ],
			"to": [ 6, 13, 14 ],
			"faces": {
				"down": { "uv": [ 4.5, 8.25, 4.875, 8.375 ], "texture": "#mesh_atlas" },
				"up": { "uv": [ 4.5, 8.25, 4.875, 8.125 ], "texture": "#mesh_atlas" },
				"north": { "uv": [ 4.875, 8, 4.5, 8.125 ], "texture": "#mesh_atlas" },
				"south": { "uv": [ 4.5, 7.875, 4.875, 8 ], "texture": "#mesh_atlas" },
				"west": { "uv": [ 5, 3.375, 5.125, 3.5 ], "texture": "#mesh_atlas" },
				"east": { "uv": [ 5.125, 3.5, 5, 3.625 ], "texture": "#mesh_atlas" }
			}
		},
		{
			"__comment": "Voxels",
			"from": [ 4, 13, 4 ],
			"to": [ 8, 14, 5 ],
			"faces": {
				"down": { "uv": [ 4.25, 0.875, 4.75, 1 ], "texture": "#mesh_atlas" },
				"up": { "uv": [ 4.375, 6.875, 4.875, 6.75 ], "texture": "#mesh_atlas" },
				"north": { "uv": [ 4.125, 1.75, 3.625, 1.875 ], "texture": "#mesh_atlas" },
				"south": { "uv": [ 3.625, 1.625, 4.125, 1.75 ], "texture": "#mesh_atlas" },
				"west": { "uv": [ 5, 3.625, 5.125, 3.75 ], "texture": "#mesh_atlas" },
				"east": { "uv": [ 5.125, 3.75, 5, 3.875 ], "texture": "#mesh_atlas" }
			}
		},
		{
			"__comment": "Voxels",
			"from": [ 4, 13, 13 ],
			"to": [ 5, 14, 14 ],
			"faces": {
				"down": { "uv": [ 5, 3.875, 5.125, 4 ], "texture": "#mesh_atlas" },
				"up": { "uv": [ 5, 4.125, 5.125, 4 ], "texture": "#mesh_atlas" },
				"north": { "uv": [ 5.125, 4.125, 5, 4.25 ], "texture": "#mesh_atlas" },
				"south": { "uv": [ 5, 4.5, 5.125, 4.625 ], "texture": "#mesh_atlas" },
				"west": { "uv": [ 5, 4.625, 5.125, 4.75 ], "texture": "#mesh_atlas" },
				"east": { "uv": [ 5.125, 4.75, 5, 4.875 ], "texture": "#mesh_atlas" }
			}
		},
		{
			"__comment": "Voxels",
			"from": [ 4, 14, 7 ],
			"to": [ 22, 15, 8 ],
			"faces": {
				"down": { "uv": [ 2.375, 9.875, 4.625, 10 ], "texture": "#mesh_atlas" },
				"up": { "uv": [ 2.375, 10.125, 4.625, 10 ], "texture": "#mesh_atlas" },
				"north": { "uv": [ 4.625, 10.125, 2.375, 10.25 ], "texture": "#mesh_atlas" },
				"south": { "uv": [ 13.75, 12.375, 16, 12.5 ], "texture": "#mesh_atlas" },
				"west": { "uv": [ 8, 10.625, 8.125, 10.75 ], "texture": "#mesh_atlas" },
				"east": { "uv": [ 5.125, 4.875, 5, 5 ], "texture": "#mesh_atlas" }
			}
		},
		{
			"__comment": "Voxels",
			"from": [ 4, 14, 9 ],
			"to": [ 23, 15, 10 ],
			"faces": {
				"down": { "uv": [ 2.375, 10.375, 4.75, 10.5 ], "texture": "#mesh_atlas" },
				"up": { "uv": [ 2.375, 10.75, 4.75, 10.625 ], "texture": "#mesh_atlas" },
				"north": { "uv": [ 4.75, 10.25, 2.375, 10.375 ], "texture": "#mesh_atlas" },
				"south": { "uv": [ 13.625, 11.25, 16, 11.375 ], "texture": "#mesh_atlas" },
				"west": { "uv": [ 5, 5.125, 5.125, 5.25 ], "texture": "#mesh_atlas" },
				"east": { "uv": [ 5.125, 5.25, 5, 5.375 ], "texture": "#mesh_atlas" }
			}
		},
		{
			"__comment": "Voxels",
			"from": [ 4, 14, 10 ],
			"to": [ 21, 15, 11 ],
			"faces": {
				"down": { "uv": [ 2.375, 7.75, 4.5, 7.875 ], "texture": "#mesh_atlas" },
				"up": { "uv": [ 13.875, 11.5, 16, 11.375 ], "texture": "#mesh_atlas" },
				"north": { "uv": [ 4.5, 9.25, 2.375, 9.375 ], "texture": "#mesh_atlas" },
				"south": { "uv": [ 2.375, 9.125, 4.5, 9.25 ], "texture": "#mesh_atlas" },
				"west": { "uv": [ 5, 5.375, 5.125, 5.5 ], "texture": "#mesh_atlas" },
				"east": { "uv": [ 5.125, 5.5, 5, 5.625 ], "texture": "#mesh_atlas" }
			}
		},
		{
			"__comment": "Voxels",
			"from": [ 4, 15, 6 ],
			"to": [ 17, 16, 8 ],
			"faces": {
				"down": { "uv": [ 2.375, 12, 4, 12.25 ], "texture": "#mesh_atlas" },
				"up": { "uv": [ 4, 12.25, 5.625, 12 ], "texture": "#mesh_atlas" },
				"north": { "uv": [ 4, 6.125, 2.375, 6.25 ], "texture": "#mesh_atlas" },
				"south": { "uv": [ 2.375, 6, 4, 6.125 ], "texture": "#mesh_atlas" },
				"west": { "uv": [ 2.125, 3.5, 2.375, 3.625 ], "texture": "#mesh_atlas" },
				"east": { "uv": [ 2.375, 6.125, 2.125, 6.25 ], "texture": "#mesh_atlas" }
			}
		},
		{
			"__comment": "Voxels",
			"from": [ 4, 15, 9 ],
			"to": [ 21, 16, 10 ],
			"faces": {
				"down": { "uv": [ 2.375, 8.625, 4.5, 8.75 ], "texture": "#mesh_atlas" },
				"up": { "uv": [ 2.375, 8.875, 4.5, 8.75 ], "texture": "#mesh_atlas" },
				"north": { "uv": [ 4.5, 8.5, 2.375, 8.625 ], "texture": "#mesh_atlas" },
				"south": { "uv": [ 2.375, 8, 4.5, 8.125 ], "texture": "#mesh_atlas" },
				"west": { "uv": [ 5, 5.875, 5.125, 6 ], "texture": "#mesh_atlas" },
				"east": { "uv": [ 5.125, 6, 5, 6.125 ], "texture": "#mesh_atlas" }
			}
		},
		{
			"__comment": "Voxels",
			"from": [ 4, 15, 10 ],
			"to": [ 20, 16, 11 ],
			"faces": {
				"down": { "uv": [ 2.375, 6.375, 4.375, 6.5 ], "texture": "#mesh_atlas" },
				"up": { "uv": [ 2.375, 6.625, 4.375, 6.5 ], "texture": "#mesh_atlas" },
				"north": { "uv": [ 4.375, 6.625, 2.375, 6.75 ], "texture": "#mesh_atlas" },
				"south": { "uv": [ 2.375, 6.75, 4.375, 6.875 ], "texture": "#mesh_atlas" },
				"west": { "uv": [ 5, 6.125, 5.125, 6.25 ], "texture": "#mesh_atlas" },
				"east": { "uv": [ 5.125, 6.25, 5, 6.375 ], "texture": "#mesh_atlas" }
			}
		},
		{
			"__comment": "Voxels",
			"from": [ 4, 15, 11 ],
			"to": [ 16, 16, 12 ],
			"faces": {
				"down": { "uv": [ 14.5, 13.25, 16, 13.375 ], "texture": "#mesh_atlas" },
				"up": { "uv": [ 2.375, 5.625, 3.875, 5.5 ], "texture": "#mesh_atlas" },
				"north": { "uv": [ 16, 13.125, 14.5, 13.25 ], "texture": "#mesh_atlas" },
				"south": { "uv": [ 14.5, 13, 16, 13.125 ], "texture": "#mesh_atlas" },
				"west": { "uv": [ 5, 6.375, 5.125, 6.5 ], "texture": "#mesh_atlas" },
				"east": { "uv": [ 5.125, 6.5, 5, 6.625 ], "texture": "#mesh_atlas" }
			}
		},
		{
			"__comment": "Voxels",
			"from": [ 4, 16, 3 ],
			"to": [ 7, 19, 4 ],
			"faces": {
				"down": { "uv": [ 4.5, 7.75, 4.875, 7.875 ], "texture": "#mesh_atlas" },
				"up": { "uv": [ 4.5, 3.125, 4.875, 3 ], "texture": "#mesh_atlas" },
				"north": { "uv": [ 1.875, 5.75, 1.5, 6.125 ], "texture": "#mesh_atlas" },
				"south": { "uv": [ 1.875, 5.75, 2.25, 6.125 ], "texture": "#mesh_atlas" },
				"west": { "uv": [ 4.75, 0.375, 4.875, 0.75 ], "texture": "#mesh_atlas" },
				"east": { "uv": [ 4.5, 0, 4.375, 0.375 ], "texture": "#mesh_atlas" }
			}
		},
		{
			"__comment": "Voxels",
			"from": [ 5, 11, 13 ],
			"to": [ 6, 12, 14 ],
			"faces": {
				"down": { "uv": [ 5, 6.625, 5.125, 6.75 ], "texture": "#mesh_atlas" },
				"up": { "uv": [ 5, 6.875, 5.125, 6.75 ], "texture": "#mesh_atlas" },
				"north": { "uv": [ 5.125, 7.125, 5, 7.25 ], "texture": "#mesh_atlas" },
				"south": { "uv": [ 5, 7.25, 5.125, 7.375 ], "texture": "#mesh_atlas" },
				"west": { "uv": [ 5, 7.375, 5.125, 7.5 ], "texture": "#mesh_atlas" },
				"east": { "uv": [ 5.125, 7.5, 5, 7.625 ], "texture": "#mesh_atlas" }
			}
		},
		{
			"__comment": "Voxels",
			"from": [ 5, 14, 3 ],
			"to": [ 8, 15, 5 ],
			"faces": {
				"down": { "uv": [ 4.25, 3.625, 4.625, 3.875 ], "texture": "#mesh_atlas" },
				"up": { "uv": [ 3.125, 3.5, 3.5, 3.25 ], "texture": "#mesh_atlas" },
				"north": { "uv": [ 4.875, 0.25, 4.5, 0.375 ], "texture": "#mesh_atlas" },
				"south": { "uv": [ 4.5, 0.125, 4.875, 0.25 ], "texture": "#mesh_atlas" },
				"west": { "uv": [ 13.5, 10.75, 13.75, 10.875 ], "texture": "#mesh_atlas" },
				"east": { "uv": [ 13.5, 10.75, 13.25, 10.875 ], "texture": "#mesh_atlas" }
			}
		},
		{
			"__comment": "Voxels",
			"from": [ 5, 15, 3 ],
			"to": [ 7, 16, 6 ],
			"faces": {
				"down": { "uv": [ 0.75, 9.5, 1, 9.875 ], "texture": "#mesh_atlas" },
				"up": { "uv": [ 0.75, 10.875, 1, 10.5 ], "texture": "#mesh_atlas" },
				"north": { "uv": [ 13.25, 10.75, 13, 10.875 ], "texture": "#mesh_atlas" },
				"south": { "uv": [ 12.75, 10.75, 13, 10.875 ], "texture": "#mesh_atlas" },
				"west": { "uv": [ 4.5, 0, 4.875, 0.125 ], "texture": "#mesh_atlas" },
				"east": { "uv": [ 5.375, 10.875, 5, 11 ], "texture": "#mesh_atlas" }
			}
		},
		{
			"__comment": "Voxels",
			"from": [ 5, 16, 4 ],
			"to": [ 8, 20, 5 ],
			"faces": {
				"down": { "uv": [ 5.375, 10.875, 5.75, 11 ], "texture": "#mesh_atlas" },
				"up": { "uv": [ 5.75, 11, 6.125, 10.875 ], "texture": "#mesh_atlas" },
				"north": { "uv": [ 0.375, 0.125, 0, 0.625 ], "texture": "#mesh_atlas" },
				"south": { "uv": [ 0.625, 6.125, 1, 6.625 ], "texture": "#mesh_atlas" },
				"west": { "uv": [ 2.75, 1.125, 2.875, 1.625 ], "texture": "#mesh_atlas" },
				"east": { "uv": [ 2.75, 1.125, 2.625, 1.625 ], "texture": "#mesh_atlas" }
			}
		},
		{
			"__comment": "Voxels",
			"from": [ 5, 16, 5 ],
			"to": [ 8, 17, 6 ],
			"faces": {
				"down": { "uv": [ 7.625, 10.875, 8, 11 ], "texture": "#mesh_atlas" },
				"up": { "uv": [ 8, 11, 8.375, 10.875 ], "texture": "#mesh_atlas" },
				"north": { "uv": [ 8.75, 10.875, 8.375, 11 ], "texture": "#mesh_atlas" },
				"south": { "uv": [ 8.75, 10.875, 9.125, 11 ], "texture": "#mesh_atlas" },
				"west": { "uv": [ 5, 8.125, 5.125, 8.25 ], "texture": "#mesh_atlas" },
				"east": { "uv": [ 5.125, 8.25, 5, 8.375 ], "texture": "#mesh_atlas" }
			}
		},
		{
			"__comment": "Voxels",
			"from": [ 5, 16, 7 ],
			"to": [ 16, 17, 10 ],
			"faces": {
				"down": { "uv": [ 1, 11.875, 2.375, 12.25 ], "texture": "#mesh_atlas" },
				"up": { "uv": [ 1, 12.625, 2.375, 12.25 ], "texture": "#mesh_atlas" },
				"north": { "uv": [ 2.375, 5, 1, 5.125 ], "texture": "#mesh_atlas" },
				"south": { "uv": [ 1, 5.375, 2.375, 5.5 ], "texture": "#mesh_atlas" },
				"west": { "uv": [ 9.125, 10.875, 9.5, 11 ], "texture": "#mesh_atlas" },
				"east": { "uv": [ 9.875, 10.875, 9.5, 11 ], "texture": "#mesh_atlas" }
			}
		},
		{
			"__comment": "Voxels",
			"from": [ 5, 16, 10 ],
			"to": [ 15, 17, 11 ],
			"faces": {
				"down": { "uv": [ 1, 3.75, 2.25, 3.875 ], "texture": "#mesh_atlas" },
				"up": { "uv": [ 1, 5, 2.25, 4.875 ], "texture": "#mesh_atlas" },
				"north": { "uv": [ 2.25, 3.625, 1, 3.75 ], "texture": "#mesh_atlas" },
				"south": { "uv": [ 1, 4, 2.25, 4.125 ], "texture": "#mesh_atlas" },
				"west": { "uv": [ 5, 8.375, 5.125, 8.5 ], "texture": "#mesh_atlas" },
				"east": { "uv": [ 5.125, 8.5, 5, 8.625 ], "texture": "#mesh_atlas" }
			}
		},
		{
			"__comment": "Voxels",
			"from": [ 5, 17, 2 ],
			"to": [ 6, 19, 3 ],
			"faces": {
				"down": { "uv": [ 5, 8.625, 5.125, 8.75 ], "texture": "#mesh_atlas" },
				"up": { "uv": [ 5, 8.875, 5.125, 8.75 ], "texture": "#mesh_atlas" },
				"north": { "uv": [ 5, 1.25, 4.875, 1.5 ], "texture": "#mesh_atlas" },
				"south": { "uv": [ 4.875, 1.5, 5, 1.75 ], "texture": "#mesh_atlas" },
				"west": { "uv": [ 4.875, 2.5, 5, 2.75 ], "texture": "#mesh_atlas" },
				"east": { "uv": [ 5, 2.75, 4.875, 3 ], "texture": "#mesh_atlas" }
			}
		},
		{
			"__comment": "Voxels",
			"from": [ 5, 17, 5 ],
			"to": [ 7, 20, 6 ],
			"faces": {
				"down": { "uv": [ 9.75, 10.75, 10, 10.875 ], "texture": "#mesh_atlas" },
				"up": { "uv": [ 9.5, 10.875, 9.75, 10.75 ], "texture": "#mesh_atlas" },
				"north": { "uv": [ 1, 11.375, 0.75, 11.75 ], "texture": "#mesh_atlas" },
				"south": { "uv": [ 0.75, 8.875, 1, 9.25 ], "texture": "#mesh_atlas" },
				"west": { "uv": [ 4.875, 9.875, 5, 10.25 ], "texture": "#mesh_atlas" },
				"east": { "uv": [ 5, 9.5, 4.875, 9.875 ], "texture": "#mesh_atlas" }
			}
		},
		{
			"__comment": "Voxels",
			"from": [ 5, 19, 3 ],
			"to": [ 8, 20, 4 ],
			"faces": {
				"down": { "uv": [ 10.625, 10.875, 11, 11 ], "texture": "#mesh_atlas" },
				"up": { "uv": [ 11, 11, 11.375, 10.875 ], "texture": "#mesh_atlas" },
				"north": { "uv": [ 11.75, 10.875, 11.375, 11 ], "texture": "#mesh_atlas" },
				"south": { "uv": [ 11.75, 10.875, 12.125, 11 ], "texture": "#mesh_atlas" },
				"west": { "uv": [ 5, 9.625, 5.125, 9.75 ], "texture": "#mesh_atlas" },
				"east": { "uv": [ 5.125, 9.75, 5, 9.875 ], "texture": "#mesh_atlas" }
			}
		},
		{
			"__comment": "Voxels",
			"from": [ 6, 12, 11 ],
			"to": [ 23, 13, 12 ],
			"faces": {
				"down": { "uv": [ 2.375, 8.875, 4.5, 9 ], "texture": "#mesh_atlas" },
				"up": { "uv": [ 2.375, 8.5, 4.5, 8.375 ], "texture": "#mesh_atlas" },
				"north": { "uv": [ 4.5, 8.25, 2.375, 8.375 ], "texture": "#mesh_atlas" },
				"south": { "uv": [ 2.375, 8.125, 4.5, 8.25 ], "texture": "#mesh_atlas" },
				"west": { "uv": [ 5, 9.875, 5.125, 10 ], "texture": "#mesh_atlas" },
				"east": { "uv": [ 5.125, 10, 5, 10.125 ], "texture": "#mesh_atlas" }
			}
		},
		{
			"__comment": "Voxels",
			"from": [ 6, 13, 3 ],
			"to": [ 7, 14, 4 ],
			"faces": {
				"down": { "uv": [ 15.5, 10.75, 15.625, 10.875 ], "texture": "#mesh_atlas" },
				"up": { "uv": [ 15.375, 10.875, 15.5, 10.75 ], "texture": "#mesh_atlas" },
				"north": { "uv": [ 15.375, 10.75, 15.25, 10.875 ], "texture": "#mesh_atlas" },
				"south": { "uv": [ 2.25, 4.125, 2.375, 4.25 ], "texture": "#mesh_atlas" },
				"west": { "uv": [ 15.125, 10.75, 15.25, 10.875 ], "texture": "#mesh_atlas" },
				"east": { "uv": [ 14.875, 10.75, 14.75, 10.875 ], "texture": "#mesh_atlas" }
			}
		},
		{
			"__comment": "Voxels",
			"from": [ 6, 14, 5 ],
			"to": [ 8, 15, 6 ],
			"faces": {
				"down": { "uv": [ 4.625, 1.5, 4.875, 1.625 ], "texture": "#mesh_atlas" },
				"up": { "uv": [ 4.625, 1.75, 4.875, 1.625 ], "texture": "#mesh_atlas" },
				"north": { "uv": [ 4.875, 1.75, 4.625, 1.875 ], "texture": "#mesh_atlas" },
				"south": { "uv": [ 2.75, 1, 3, 1.125 ], "texture": "#mesh_atlas" },
				"west": { "uv": [ 14.375, 10.75, 14.5, 10.875 ], "texture": "#mesh_atlas" },
				"east": { "uv": [ 14.375, 10.75, 14.25, 10.875 ], "texture": "#mesh_atlas" }
			}
		},
		{
			"__comment": "Voxels",
			"from": [ 6, 20, 3 ],
			"to": [ 7, 21, 6 ],
			"faces": {
				"down": { "uv": [ 4.875, 8.375, 5, 8.75 ], "texture": "#mesh_atlas" },
				"up": { "uv": [ 4.875, 8.375, 5, 8 ], "texture": "#mesh_atlas" },
				"north": { "uv": [ 14.25, 10.75, 14.125, 10.875 ], "texture": "#mesh_atlas" },
				"south": { "uv": [ 13.75, 10.75, 13.875, 10.875 ], "texture": "#mesh_atlas" },
				"west": { "uv": [ 12.875, 10.875, 13.25, 11 ], "texture": "#mesh_atlas" },
				"east": { "uv": [ 13.625, 10.875, 13.25, 11 ], "texture": "#mesh_atlas" }
			}
		},
		{
			"__comment": "Voxels",
			"from": [ 7, 15, 4 ],
			"to": [ 8, 16, 6 ],
			"faces": {
				"down": { "uv": [ 4.75, 3.25, 4.875, 3.5 ], "texture": "#mesh_atlas" },
				"up": { "uv": [ 4.625, 3.5, 4.75, 3.25 ], "texture": "#mesh_atlas" },
				"north": { "uv": [ 16, 10.875, 15.875, 11 ], "texture": "#mesh_atlas" },
				"south": { "uv": [ 2.875, 0.625, 3, 0.75 ], "texture": "#mesh_atlas" },
				"west": { "uv": [ 2.125, 2.875, 2.375, 3 ], "texture": "#mesh_atlas" },
				"east": { "uv": [ 2.375, 3, 2.125, 3.125 ], "texture": "#mesh_atlas" }
			}
		},
		{
			"__comment": "Voxels",
			"from": [ 7, 18, 5 ],
			"to": [ 8, 21, 6 ],
			"faces": {
				"down": { "uv": [ 2.875, 0.75, 3, 0.875 ], "texture": "#mesh_atlas" },
				"up": { "uv": [ 2.625, 1.125, 2.75, 1 ], "texture": "#mesh_atlas" },
				"north": { "uv": [ 5, 7.625, 4.875, 8 ], "texture": "#mesh_atlas" },
				"south": { "uv": [ 4.875, 7.25, 5, 7.625 ], "texture": "#mesh_atlas" },
				"west": { "uv": [ 4.875, 6.875, 5, 7.25 ], "texture": "#mesh_atlas" },
				"east": { "uv": [ 5, 6.5, 4.875, 6.875 ], "texture": "#mesh_atlas" }
			}
		},
		{
			"__comment": "Voxels",
			"from": [ 7, 20, 4 ],
			"to": [ 8, 21, 5 ],
			"faces": {
				"down": { "uv": [ 2.5, 1, 2.625, 1.125 ], "texture": "#mesh_atlas" },
				"up": { "uv": [ 4.75, 10.625, 4.875, 10.5 ], "texture": "#mesh_atlas" },
				"north": { "uv": [ 4.875, 10.625, 4.75, 10.75 ], "texture": "#mesh_atlas" },
				"south": { "uv": [ 15.875, 11.75, 16, 11.875 ], "texture": "#mesh_atlas" },
				"west": { "uv": [ 2.25, 3.625, 2.375, 3.75 ], "texture": "#mesh_atlas" },
				"east": { "uv": [ 2.375, 4, 2.25, 4.125 ], "texture": "#mesh_atlas" }
			}
		},
		{
			"__comment": "Voxels",
			"from": [ 9, 5, 8 ],
			"to": [ 19, 6, 10 ],
			"faces": {
				"down": { "uv": [ 1, 10.625, 2.25, 10.875 ], "texture": "#mesh_atlas" },
				"up": { "uv": [ 1, 11.125, 2.25, 10.875 ], "texture": "#mesh_atlas" },
				"north": { "uv": [ 2.25, 4.75, 1, 4.875 ], "texture": "#mesh_atlas" },
				"south": { "uv": [ 14.75, 13.375, 16, 13.5 ], "texture": "#mesh_atlas" },
				"west": { "uv": [ 2.125, 7.375, 2.375, 7.5 ], "texture": "#mesh_atlas" },
				"east": { "uv": [ 2.375, 7.5, 2.125, 7.625 ], "texture": "#mesh_atlas" }
			}
		},
		{
			"__comment": "Voxels",
			"from": [ 9, 6, 8 ],
			"to": [ 12, 7, 10 ],
			"faces": {
				"down": { "uv": [ 2.75, 3.25, 3.125, 3.5 ], "texture": "#mesh_atlas" },
				"up": { "uv": [ 2.375, 3.5, 2.75, 3.25 ], "texture": "#mesh_atlas" },
				"north": { "uv": [ 14.75, 10.875, 14.375, 11 ], "texture": "#mesh_atlas" },
				"south": { "uv": [ 14.75, 10.875, 15.125, 11 ], "texture": "#mesh_atlas" },
				"west": { "uv": [ 2.125, 7.625, 2.375, 7.75 ], "texture": "#mesh_atlas" },
				"east": { "uv": [ 2.375, 7.75, 2.125, 7.875 ], "texture": "#mesh_atlas" }
			}
		},
		{
			"__comment": "Voxels",
			"from": [ 9, 7, 8 ],
			"to": [ 11, 8, 10 ],
			"faces": {
				"down": { "uv": [ 0.75, 5.5, 1, 5.75 ], "texture": "#mesh_atlas" },
				"up": { "uv": [ 0.75, 5.375, 1, 5.125 ], "texture": "#mesh_atlas" },
				"north": { "uv": [ 2.375, 8.125, 2.125, 8.25 ], "texture": "#mesh_atlas" },
				"south": { "uv": [ 2.125, 8.25, 2.375, 8.375 ], "texture": "#mesh_atlas" },
				"west": { "uv": [ 2.125, 8.375, 2.375, 8.5 ], "texture": "#mesh_atlas" },
				"east": { "uv": [ 2.375, 8.5, 2.125, 8.625 ], "texture": "#mesh_atlas" }
			}
		},
		{
			"__comment": "Voxels",
			"from": [ 9, 17, 4 ],
			"to": [ 19, 19, 5 ],
			"faces": {
				"down": { "uv": [ 1, 4.375, 2.25, 4.5 ], "texture": "#mesh_atlas" },
				"up": { "uv": [ 1, 4.25, 2.25, 4.125 ], "texture": "#mesh_atlas" },
				"north": { "uv": [ 2.25, 10.125, 1, 10.375 ], "texture": "#mesh_atlas" },
				"south": { "uv": [ 1, 10.375, 2.25, 10.625 ], "texture": "#mesh_atlas" },
				"west": { "uv": [ 0.875, 1.125, 1, 1.375 ], "texture": "#mesh_atlas" },
				"east": { "uv": [ 1, 1.375, 0.875, 1.625 ], "texture": "#mesh_atlas" }
			}
		},
		{
			"__comment": "Voxels",
			"from": [ 10, 4, 8 ],
			"to": [ 18, 5, 10 ],
			"faces": {
				"down": { "uv": [ 0, 3.625, 1, 3.875 ], "texture": "#mesh_atlas" },
				"up": { "uv": [ 0, 3.625, 1, 3.375 ], "texture": "#mesh_atlas" },
				"north": { "uv": [ 3.375, 5.25, 2.375, 5.375 ], "texture": "#mesh_atlas" },
				"south": { "uv": [ 3.375, 5.25, 4.375, 5.375 ], "texture": "#mesh_atlas" },
				"west": { "uv": [ 0.75, 6.625, 1, 6.75 ], "texture": "#mesh_atlas" },
				"east": { "uv": [ 16, 14.375, 15.75, 14.5 ], "texture": "#mesh_atlas" }
			}
		},
		{
			"__comment": "Voxels",
			"from": [ 10, 8, 7 ],
			"to": [ 27, 9, 8 ],
			"faces": {
				"down": { "uv": [ 13.875, 11.625, 16, 11.75 ], "texture": "#mesh_atlas" },
				"up": { "uv": [ 13.875, 11.625, 16, 11.5 ], "texture": "#mesh_atlas" },
				"north": { "uv": [ 4.5, 9, 2.375, 9.125 ], "texture": "#mesh_atlas" },
				"south": { "uv": [ 2.375, 7.875, 4.5, 8 ], "texture": "#mesh_atlas" },
				"west": { "uv": [ 10.875, 10.625, 11, 10.75 ], "texture": "#mesh_atlas" },
				"east": { "uv": [ 10.875, 10.625, 10.75, 10.75 ], "texture": "#mesh_atlas" }
			}
		},
		{
			"__comment": "Voxels",
			"from": [ 10, 16, 4 ],
			"to": [ 11, 17, 5 ],
			"faces": {
				"down": { "uv": [ 8.875, 10.625, 9, 10.75 ], "texture": "#mesh_atlas" },
				"up": { "uv": [ 8.75, 10.75, 8.875, 10.625 ], "texture": "#mesh_atlas" },
				"north": { "uv": [ 7, 10.625, 6.875, 10.75 ], "texture": "#mesh_atlas" },
				"south": { "uv": [ 6.75, 10.625, 6.875, 10.75 ], "texture": "#mesh_atlas" },
				"west": { "uv": [ 5.125, 1.25, 5.25, 1.375 ], "texture": "#mesh_atlas" },
				"east": { "uv": [ 5.25, 1.375, 5.125, 1.5 ], "texture": "#mesh_atlas" }
			}
		},
		{
			"__comment": "Voxels",
			"from": [ 10, 19, 4 ],
			"to": [ 15, 20, 5 ],
			"faces": {
				"down": { "uv": [ 3, 2.125, 3.625, 2.25 ], "texture": "#mesh_atlas" },
				"up": { "uv": [ 2.375, 2, 3, 1.875 ], "texture": "#mesh_atlas" },
				"north": { "uv": [ 3, 2.125, 2.375, 2.25 ], "texture": "#mesh_atlas" },
				"south": { "uv": [ 4.25, 2.25, 4.875, 2.375 ], "texture": "#mesh_atlas" },
				"west": { "uv": [ 5.125, 1.5, 5.25, 1.625 ], "texture": "#mesh_atlas" },
				"east": { "uv": [ 5.25, 1.625, 5.125, 1.75 ], "texture": "#mesh_atlas" }
			}
		},
		{
			"__comment": "Voxels",
			"from": [ 11, 3, 8 ],
			"to": [ 15, 4, 10 ],
			"faces": {
				"down": { "uv": [ 0.375, 0, 0.875, 0.25 ], "texture": "#mesh_atlas" },
				"up": { "uv": [ 1.75, 6.875, 2.25, 6.625 ], "texture": "#mesh_atlas" },
				"north": { "uv": [ 3.625, 1.75, 3.125, 1.875 ], "texture": "#mesh_atlas" },
				"south": { "uv": [ 2.5, 0, 3, 0.125 ], "texture": "#mesh_atlas" },
				"west": { "uv": [ 4.625, 5, 4.875, 5.125 ], "texture": "#mesh_atlas" },
				"east": { "uv": [ 4.875, 9.375, 4.625, 9.5 ], "texture": "#mesh_atlas" }
			}
		},
		{
			"__comment": "Voxels",
			"from": [ 11, 8, 10 ],
			"to": [ 27, 9, 11 ],
			"faces": {
				"down": { "uv": [ 14, 12.5, 16, 12.625 ], "texture": "#mesh_atlas" },
				"up": { "uv": [ 2.375, 7.25, 4.375, 7.125 ], "texture": "#mesh_atlas" },
				"north": { "uv": [ 4.375, 7.25, 2.375, 7.375 ], "texture": "#mesh_atlas" },
				"south": { "uv": [ 2.375, 7.375, 4.375, 7.5 ], "texture": "#mesh_atlas" },
				"west": { "uv": [ 5.125, 7, 5.25, 7.125 ], "texture": "#mesh_atlas" },
				"east": { "uv": [ 5.25, 7.125, 5.125, 7.25 ], "texture": "#mesh_atlas" }
			}
		},
		{
			"__comment": "Voxels",
			"from": [ 11, 11, 4 ],
			"to": [ 17, 13, 5 ],
			"faces": {
				"down": { "uv": [ 3.5, 3.25, 4.25, 3.375 ], "texture": "#mesh_atlas" },
				"up": { "uv": [ 3.5, 3.5, 4.25, 3.375 ], "texture": "#mesh_atlas" },
				"north": { "uv": [ 1.75, 6.625, 1, 6.875 ], "texture": "#mesh_atlas" },
				"south": { "uv": [ 1, 6.125, 1.75, 6.375 ], "texture": "#mesh_atlas" },
				"west": { "uv": [ 4.75, 3.625, 4.875, 3.875 ], "texture": "#mesh_atlas" },
				"east": { "uv": [ 2.375, 6.375, 2.25, 6.625 ], "texture": "#mesh_atlas" }
			}
		},
		{
			"__comment": "Voxels",
			"from": [ 11, 13, 3 ],
			"to": [ 14, 14, 5 ],
			"faces": {
				"down": { "uv": [ 3.75, 4.25, 4.125, 4.5 ], "texture": "#mesh_atlas" },
				"up": { "uv": [ 2.375, 4.25, 2.75, 4 ], "texture": "#mesh_atlas" },
				"north": { "uv": [ 15.5, 10.875, 15.125, 11 ], "texture": "#mesh_atlas" },
				"south": { "uv": [ 15.5, 10.875, 15.875, 11 ], "texture": "#mesh_atlas" },
				"west": { "uv": [ 2.125, 7.125, 2.375, 7.25 ], "texture": "#mesh_atlas" },
				"east": { "uv": [ 2.375, 7.25, 2.125, 7.375 ], "texture": "#mesh_atlas" }
			}
		},
		{
			"__comment": "Voxels",
			"from": [ 11, 14, 4 ],
			"to": [ 15, 15, 5 ],
			"faces": {
				"down": { "uv": [ 4.375, 7.5, 4.875, 7.625 ], "texture": "#mesh_atlas" },
				"up": { "uv": [ 3.75, 0.875, 4.25, 0.75 ], "texture": "#mesh_atlas" },
				"north": { "uv": [ 4.75, 1.125, 4.25, 1.25 ], "texture": "#mesh_atlas" },
				"south": { "uv": [ 3.25, 0.625, 3.75, 0.75 ], "texture": "#mesh_atlas" },
				"west": { "uv": [ 5, 0, 5.125, 0.125 ], "texture": "#mesh_atlas" },
				"east": { "uv": [ 5.125, 0.125, 5, 0.25 ], "texture": "#mesh_atlas" }
			}
		},
		{
			"__comment": "Voxels",
			"from": [ 11, 14, 5 ],
			"to": [ 14, 15, 6 ],
			"faces": {
				"down": { "uv": [ 0, 0, 0.375, 0.125 ], "texture": "#mesh_atlas" },
				"up": { "uv": [ 2, 2.25, 2.375, 2.125 ], "texture": "#mesh_atlas" },
				"north": { "uv": [ 2.375, 2, 2, 2.125 ], "texture": "#mesh_atlas" },
				"south": { "uv": [ 2, 1.875, 2.375, 2 ], "texture": "#mesh_atlas" },
				"west": { "uv": [ 5.125, 2.75, 5.25, 2.875 ], "texture": "#mesh_atlas" },
				"east": { "uv": [ 5.25, 2.875, 5.125, 3 ], "texture": "#mesh_atlas" }
			}
		},
		{
			"__comment": "Voxels",
			"from": [ 11, 18, 3 ],
			"to": [ 15, 19, 4 ],
			"faces": {
				"down": { "uv": [ 4.375, 6.875, 4.875, 7 ], "texture": "#mesh_atlas" },
				"up": { "uv": [ 4.375, 7.25, 4.875, 7.125 ], "texture": "#mesh_atlas" },
				"north": { "uv": [ 4.625, 1.5, 4.125, 1.625 ], "texture": "#mesh_atlas" },
				"south": { "uv": [ 3.125, 1.375, 3.625, 1.5 ], "texture": "#mesh_atlas" },
				"west": { "uv": [ 5.125, 9.125, 5.25, 9.25 ], "texture": "#mesh_atlas" },
				"east": { "uv": [ 5.25, 10, 5.125, 10.125 ], "texture": "#mesh_atlas" }
			}
		},
		{
			"__comment": "Voxels",
			"from": [ 11, 19, 3 ],
			"to": [ 14, 20, 4 ],
			"faces": {
				"down": { "uv": [ 2, 1.75, 2.375, 1.875 ], "texture": "#mesh_atlas" },
				"up": { "uv": [ 2, 1.75, 2.375, 1.625 ], "texture": "#mesh_atlas" },
				"north": { "uv": [ 2.375, 1.5, 2, 1.625 ], "texture": "#mesh_atlas" },
				"south": { "uv": [ 2, 1.375, 2.375, 1.5 ], "texture": "#mesh_atlas" },
				"west": { "uv": [ 5.125, 10.5, 5.25, 10.625 ], "texture": "#mesh_atlas" },
				"east": { "uv": [ 5.25, 10.125, 5.125, 10.25 ], "texture": "#mesh_atlas" }
			}
		},
		{
			"__comment": "Voxels",
			"from": [ 11, 20, 4 ],
			"to": [ 14, 22, 5 ],
			"faces": {
				"down": { "uv": [ 2, 1.25, 2.375, 1.375 ], "texture": "#mesh_atlas" },
				"up": { "uv": [ 2, 1.25, 2.375, 1.125 ], "texture": "#mesh_atlas" },
				"north": { "uv": [ 3.875, 4, 3.5, 4.25 ], "texture": "#mesh_atlas" },
				"south": { "uv": [ 2.375, 3.625, 2.75, 3.875 ], "texture": "#mesh_atlas" },
				"west": { "uv": [ 4.875, 4.5, 5, 4.75 ], "texture": "#mesh_atlas" },
				"east": { "uv": [ 5, 4.25, 4.875, 4.5 ], "texture": "#mesh_atlas" }
			}
		},
		{
			"__comment": "Voxels",
			"from": [ 12, 10, 4 ],
			"to": [ 16, 11, 5 ],
			"faces": {
				"down": { "uv": [ 15.5, 11, 16, 11.125 ], "texture": "#mesh_atlas" },
				"up": { "uv": [ 15.5, 14, 16, 13.875 ], "texture": "#mesh_atlas" },
				"north": { "uv": [ 4.25, 1.125, 3.75, 1.25 ], "texture": "#mesh_atlas" },
				"south": { "uv": [ 3.25, 1.125, 3.75, 1.25 ], "texture": "#mesh_atlas" },
				"west": { "uv": [ 5.125, 3.75, 5.25, 3.875 ], "texture": "#mesh_atlas" },
				"east": { "uv": [ 5.25, 3.125, 5.125, 3.25 ], "texture": "#mesh_atlas" }
			}
		},
		{
			"__comment": "Voxels",
			"from": [ 12, 12, 3 ],
			"to": [ 16, 13, 4 ],
			"faces": {
				"down": { "uv": [ 4.375, 7.375, 4.875, 7.5 ], "texture": "#mesh_atlas" },
				"up": { "uv": [ 4.375, 7.375, 4.875, 7.25 ], "texture": "#mesh_atlas" },
				"north": { "uv": [ 4.875, 5.375, 4.375, 5.5 ], "texture": "#mesh_atlas" },
				"south": { "uv": [ 4.375, 5.25, 4.875, 5.375 ], "texture": "#mesh_atlas" },
				"west": { "uv": [ 8.125, 10.625, 8.25, 10.75 ], "texture": "#mesh_atlas" },
				"east": { "uv": [ 10.125, 10.625, 10, 10.75 ], "texture": "#mesh_atlas" }
			}
		},
		{
			"__comment": "Voxels",
			"from": [ 12, 14, 3 ],
			"to": [ 14, 15, 4 ],
			"faces": {
				"down": { "uv": [ 2.125, 6.25, 2.375, 6.375 ], "texture": "#mesh_atlas" },
				"up": { "uv": [ 2.125, 3.5, 2.375, 3.375 ], "texture": "#mesh_atlas" },
				"north": { "uv": [ 2.375, 3.25, 2.125, 3.375 ], "texture": "#mesh_atlas" },
				"south": { "uv": [ 2.125, 3.125, 2.375, 3.25 ], "texture": "#mesh_atlas" },
				"west": { "uv": [ 11.375, 10.625, 11.5, 10.75 ], "texture": "#mesh_atlas" },
				"east": { "uv": [ 11.625, 10.625, 11.5, 10.75 ], "texture": "#mesh_atlas" }
			}
		},
		{
			"__comment": "Voxels",
			"from": [ 12, 15, 4 ],
			"to": [ 15, 16, 5 ],
			"faces": {
				"down": { "uv": [ 2, 1, 2.375, 1.125 ], "texture": "#mesh_atlas" },
				"up": { "uv": [ 2, 1, 2.375, 0.875 ], "texture": "#mesh_atlas" },
				"north": { "uv": [ 2.375, 0.75, 2, 0.875 ], "texture": "#mesh_atlas" },
				"south": { "uv": [ 2, 0.625, 2.375, 0.75 ], "texture": "#mesh_atlas" },
				"west": { "uv": [ 5.125, 9, 5.25, 9.125 ], "texture": "#mesh_atlas" },
				"east": { "uv": [ 5.25, 8.75, 5.125, 8.875 ], "texture": "#mesh_atlas" }
			}
		},
		{
			"__comment": "Voxels",
			"from": [ 12, 15, 5 ],
			"to": [ 14, 16, 6 ],
			"faces": {
				"down": { "uv": [ 2.125, 2.75, 2.375, 2.875 ], "texture": "#mesh_atlas" },
				"up": { "uv": [ 2.125, 2.5, 2.375, 2.375 ], "texture": "#mesh_atlas" },
				"north": { "uv": [ 2.375, 2.25, 2.125, 2.375 ], "texture": "#mesh_atlas" },
				"south": { "uv": [ 4.625, 10.125, 4.875, 10.25 ], "texture": "#mesh_atlas" },
				"west": { "uv": [ 5.125, 8.125, 5.25, 8.25 ], "texture": "#mesh_atlas" },
				"east": { "uv": [ 5.25, 8, 5.125, 8.125 ], "texture": "#mesh_atlas" }
			}
		},
		{
			"__comment": "Voxels",
			"from": [ 12, 22, 4 ],
			"to": [ 14, 23, 5 ],
			"faces": {
				"down": { "uv": [ 4.625, 9.875, 4.875, 10 ], "texture": "#mesh_atlas" },
				"up": { "uv": [ 4.625, 9.875, 4.875, 9.75 ], "texture": "#mesh_atlas" },
				"north": { "uv": [ 4.875, 9.625, 4.625, 9.75 ], "texture": "#mesh_atlas" },
				"south": { "uv": [ 4.625, 9.5, 4.875, 9.625 ], "texture": "#mesh_atlas" },
				"west": { "uv": [ 5.125, 7.375, 5.25, 7.5 ], "texture": "#mesh_atlas" },
				"east": { "uv": [ 5.25, 7.25, 5.125, 7.375 ], "texture": "#mesh_atlas" }
			}
		},
		{
			"__comment": "Voxels",
			"from": [ 13, 6, 8 ],
			"to": [ 29, 7, 9 ],
			"faces": {
				"down": { "uv": [ 2.375, 7.625, 4.375, 7.75 ], "texture": "#mesh_atlas" },
				"up": { "uv": [ 2.375, 7.625, 4.375, 7.5 ], "texture": "#mesh_atlas" },
				"north": { "uv": [ 4.375, 7, 2.375, 7.125 ], "texture": "#mesh_atlas" },
				"south": { "uv": [ 2.375, 6.875, 4.375, 7 ], "texture": "#mesh_atlas" },
				"west": { "uv": [ 5.125, 6.625, 5.25, 6.75 ], "texture": "#mesh_atlas" },
				"east": { "uv": [ 5.25, 6.5, 5.125, 6.625 ], "texture": "#mesh_atlas" }
			}
		},
		{
			"__comment": "Voxels",
			"from": [ 13, 6, 9 ],
			"to": [ 15, 7, 10 ],
			"faces": {
				"down": { "uv": [ 4.625, 3.875, 4.875, 4 ], "texture": "#mesh_atlas" },
				"up": { "uv": [ 4.625, 3.625, 4.875, 3.5 ], "texture": "#mesh_atlas" },
				"north": { "uv": [ 4.875, 3.125, 4.625, 3.25 ], "texture": "#mesh_atlas" },
				"south": { "uv": [ 4.625, 1.375, 4.875, 1.5 ], "texture": "#mesh_atlas" },
				"west": { "uv": [ 5.125, 4.625, 5.25, 4.75 ], "texture": "#mesh_atlas" },
				"east": { "uv": [ 5.25, 4.5, 5.125, 4.625 ], "texture": "#mesh_atlas" }
			}
		},
		{
			"__comment": "Voxels",
			"from": [ 13, 11, 3 ],
			"to": [ 15, 12, 4 ],
			"faces": {
				"down": { "uv": [ 4.625, 1.25, 4.875, 1.375 ], "texture": "#mesh_atlas" },
				"up": { "uv": [ 7, 10.875, 7.25, 10.75 ], "texture": "#mesh_atlas" },
				"north": { "uv": [ 7.5, 10.75, 7.25, 10.875 ], "texture": "#mesh_atlas" },
				"south": { "uv": [ 7.5, 10.75, 7.75, 10.875 ], "texture": "#mesh_atlas" },
				"west": { "uv": [ 5.125, 3.625, 5.25, 3.75 ], "texture": "#mesh_atlas" },
				"east": { "uv": [ 5.25, 3.5, 5.125, 3.625 ], "texture": "#mesh_atlas" }
			}
		},
		{
			"__comment": "Voxels",
			"from": [ 13, 15, 3 ],
			"to": [ 14, 18, 4 ],
			"faces": {
				"down": { "uv": [ 5.125, 3.375, 5.25, 3.5 ], "texture": "#mesh_atlas" },
				"up": { "uv": [ 5.125, 3.375, 5.25, 3.25 ], "texture": "#mesh_atlas" },
				"north": { "uv": [ 1, 0.25, 0.875, 0.625 ], "texture": "#mesh_atlas" },
				"south": { "uv": [ 2.25, 5.75, 2.375, 6.125 ], "texture": "#mesh_atlas" },
				"west": { "uv": [ 3, 0, 3.125, 0.375 ], "texture": "#mesh_atlas" },
				"east": { "uv": [ 3.875, 0.375, 3.75, 0.75 ], "texture": "#mesh_atlas" }
			}
		},
		{
			"__comment": "Voxels",
			"from": [ 13, 16, 4 ],
			"to": [ 17, 17, 5 ],
			"faces": {
				"down": { "uv": [ 3.125, 1.5, 3.625, 1.625 ], "texture": "#mesh_atlas" },
				"up": { "uv": [ 4.125, 1.75, 4.625, 1.625 ], "texture": "#mesh_atlas" },
				"north": { "uv": [ 3, 0.375, 2.5, 0.5 ], "texture": "#mesh_atlas" },
				"south": { "uv": [ 2.5, 0.5, 3, 0.625 ], "texture": "#mesh_atlas" },
				"west": { "uv": [ 5.125, 0.875, 5.25, 1 ], "texture": "#mesh_atlas" },
				"east": { "uv": [ 5.25, 0.75, 5.125, 0.875 ], "texture": "#mesh_atlas" }
			}
		},
		{
			"__comment": "Voxels",
			"from": [ 13, 16, 5 ],
			"to": [ 14, 17, 6 ],
			"faces": {
				"down": { "uv": [ 5.125, 0.625, 5.25, 0.75 ], "texture": "#mesh_atlas" },
				"up": { "uv": [ 5.125, 0.625, 5.25, 0.5 ], "texture": "#mesh_atlas" },
				"north": { "uv": [ 5.25, 0.125, 5.125, 0.25 ], "texture": "#mesh_atlas" },
				"south": { "uv": [ 5.125, 0, 5.25, 0.125 ], "texture": "#mesh_atlas" },
				"west": { "uv": [ 5.25, 10.625, 5.375, 10.75 ], "texture": "#mesh_atlas" },
				"east": { "uv": [ 5.5, 10.625, 5.375, 10.75 ], "texture": "#mesh_atlas" }
			}
		},
		{
			"__comment": "Voxels",
			"from": [ 14, 7, 8 ],
			"to": [ 28, 8, 9 ],
			"faces": {
				"down": { "uv": [ 14.25, 12.875, 16, 13 ], "texture": "#mesh_atlas" },
				"up": { "uv": [ 14.125, 11.875, 15.875, 11.75 ], "texture": "#mesh_atlas" },
				"north": { "uv": [ 15.875, 12.625, 14.125, 12.75 ], "texture": "#mesh_atlas" },
				"south": { "uv": [ 14.125, 12.75, 15.875, 12.875 ], "texture": "#mesh_atlas" },
				"west": { "uv": [ 9.25, 10.625, 9.375, 10.75 ], "texture": "#mesh_atlas" },
				"east": { "uv": [ 9.5, 10.625, 9.375, 10.75 ], "texture": "#mesh_atlas" }
			}
		},
		{
			"__comment": "Voxels",
			"from": [ 14, 11, 13 ],
			"to": [ 15, 13, 14 ],
			"faces": {
				"down": { "uv": [ 9.5, 10.625, 9.625, 10.75 ], "texture": "#mesh_atlas" },
				"up": { "uv": [ 9.625, 10.75, 9.75, 10.625 ], "texture": "#mesh_atlas" },
				"north": { "uv": [ 5, 0.75, 4.875, 1 ], "texture": "#mesh_atlas" },
				"south": { "uv": [ 4.875, 0.5, 5, 0.75 ], "texture": "#mesh_atlas" },
				"west": { "uv": [ 4.875, 0.25, 5, 0.5 ], "texture": "#mesh_atlas" },
				"east": { "uv": [ 1, 1.875, 0.875, 2.125 ], "texture": "#mesh_atlas" }
			}
		},
		{
			"__comment": "Voxels",
			"from": [ 14, 12, 7 ],
			"to": [ 15, 14, 11 ],
			"faces": {
				"down": { "uv": [ 2.375, 0.125, 2.5, 0.625 ], "texture": "#mesh_atlas" },
				"up": { "uv": [ 2.875, 1.625, 3, 1.125 ], "texture": "#mesh_atlas" },
				"north": { "uv": [ 1, 2.375, 0.875, 2.625 ], "texture": "#mesh_atlas" },
				"south": { "uv": [ 0.875, 2.125, 1, 2.375 ], "texture": "#mesh_atlas" },
				"west": { "uv": [ 1.75, 6.375, 2.25, 6.625 ], "texture": "#mesh_atlas" },
				"east": { "uv": [ 2.25, 6.875, 1.75, 7.125 ], "texture": "#mesh_atlas" }
			}
		},
		{
			"__comment": "Voxels",
			"from": [ 14, 13, 4 ],
			"to": [ 16, 14, 5 ],
			"faces": {
				"down": { "uv": [ 0.75, 5.375, 1, 5.5 ], "texture": "#mesh_atlas" },
				"up": { "uv": [ 0.75, 5.125, 1, 5 ], "texture": "#mesh_atlas" },
				"north": { "uv": [ 1, 4.625, 0.75, 4.75 ], "texture": "#mesh_atlas" },
				"south": { "uv": [ 2.125, 11.5, 2.375, 11.625 ], "texture": "#mesh_atlas" },
				"west": { "uv": [ 15.875, 12.75, 16, 12.875 ], "texture": "#mesh_atlas" },
				"east": { "uv": [ 16, 12.625, 15.875, 12.75 ], "texture": "#mesh_atlas" }
			}
		},
		{
			"__comment": "Voxels",
			"from": [ 14, 16, 3 ],
			"to": [ 16, 18, 4 ],
			"faces": {
				"down": { "uv": [ 2.125, 11.125, 2.375, 11.25 ], "texture": "#mesh_atlas" },
				"up": { "uv": [ 2.125, 8.875, 2.375, 8.75 ], "texture": "#mesh_atlas" },
				"north": { "uv": [ 2.375, 11.625, 2.125, 11.875 ], "texture": "#mesh_atlas" },
				"south": { "uv": [ 0.75, 4.75, 1, 5 ], "texture": "#mesh_atlas" },
				"west": { "uv": [ 0.875, 0.875, 1, 1.125 ], "texture": "#mesh_atlas" },
				"east": { "uv": [ 1, 0.625, 0.875, 0.875 ], "texture": "#mesh_atlas" }
			}
		},
		{
			"__comment": "Voxels",
			"from": [ 15, 7, 9 ],
			"to": [ 16, 8, 10 ],
			"faces": {
				"down": { "uv": [ 2.25, 4.875, 2.375, 5 ], "texture": "#mesh_atlas" },
				"up": { "uv": [ 2.25, 4.875, 2.375, 4.75 ], "texture": "#mesh_atlas" },
				"north": { "uv": [ 2.375, 4.625, 2.25, 4.75 ], "texture": "#mesh_atlas" },
				"south": { "uv": [ 2.25, 4.5, 2.375, 4.625 ], "texture": "#mesh_atlas" },
				"west": { "uv": [ 2.25, 4.375, 2.375, 4.5 ], "texture": "#mesh_atlas" },
				"east": { "uv": [ 2.375, 4.25, 2.25, 4.375 ], "texture": "#mesh_atlas" }
			}
		},
		{
			"__comment": "Voxels",
			"from": [ 15, 13, 6 ],
			"to": [ 21, 14, 11 ],
			"faces": {
				"down": { "uv": [ 0, 9.25, 0.75, 9.875 ], "texture": "#mesh_atlas" },
				"up": { "uv": [ 0, 9.25, 0.75, 8.625 ], "texture": "#mesh_atlas" },
				"north": { "uv": [ 3.875, 3.5, 3.125, 3.625 ], "texture": "#mesh_atlas" },
				"south": { "uv": [ 2.75, 4.125, 3.5, 4.25 ], "texture": "#mesh_atlas" },
				"west": { "uv": [ 3.625, 2.375, 4.25, 2.5 ], "texture": "#mesh_atlas" },
				"east": { "uv": [ 3.625, 2.375, 3, 2.5 ], "texture": "#mesh_atlas" }
			}
		},
		{
			"__comment": "Voxels",
			"from": [ 16, 6, 9 ],
			"to": [ 29, 7, 10 ],
			"faces": {
				"down": { "uv": [ 2.375, 5.875, 4, 6 ], "texture": "#mesh_atlas" },
				"up": { "uv": [ 2.375, 5.75, 4, 5.625 ], "texture": "#mesh_atlas" },
				"north": { "uv": [ 4, 5.75, 2.375, 5.875 ], "texture": "#mesh_atlas" },
				"south": { "uv": [ 2.375, 6.25, 4, 6.375 ], "texture": "#mesh_atlas" },
				"west": { "uv": [ 2.25, 3.875, 2.375, 4 ], "texture": "#mesh_atlas" },
				"east": { "uv": [ 2.375, 3.75, 2.25, 3.875 ], "texture": "#mesh_atlas" }
			}
		},
		{
			"__comment": "Voxels",
			"from": [ 16, 9, 5 ],
			"to": [ 21, 10, 6 ],
			"faces": {
				"down": { "uv": [ 2.375, 2.375, 3, 2.5 ], "texture": "#mesh_atlas" },
				"up": { "uv": [ 4.25, 2.625, 4.875, 2.5 ], "texture": "#mesh_atlas" },
				"north": { "uv": [ 4.25, 2.5, 3.625, 2.625 ], "texture": "#mesh_atlas" },
				"south": { "uv": [ 3, 2.5, 3.625, 2.625 ], "texture": "#mesh_atlas" },
				"west": { "uv": [ 4.75, 10.375, 4.875, 10.5 ], "texture": "#mesh_atlas" },
				"east": { "uv": [ 4.875, 10.25, 4.75, 10.375 ], "texture": "#mesh_atlas" }
			}
		},
		{
			"__comment": "Voxels",
			"from": [ 16, 12, 6 ],
			"to": [ 23, 13, 11 ],
			"faces": {
				"down": { "uv": [ 14.875, 14.375, 15.75, 15 ], "texture": "#mesh_atlas" },
				"up": { "uv": [ 0, 10.5, 0.875, 9.875 ], "texture": "#mesh_atlas" },
				"north": { "uv": [ 3.625, 4.75, 2.75, 4.875 ], "texture": "#mesh_atlas" },
				"south": { "uv": [ 2.75, 4.625, 3.625, 4.75 ], "texture": "#mesh_atlas" },
				"west": { "uv": [ 2.375, 2.5, 3, 2.625 ], "texture": "#mesh_atlas" },
				"east": { "uv": [ 4.875, 2.625, 4.25, 2.75 ], "texture": "#mesh_atlas" }
			}
		},
		{
			"__comment": "Voxels",
			"from": [ 16, 16, 8 ],
			"to": [ 17, 17, 10 ],
			"faces": {
				"down": { "uv": [ 4.75, 4, 4.875, 4.25 ], "texture": "#mesh_atlas" },
				"up": { "uv": [ 4.625, 3.875, 4.75, 3.625 ], "texture": "#mesh_atlas" },
				"north": { "uv": [ 2.5, 0, 2.375, 0.125 ], "texture": "#mesh_atlas" },
				"south": { "uv": [ 5.5, 10.625, 5.625, 10.75 ], "texture": "#mesh_atlas" },
				"west": { "uv": [ 2.125, 2.625, 2.375, 2.75 ], "texture": "#mesh_atlas" },
				"east": { "uv": [ 2.375, 2.5, 2.125, 2.625 ], "texture": "#mesh_atlas" }
			}
		},
		{
			"__comment": "Voxels",
			"from": [ 16, 17, 3 ],
			"to": [ 17, 18, 4 ],
			"faces": {
				"down": { "uv": [ 4.75, 1.125, 4.875, 1.25 ], "texture": "#mesh_atlas" },
				"up": { "uv": [ 4.75, 1.125, 4.875, 1 ], "texture": "#mesh_atlas" },
				"north": { "uv": [ 4.875, 0.875, 4.75, 1 ], "texture": "#mesh_atlas" },
				"south": { "uv": [ 4.75, 0.75, 4.875, 0.875 ], "texture": "#mesh_atlas" },
				"west": { "uv": [ 4.875, 0.125, 5, 0.25 ], "texture": "#mesh_atlas" },
				"east": { "uv": [ 5, 0, 4.875, 0.125 ], "texture": "#mesh_atlas" }
			}
		},
		{
			"__comment": "Voxels",
			"from": [ 17, 7, 9 ],
			"to": [ 28, 8, 10 ],
			"faces": {
				"down": { "uv": [ 1, 5.25, 2.375, 5.375 ], "texture": "#mesh_atlas" },
				"up": { "uv": [ 1, 5.625, 2.375, 5.5 ], "texture": "#mesh_atlas" },
				"north": { "uv": [ 2.375, 5.625, 1, 5.75 ], "texture": "#mesh_atlas" },
				"south": { "uv": [ 1, 5.125, 2.375, 5.25 ], "texture": "#mesh_atlas" },
				"west": { "uv": [ 13.875, 10.75, 14, 10.875 ], "texture": "#mesh_atlas" },
				"east": { "uv": [ 14.125, 10.75, 14, 10.875 ], "texture": "#mesh_atlas" }
			}
		},
		{
			"__comment": "Voxels",
			"from": [ 17, 15, 7 ],
			"to": [ 21, 16, 8 ],
			"faces": {
				"down": { "uv": [ 4.375, 7.625, 4.875, 7.75 ], "texture": "#mesh_atlas" },
				"up": { "uv": [ 3.75, 1.125, 4.25, 1 ], "texture": "#mesh_atlas" },
				"north": { "uv": [ 4.875, 7, 4.375, 7.125 ], "texture": "#mesh_atlas" },
				"south": { "uv": [ 3.625, 1.5, 4.125, 1.625 ], "texture": "#mesh_atlas" },
				"west": { "uv": [ 14.5, 10.75, 14.625, 10.875 ], "texture": "#mesh_atlas" },
				"east": { "uv": [ 14.75, 10.75, 14.625, 10.875 ], "texture": "#mesh_atlas" }
			}
		},
		{
			"__comment": "Voxels",
			"from": [ 18, 7, 7 ],
			"to": [ 28, 8, 8 ],
			"faces": {
				"down": { "uv": [ 1, 4.625, 2.25, 4.75 ], "texture": "#mesh_atlas" },
				"up": { "uv": [ 1, 4.625, 2.25, 4.5 ], "texture": "#mesh_atlas" },
				"north": { "uv": [ 2.25, 4.25, 1, 4.375 ], "texture": "#mesh_atlas" },
				"south": { "uv": [ 1, 3.875, 2.25, 4 ], "texture": "#mesh_atlas" },
				"west": { "uv": [ 14.875, 10.75, 15, 10.875 ], "texture": "#mesh_atlas" },
				"east": { "uv": [ 15.125, 10.75, 15, 10.875 ], "texture": "#mesh_atlas" }
			}
		},
		{
			"__comment": "Voxels",
			"from": [ 18, 8, 6 ],
			"to": [ 26, 9, 7 ],
			"faces": {
				"down": { "uv": [ 3.375, 5.375, 4.375, 5.5 ], "texture": "#mesh_atlas" },
				"up": { "uv": [ 1, 0.25, 2, 0.125 ], "texture": "#mesh_atlas" },
				"north": { "uv": [ 4.875, 5.5, 3.875, 5.625 ], "texture": "#mesh_atlas" },
				"south": { "uv": [ 15, 12.125, 16, 12.25 ], "texture": "#mesh_atlas" },
				"west": { "uv": [ 15.625, 10.75, 15.75, 10.875 ], "texture": "#mesh_atlas" },
				"east": { "uv": [ 15.875, 10.75, 15.75, 10.875 ], "texture": "#mesh_atlas" }
			}
		},
		{
			"__comment": "Voxels",
			"from": [ 18, 18, 3 ],
			"to": [ 19, 19, 4 ],
			"faces": {
				"down": { "uv": [ 15.875, 10.75, 16, 10.875 ], "texture": "#mesh_atlas" },
				"up": { "uv": [ 5, 10.75, 5.125, 10.625 ], "texture": "#mesh_atlas" },
				"north": { "uv": [ 5.125, 10.5, 5, 10.625 ], "texture": "#mesh_atlas" },
				"south": { "uv": [ 5, 10.375, 5.125, 10.5 ], "texture": "#mesh_atlas" },
				"west": { "uv": [ 5, 10.25, 5.125, 10.375 ], "texture": "#mesh_atlas" },
				"east": { "uv": [ 5.125, 10.125, 5, 10.25 ], "texture": "#mesh_atlas" }
			}
		},
		{
			"__comment": "Voxels",
			"from": [ 19, 7, 10 ],
			"to": [ 28, 8, 11 ],
			"faces": {
				"down": { "uv": [ 1, 2.875, 2.125, 3 ], "texture": "#mesh_atlas" },
				"up": { "uv": [ 1, 3.375, 2.125, 3.25 ], "texture": "#mesh_atlas" },
				"north": { "uv": [ 2.125, 3.375, 1, 3.5 ], "texture": "#mesh_atlas" },
				"south": { "uv": [ 1, 3.5, 2.125, 3.625 ], "texture": "#mesh_atlas" },
				"west": { "uv": [ 5, 9.5, 5.125, 9.625 ], "texture": "#mesh_atlas" },
				"east": { "uv": [ 5.125, 9.375, 5, 9.5 ], "texture": "#mesh_atlas" }
			}
		},
		{
			"__comment": "Voxels",
			"from": [ 19, 8, 11 ],
			"to": [ 26, 9, 12 ],
			"faces": {
				"down": { "uv": [ 4, 5.625, 4.875, 5.75 ], "texture": "#mesh_atlas" },
				"up": { "uv": [ 4, 6, 4.875, 5.875 ], "texture": "#mesh_atlas" },
				"north": { "uv": [ 4.875, 6.125, 4, 6.25 ], "texture": "#mesh_atlas" },
				"south": { "uv": [ 4, 6, 4.875, 6.125 ], "texture": "#mesh_atlas" },
				"west": { "uv": [ 5, 9.25, 5.125, 9.375 ], "texture": "#mesh_atlas" },
				"east": { "uv": [ 5.125, 9.125, 5, 9.25 ], "texture": "#mesh_atlas" }
			}
		},
		{
			"__comment": "Voxels",
			"from": [ 19, 9, 12 ],
			"to": [ 21, 10, 13 ],
			"faces": {
				"down": { "uv": [ 10.25, 10.75, 10.5, 10.875 ], "texture": "#mesh_atlas" },
				"up": { "uv": [ 10.5, 10.875, 10.75, 10.75 ], "texture": "#mesh_atlas" },
				"north": { "uv": [ 11, 10.75, 10.75, 10.875 ], "texture": "#mesh_atlas" },
				"south": { "uv": [ 11, 10.75, 11.25, 10.875 ], "texture": "#mesh_atlas" },
				"west": { "uv": [ 5, 9, 5.125, 9.125 ], "texture": "#mesh_atlas" },
				"east": { "uv": [ 5.125, 8.875, 5, 9 ], "texture": "#mesh_atlas" }
			}
		},
		{
			"__comment": "Voxels",
			"from": [ 20, 5, 8 ],
			"to": [ 29, 6, 10 ],
			"faces": {
				"down": { "uv": [ 1, 8.125, 2.125, 8.375 ], "texture": "#mesh_atlas" },
				"up": { "uv": [ 1, 7.875, 2.125, 7.625 ], "texture": "#mesh_atlas" },
				"north": { "uv": [ 14.875, 14.375, 13.75, 14.5 ], "texture": "#mesh_atlas" },
				"south": { "uv": [ 1, 2.25, 2.125, 2.375 ], "texture": "#mesh_atlas" },
				"west": { "uv": [ 11.5, 10.75, 11.75, 10.875 ], "texture": "#mesh_atlas" },
				"east": { "uv": [ 12, 10.75, 11.75, 10.875 ], "texture": "#mesh_atlas" }
			}
		},
		{
			"__comment": "Voxels",
			"from": [ 20, 6, 7 ],
			"to": [ 28, 7, 8 ],
			"faces": {
				"down": { "uv": [ 15, 12, 16, 12.125 ], "texture": "#mesh_atlas" },
				"up": { "uv": [ 14.625, 12, 15.625, 11.875 ], "texture": "#mesh_atlas" },
				"north": { "uv": [ 2, 1.625, 1, 1.75 ], "texture": "#mesh_atlas" },
				"south": { "uv": [ 1, 1.5, 2, 1.625 ], "texture": "#mesh_atlas" },
				"west": { "uv": [ 5, 8, 5.125, 8.125 ], "texture": "#mesh_atlas" },
				"east": { "uv": [ 5.125, 7.875, 5, 8 ], "texture": "#mesh_atlas" }
			}
		},
		{
			"__comment": "Voxels",
			"from": [ 20, 6, 10 ],
			"to": [ 29, 7, 11 ],
			"faces": {
				"down": { "uv": [ 1, 2.375, 2.125, 2.5 ], "texture": "#mesh_atlas" },
				"up": { "uv": [ 1, 2.625, 2.125, 2.5 ], "texture": "#mesh_atlas" },
				"north": { "uv": [ 2.125, 2.625, 1, 2.75 ], "texture": "#mesh_atlas" },
				"south": { "uv": [ 1, 2.75, 2.125, 2.875 ], "texture": "#mesh_atlas" },
				"west": { "uv": [ 5, 7.75, 5.125, 7.875 ], "texture": "#mesh_atlas" },
				"east": { "uv": [ 5.125, 7.625, 5, 7.75 ], "texture": "#mesh_atlas" }
			}
		},
		{
			"__comment": "Voxels",
			"from": [ 20, 7, 6 ],
			"to": [ 27, 8, 7 ],
			"faces": {
				"down": { "uv": [ 3.75, 5, 4.625, 5.125 ], "texture": "#mesh_atlas" },
				"up": { "uv": [ 2.75, 4.375, 3.625, 4.25 ], "texture": "#mesh_atlas" },
				"north": { "uv": [ 3.625, 4.375, 2.75, 4.5 ], "texture": "#mesh_atlas" },
				"south": { "uv": [ 2.75, 4.5, 3.625, 4.625 ], "texture": "#mesh_atlas" },
				"west": { "uv": [ 5, 7, 5.125, 7.125 ], "texture": "#mesh_atlas" },
				"east": { "uv": [ 5.125, 6.875, 5, 7 ], "texture": "#mesh_atlas" }
			}
		},
		{
			"__comment": "Voxels",
			"from": [ 21, 3, 7 ],
			"to": [ 30, 5, 10 ],
			"faces": {
				"down": { "uv": [ 1, 11.125, 2.125, 11.5 ], "texture": "#mesh_atlas" },
				"up": { "uv": [ 1, 11.875, 2.125, 11.5 ], "texture": "#mesh_atlas" },
				"north": { "uv": [ 2.125, 7.125, 1, 7.375 ], "texture": "#mesh_atlas" },
				"south": { "uv": [ 1, 8.375, 2.125, 8.625 ], "texture": "#mesh_atlas" },
				"west": { "uv": [ 2, 0.125, 2.375, 0.375 ], "texture": "#mesh_atlas" },
				"east": { "uv": [ 2.125, 6.125, 1.75, 6.375 ], "texture": "#mesh_atlas" }
			}
		},
		{
			"__comment": "Voxels",
			"from": [ 21, 5, 7 ],
			"to": [ 29, 6, 8 ],
			"faces": {
				"down": { "uv": [ 1, 0.75, 2, 0.875 ], "texture": "#mesh_atlas" },
				"up": { "uv": [ 1, 1, 2, 0.875 ], "texture": "#mesh_atlas" },
				"north": { "uv": [ 2, 1.25, 1, 1.375 ], "texture": "#mesh_atlas" },
				"south": { "uv": [ 1, 1.375, 2, 1.5 ], "texture": "#mesh_atlas" },
				"west": { "uv": [ 5, 5.75, 5.125, 5.875 ], "texture": "#mesh_atlas" },
				"east": { "uv": [ 5.125, 5.625, 5, 5.75 ], "texture": "#mesh_atlas" }
			}
		},
		{
			"__comment": "Voxels",
			"from": [ 21, 5, 10 ],
			"to": [ 29, 6, 11 ],
			"faces": {
				"down": { "uv": [ 1, 1.75, 2, 1.875 ], "texture": "#mesh_atlas" },
				"up": { "uv": [ 1, 2, 2, 1.875 ], "texture": "#mesh_atlas" },
				"north": { "uv": [ 3.375, 5.125, 2.375, 5.25 ], "texture": "#mesh_atlas" },
				"south": { "uv": [ 3.375, 5.125, 4.375, 5.25 ], "texture": "#mesh_atlas" },
				"west": { "uv": [ 5, 5, 5.125, 5.125 ], "texture": "#mesh_atlas" },
				"east": { "uv": [ 11.75, 10.625, 11.625, 10.75 ], "texture": "#mesh_atlas" }
			}
		},
		{
			"__comment": "Voxels",
			"from": [ 21, 6, 6 ],
			"to": [ 27, 7, 7 ],
			"faces": {
				"down": { "uv": [ 3.875, 3.5, 4.625, 3.625 ], "texture": "#mesh_atlas" },
				"up": { "uv": [ 3.875, 4.125, 4.625, 4 ], "texture": "#mesh_atlas" },
				"north": { "uv": [ 4.875, 4.625, 4.125, 4.75 ], "texture": "#mesh_atlas" },
				"south": { "uv": [ 4.125, 4.5, 4.875, 4.625 ], "texture": "#mesh_atlas" },
				"west": { "uv": [ 5, 4.375, 5.125, 4.5 ], "texture": "#mesh_atlas" },
				"east": { "uv": [ 5.125, 4.25, 5, 4.375 ], "texture": "#mesh_atlas" }
			}
		},
		{
			"__comment": "Voxels",
			"from": [ 21, 6, 11 ],
			"to": [ 27, 8, 12 ],
			"faces": {
				"down": { "uv": [ 2.75, 4, 3.5, 4.125 ], "texture": "#mesh_atlas" },
				"up": { "uv": [ 3.875, 4.25, 4.625, 4.125 ], "texture": "#mesh_atlas" },
				"north": { "uv": [ 1.75, 6.875, 1, 7.125 ], "texture": "#mesh_atlas" },
				"south": { "uv": [ 1, 6.375, 1.75, 6.625 ], "texture": "#mesh_atlas" },
				"west": { "uv": [ 3.125, 0, 3.25, 0.25 ], "texture": "#mesh_atlas" },
				"east": { "uv": [ 5, 4.75, 4.875, 5 ], "texture": "#mesh_atlas" }
			}
		},
		{
			"__comment": "Voxels",
			"from": [ 21, 13, 7 ],
			"to": [ 23, 14, 11 ],
			"faces": {
				"down": { "uv": [ 0.75, 11.75, 1, 12.25 ], "texture": "#mesh_atlas" },
				"up": { "uv": [ 0.75, 11.375, 1, 10.875 ], "texture": "#mesh_atlas" },
				"north": { "uv": [ 6.75, 10.75, 6.5, 10.875 ], "texture": "#mesh_atlas" },
				"south": { "uv": [ 6.75, 10.75, 7, 10.875 ], "texture": "#mesh_atlas" },
				"west": { "uv": [ 3.25, 0.5, 3.75, 0.625 ], "texture": "#mesh_atlas" },
				"east": { "uv": [ 3.75, 0.75, 3.25, 0.875 ], "texture": "#mesh_atlas" }
			}
		},
		{
			"__comment": "Voxels",
			"from": [ 22, -5, 8 ],
			"to": [ 31, -3, 10 ],
			"faces": {
				"down": { "uv": [ 1, 9.625, 2.125, 9.875 ], "texture": "#mesh_atlas" },
				"up": { "uv": [ 1, 8.875, 2.125, 8.625 ], "texture": "#mesh_atlas" },
				"north": { "uv": [ 2.125, 7.875, 1, 8.125 ], "texture": "#mesh_atlas" },
				"south": { "uv": [ 1, 9.375, 2.125, 9.625 ], "texture": "#mesh_atlas" },
				"west": { "uv": [ 2.125, 9.875, 2.375, 10.125 ], "texture": "#mesh_atlas" },
				"east": { "uv": [ 2.375, 11.25, 2.125, 11.5 ], "texture": "#mesh_atlas" }
			}
		},
		{
			"__comment": "Voxels",
			"from": [ 22, -1, 8 ],
			"to": [ 31, 3, 10 ],
			"faces": {
				"down": { "uv": [ 1, 7.375, 2.125, 7.625 ], "texture": "#mesh_atlas" },
				"up": { "uv": [ 1, 10.125, 2.125, 9.875 ], "texture": "#mesh_atlas" },
				"north": { "uv": [ 14.875, 14.5, 13.75, 15 ], "texture": "#mesh_atlas" },
				"south": { "uv": [ 14.25, 15, 15.375, 15.5 ], "texture": "#mesh_atlas" },
				"west": { "uv": [ 15.75, 15.5, 16, 16 ], "texture": "#mesh_atlas" },
				"east": { "uv": [ 16, 14.5, 15.75, 15 ], "texture": "#mesh_atlas" }
			}
		},
		{
			"__comment": "Voxels",
			"from": [ 22, 0, 7 ],
			"to": [ 31, 2, 8 ],
			"faces": {
				"down": { "uv": [ 1, 3, 2.125, 3.125 ], "texture": "#mesh_atlas" },
				"up": { "uv": [ 1, 3.25, 2.125, 3.125 ], "texture": "#mesh_atlas" },
				"north": { "uv": [ 2.125, 8.875, 1, 9.125 ], "texture": "#mesh_atlas" },
				"south": { "uv": [ 1, 9.125, 2.125, 9.375 ], "texture": "#mesh_atlas" },
				"west": { "uv": [ 4.875, 2.25, 5, 2.5 ], "texture": "#mesh_atlas" },
				"east": { "uv": [ 5, 2, 4.875, 2.25 ], "texture": "#mesh_atlas" }
			}
		},
		{
			"__comment": "Voxels",
			"from": [ 22, 2, 7 ],
			"to": [ 30, 3, 8 ],
			"faces": {
				"down": { "uv": [ 1, 1.125, 2, 1.25 ], "texture": "#mesh_atlas" },
				"up": { "uv": [ 1, 1.125, 2, 1 ], "texture": "#mesh_atlas" },
				"north": { "uv": [ 2, 2.125, 1, 2.25 ], "texture": "#mesh_atlas" },
				"south": { "uv": [ 1, 0.625, 2, 0.75 ], "texture": "#mesh_atlas" },
				"west": { "uv": [ 5, 0.875, 5.125, 1 ], "texture": "#mesh_atlas" },
				"east": { "uv": [ 5.125, 0.75, 5, 0.875 ], "texture": "#mesh_atlas" }
			}
		},
		{
			"__comment": "Voxels",
			"from": [ 22, 2, 10 ],
			"to": [ 30, 5, 11 ],
			"faces": {
				"down": { "uv": [ 1, 0.5, 2, 0.625 ], "texture": "#mesh_atlas" },
				"up": { "uv": [ 1, 0.5, 2, 0.375 ], "texture": "#mesh_atlas" },
				"north": { "uv": [ 1, 8.25, 0, 8.625 ], "texture": "#mesh_atlas" },
				"south": { "uv": [ 0, 7.5, 1, 7.875 ], "texture": "#mesh_atlas" },
				"west": { "uv": [ 3.75, 0, 3.875, 0.375 ], "texture": "#mesh_atlas" },
				"east": { "uv": [ 4, 0.375, 3.875, 0.75 ], "texture": "#mesh_atlas" }
			}
		},
		{
			"__comment": "Voxels",
			"from": [ 22, 3, 6 ],
			"to": [ 29, 5, 7 ],
			"faces": {
				"down": { "uv": [ 4, 5.75, 4.875, 5.875 ], "texture": "#mesh_atlas" },
				"up": { "uv": [ 4, 6.375, 4.875, 6.25 ], "texture": "#mesh_atlas" },
				"north": { "uv": [ 0.875, 0.625, 0, 0.875 ], "texture": "#mesh_atlas" },
				"south": { "uv": [ 0, 1.875, 0.875, 2.125 ], "texture": "#mesh_atlas" },
				"west": { "uv": [ 2.25, 10.375, 2.375, 10.625 ], "texture": "#mesh_atlas" },
				"east": { "uv": [ 2.375, 10.125, 2.25, 10.375 ], "texture": "#mesh_atlas" }
			}
		},
		{
			"__comment": "Voxels",
			"from": [ 22, 5, 6 ],
			"to": [ 28, 6, 7 ],
			"faces": {
				"down": { "uv": [ 3.125, 3, 3.875, 3.125 ], "texture": "#mesh_atlas" },
				"up": { "uv": [ 2.75, 3.875, 3.5, 3.75 ], "texture": "#mesh_atlas" },
				"north": { "uv": [ 3.125, 3.875, 2.375, 4 ], "texture": "#mesh_atlas" },
				"south": { "uv": [ 15.25, 13.625, 16, 13.75 ], "texture": "#mesh_atlas" },
				"west": { "uv": [ 7, 10.625, 7.125, 10.75 ], "texture": "#mesh_atlas" },
				"east": { "uv": [ 7.25, 10.625, 7.125, 10.75 ], "texture": "#mesh_atlas" }
			}
		},
		{
			"__comment": "Voxels",
			"from": [ 22, 5, 11 ],
			"to": [ 28, 6, 12 ],
			"faces": {
				"down": { "uv": [ 3.875, 3.875, 4.625, 4 ], "texture": "#mesh_atlas" },
				"up": { "uv": [ 4.125, 4.5, 4.875, 4.375 ], "texture": "#mesh_atlas" },
				"north": { "uv": [ 4.875, 4.25, 4.125, 4.375 ], "texture": "#mesh_atlas" },
				"south": { "uv": [ 3.125, 3.875, 3.875, 4 ], "texture": "#mesh_atlas" },
				"west": { "uv": [ 5.125, 8.875, 5.25, 9 ], "texture": "#mesh_atlas" },
				"east": { "uv": [ 5.25, 8.625, 5.125, 8.75 ], "texture": "#mesh_atlas" }
			}
		},
		{
			"__comment": "Voxels",
			"from": [ 23, -5, 6 ],
			"to": [ 30, -3, 8 ],
			"faces": {
				"down": { "uv": [ 0, 1.125, 0.875, 1.375 ], "texture": "#mesh_atlas" },
				"up": { "uv": [ 0, 1.625, 0.875, 1.375 ], "texture": "#mesh_atlas" },
				"north": { "uv": [ 0.875, 1.625, 0, 1.875 ], "texture": "#mesh_atlas" },
				"south": { "uv": [ 0, 2.375, 0.875, 2.625 ], "texture": "#mesh_atlas" },
				"west": { "uv": [ 2.125, 9.625, 2.375, 9.875 ], "texture": "#mesh_atlas" },
				"east": { "uv": [ 1, 8.625, 0.75, 8.875 ], "texture": "#mesh_atlas" }
			}
		},
		{
			"__comment": "Voxels",
			"from": [ 23, -5, 10 ],
			"to": [ 31, 2, 11 ],
			"faces": {
				"down": { "uv": [ 1, 0, 2, 0.125 ], "texture": "#mesh_atlas" },
				"up": { "uv": [ 2.375, 5.5, 3.375, 5.375 ], "texture": "#mesh_atlas" },
				"north": { "uv": [ 1, 13.125, 0, 14 ], "texture": "#mesh_atlas" },
				"south": { "uv": [ 0, 12.25, 1, 13.125 ], "texture": "#mesh_atlas" },
				"west": { "uv": [ 2.625, 4.25, 2.75, 5.125 ], "texture": "#mesh_atlas" },
				"east": { "uv": [ 2.5, 4.25, 2.375, 5.125 ], "texture": "#mesh_atlas" }
			}
		},
		{
			"__comment": "Voxels",
			"from": [ 23, -3, 7 ],
			"to": [ 31, 0, 8 ],
			"faces": {
				"down": { "uv": [ 1, 2, 2, 2.125 ], "texture": "#mesh_atlas" },
				"up": { "uv": [ 1, 0.375, 2, 0.25 ], "texture": "#mesh_atlas" },
				"north": { "uv": [ 1, 7.875, 0, 8.25 ], "texture": "#mesh_atlas" },
				"south": { "uv": [ 0, 7.125, 1, 7.5 ], "texture": "#mesh_atlas" },
				"west": { "uv": [ 3.875, 0, 4, 0.375 ], "texture": "#mesh_atlas" },
				"east": { "uv": [ 4.125, 0.375, 4, 0.75 ], "texture": "#mesh_atlas" }
			}
		},
		{
			"__comment": "Voxels",
			"from": [ 23, -3, 8 ],
			"to": [ 31, -1, 10 ],
			"faces": {
				"down": { "uv": [ 0, 2.625, 1, 2.875 ], "texture": "#mesh_atlas" },
				"up": { "uv": [ 0, 3.125, 1, 2.875 ], "texture": "#mesh_atlas" },
				"north": { "uv": [ 1, 3.875, 0, 4.125 ], "texture": "#mesh_atlas" },
				"south": { "uv": [ 0, 3.125, 1, 3.375 ], "texture": "#mesh_atlas" },
				"west": { "uv": [ 2.125, 8.875, 2.375, 9.125 ], "texture": "#mesh_atlas" },
				"east": { "uv": [ 1, 9.25, 0.75, 9.5 ], "texture": "#mesh_atlas" }
			}
		},
		{
			"__comment": "Voxels",
			"from": [ 23, 0, 6 ],
			"to": [ 30, 2, 7 ],
			"faces": {
				"down": { "uv": [ 2.75, 4.875, 3.625, 5 ], "texture": "#mesh_atlas" },
				"up": { "uv": [ 2.75, 5.125, 3.625, 5 ], "texture": "#mesh_atlas" },
				"north": { "uv": [ 0.875, 0.875, 0, 1.125 ], "texture": "#mesh_atlas" },
				"south": { "uv": [ 0, 2.125, 0.875, 2.375 ], "texture": "#mesh_atlas" },
				"west": { "uv": [ 2.25, 6.875, 2.375, 7.125 ], "texture": "#mesh_atlas" },
				"east": { "uv": [ 2.375, 6.625, 2.25, 6.875 ], "texture": "#mesh_atlas" }
			}
		},
		{
			"__comment": "Voxels",
			"from": [ 23, 2, 6 ],
			"to": [ 29, 3, 7 ],
			"faces": {
				"down": { "uv": [ 2.375, 3.5, 3.125, 3.625 ], "texture": "#mesh_atlas" },
				"up": { "uv": [ 3.5, 3.75, 4.25, 3.625 ], "texture": "#mesh_atlas" },
				"north": { "uv": [ 4.25, 3.75, 3.5, 3.875 ], "texture": "#mesh_atlas" },
				"south": { "uv": [ 2.75, 3.625, 3.5, 3.75 ], "texture": "#mesh_atlas" },
				"west": { "uv": [ 8.25, 10.625, 8.375, 10.75 ], "texture": "#mesh_atlas" },
				"east": { "uv": [ 8.5, 10.625, 8.375, 10.75 ], "texture": "#mesh_atlas" }
			}
		},
		{
			"__comment": "Voxels",
			"from": [ 23, 2, 11 ],
			"to": [ 29, 5, 12 ],
			"faces": {
				"down": { "uv": [ 2.375, 3.125, 3.125, 3.25 ], "texture": "#mesh_atlas" },
				"up": { "uv": [ 4.125, 4.875, 4.875, 4.75 ], "texture": "#mesh_atlas" },
				"north": { "uv": [ 0.75, 5.75, 0, 6.125 ], "texture": "#mesh_atlas" },
				"south": { "uv": [ 0, 5.375, 0.75, 5.75 ], "texture": "#mesh_atlas" },
				"west": { "uv": [ 4.125, 0, 4.25, 0.375 ], "texture": "#mesh_atlas" },
				"east": { "uv": [ 4.375, 0.375, 4.25, 0.75 ], "texture": "#mesh_atlas" }
			}
		},
		{
			"__comment": "Voxels",
			"from": [ 23, 12, 7 ],
			"to": [ 24, 13, 11 ],
			"faces": {
				"down": { "uv": [ 3, 1.375, 3.125, 1.875 ], "texture": "#mesh_atlas" },
				"up": { "uv": [ 3, 1.375, 3.125, 0.875 ], "texture": "#mesh_atlas" },
				"north": { "uv": [ 5.25, 10.375, 5.125, 10.5 ], "texture": "#mesh_atlas" },
				"south": { "uv": [ 5.125, 10.25, 5.25, 10.375 ], "texture": "#mesh_atlas" },
				"west": { "uv": [ 2.5, 0.25, 3, 0.375 ], "texture": "#mesh_atlas" },
				"east": { "uv": [ 3, 0.125, 2.5, 0.25 ], "texture": "#mesh_atlas" }
			}
		},
		{
			"__comment": "Voxels",
			"from": [ 23, 13, 8 ],
			"to": [ 24, 14, 9 ],
			"faces": {
				"down": { "uv": [ 5.125, 9.875, 5.25, 10 ], "texture": "#mesh_atlas" },
				"up": { "uv": [ 5.125, 9.875, 5.25, 9.75 ], "texture": "#mesh_atlas" },
				"north": { "uv": [ 5.25, 9.625, 5.125, 9.75 ], "texture": "#mesh_atlas" },
				"south": { "uv": [ 5.125, 9.5, 5.25, 9.625 ], "texture": "#mesh_atlas" },
				"west": { "uv": [ 5.125, 9.375, 5.25, 9.5 ], "texture": "#mesh_atlas" },
				"east": { "uv": [ 5.25, 9.25, 5.125, 9.375 ], "texture": "#mesh_atlas" }
			}
		},
		{
			"__comment": "Voxels",
			"from": [ 24, -6, 7 ],
			"to": [ 30, -5, 11 ],
			"faces": {
				"down": { "uv": [ 0, 6.625, 0.75, 7.125 ], "texture": "#mesh_atlas" },
				"up": { "uv": [ 15, 16, 15.75, 15.5 ], "texture": "#mesh_atlas" },
				"north": { "uv": [ 3.125, 3, 2.375, 3.125 ], "texture": "#mesh_atlas" },
				"south": { "uv": [ 4.125, 4.875, 4.875, 5 ], "texture": "#mesh_atlas" },
				"west": { "uv": [ 4.125, 1.75, 4.625, 1.875 ], "texture": "#mesh_atlas" },
				"east": { "uv": [ 3.625, 1.625, 3.125, 1.75 ], "texture": "#mesh_atlas" }
			}
		},
		{
			"__comment": "Voxels",
			"from": [ 24, -5, 11 ],
			"to": [ 30, 2, 12 ],
			"faces": {
				"down": { "uv": [ 15.25, 13.5, 16, 13.625 ], "texture": "#mesh_atlas" },
				"up": { "uv": [ 15.25, 13.875, 16, 13.75 ], "texture": "#mesh_atlas" },
				"north": { "uv": [ 0.75, 11.375, 0, 12.25 ], "texture": "#mesh_atlas" },
				"south": { "uv": [ 0, 10.5, 0.75, 11.375 ], "texture": "#mesh_atlas" },
				"west": { "uv": [ 2.5, 4.25, 2.625, 5.125 ], "texture": "#mesh_atlas" },
				"east": { "uv": [ 3.75, 4.25, 3.625, 5.125 ], "texture": "#mesh_atlas" }
			}
		},
		{
			"__comment": "Voxels",
			"from": [ 24, -3, 6 ],
			"to": [ 30, 0, 7 ],
			"faces": {
				"down": { "uv": [ 3.125, 3.125, 3.875, 3.25 ], "texture": "#mesh_atlas" },
				"up": { "uv": [ 3.875, 3.25, 4.625, 3.125 ], "texture": "#mesh_atlas" },
				"north": { "uv": [ 0.75, 5, 0, 5.375 ], "texture": "#mesh_atlas" },
				"south": { "uv": [ 0, 4.625, 0.75, 5 ], "texture": "#mesh_atlas" },
				"west": { "uv": [ 4.875, 10.625, 5, 11 ], "texture": "#mesh_atlas" },
				"east": { "uv": [ 5, 10.25, 4.875, 10.625 ], "texture": "#mesh_atlas" }
			}
		},
		{
			"__comment": "Voxels",
			"from": [ 24, 3, 5 ],
			"to": [ 28, 4, 6 ],
			"faces": {
				"down": { "uv": [ 4.25, 0.75, 4.75, 0.875 ], "texture": "#mesh_atlas" },
				"up": { "uv": [ 3.125, 1.375, 3.625, 1.25 ], "texture": "#mesh_atlas" },
				"north": { "uv": [ 4.125, 1.25, 3.625, 1.375 ], "texture": "#mesh_atlas" },
				"south": { "uv": [ 4.125, 1.25, 4.625, 1.375 ], "texture": "#mesh_atlas" },
				"west": { "uv": [ 5.125, 6.375, 5.25, 6.5 ], "texture": "#mesh_atlas" },
				"east": { "uv": [ 5.25, 6.25, 5.125, 6.375 ], "texture": "#mesh_atlas" }
			}
		},
		{
			"__comment": "Voxels",
			"from": [ 24, 4, 5 ],
			"to": [ 27, 5, 6 ],
			"faces": {
				"down": { "uv": [ 6.125, 10.875, 6.5, 11 ], "texture": "#mesh_atlas" },
				"up": { "uv": [ 6.5, 11, 6.875, 10.875 ], "texture": "#mesh_atlas" },
				"north": { "uv": [ 7.25, 10.875, 6.875, 11 ], "texture": "#mesh_atlas" },
				"south": { "uv": [ 7.25, 10.875, 7.625, 11 ], "texture": "#mesh_atlas" },
				"west": { "uv": [ 5.125, 5.625, 5.25, 5.75 ], "texture": "#mesh_atlas" },
				"east": { "uv": [ 5.25, 5.5, 5.125, 5.625 ], "texture": "#mesh_atlas" }
			}
		},
		{
			"__comment": "Voxels",
			"from": [ 24, 12, 8 ],
			"to": [ 25, 13, 9 ],
			"faces": {
				"down": { "uv": [ 5.125, 5.375, 5.25, 5.5 ], "texture": "#mesh_atlas" },
				"up": { "uv": [ 5.125, 5.375, 5.25, 5.25 ], "texture": "#mesh_atlas" },
				"north": { "uv": [ 5.25, 5.125, 5.125, 5.25 ], "texture": "#mesh_atlas" },
				"south": { "uv": [ 5.125, 5, 5.25, 5.125 ], "texture": "#mesh_atlas" },
				"west": { "uv": [ 5.125, 4.875, 5.25, 5 ], "texture": "#mesh_atlas" },
				"east": { "uv": [ 5.25, 4.75, 5.125, 4.875 ], "texture": "#mesh_atlas" }
			}
		},
		{
			"__comment": "Voxels",
			"from": [ 25, -6, 6 ],
			"to": [ 30, -5, 7 ],
			"faces": {
				"down": { "uv": [ 4.25, 2.125, 4.875, 2.25 ], "texture": "#mesh_atlas" },
				"up": { "uv": [ 2.375, 2.125, 3, 2 ], "texture": "#mesh_atlas" },
				"north": { "uv": [ 3.625, 2, 3, 2.125 ], "texture": "#mesh_atlas" },
				"south": { "uv": [ 3.625, 2, 4.25, 2.125 ], "texture": "#mesh_atlas" },
				"west": { "uv": [ 5.125, 4.125, 5.25, 4.25 ], "texture": "#mesh_atlas" },
				"east": { "uv": [ 5.25, 4, 5.125, 4.125 ], "texture": "#mesh_atlas" }
			}
		},
		{
			"__comment": "Voxels",
			"from": [ 25, -5, 5 ],
			"to": [ 29, -2, 6 ],
			"faces": {
				"down": { "uv": [ 3.25, 1, 3.75, 1.125 ], "texture": "#mesh_atlas" },
				"up": { "uv": [ 3.25, 1, 3.75, 0.875 ], "texture": "#mesh_atlas" },
				"north": { "uv": [ 0.875, 0.25, 0.375, 0.625 ], "texture": "#mesh_atlas" },
				"south": { "uv": [ 1, 5.75, 1.5, 6.125 ], "texture": "#mesh_atlas" },
				"west": { "uv": [ 4.875, 9.125, 5, 9.5 ], "texture": "#mesh_atlas" },
				"east": { "uv": [ 5, 8.75, 4.875, 9.125 ], "texture": "#mesh_atlas" }
			}
		},
		{
			"__comment": "Voxels",
			"from": [ 25, 1, 5 ],
			"to": [ 28, 3, 6 ],
			"faces": {
				"down": { "uv": [ 9.875, 10.875, 10.25, 11 ], "texture": "#mesh_atlas" },
				"up": { "uv": [ 10.25, 11, 10.625, 10.875 ], "texture": "#mesh_atlas" },
				"north": { "uv": [ 4.625, 3.25, 4.25, 3.5 ], "texture": "#mesh_atlas" },
				"south": { "uv": [ 2.375, 2.75, 2.75, 3 ], "texture": "#mesh_atlas" },
				"west": { "uv": [ 4.875, 4, 5, 4.25 ], "texture": "#mesh_atlas" },
				"east": { "uv": [ 5, 3.75, 4.875, 4 ], "texture": "#mesh_atlas" }
			}
		},
		{
			"__comment": "Voxels",
			"from": [ 25, 5, 5 ],
			"to": [ 26, 6, 6 ],
			"faces": {
				"down": { "uv": [ 5.125, 2.375, 5.25, 2.5 ], "texture": "#mesh_atlas" },
				"up": { "uv": [ 5.125, 2.375, 5.25, 2.25 ], "texture": "#mesh_atlas" },
				"north": { "uv": [ 5.25, 2.125, 5.125, 2.25 ], "texture": "#mesh_atlas" },
				"south": { "uv": [ 5.125, 2, 5.25, 2.125 ], "texture": "#mesh_atlas" },
				"west": { "uv": [ 5.125, 1.875, 5.25, 2 ], "texture": "#mesh_atlas" },
				"east": { "uv": [ 5.25, 1.75, 5.125, 1.875 ], "texture": "#mesh_atlas" }
			}
		},
		{
			"__comment": "Voxels",
			"from": [ 26, -6, 11 ],
			"to": [ 30, -5, 12 ],
			"faces": {
				"down": { "uv": [ 3.25, 0.375, 3.75, 0.5 ], "texture": "#mesh_atlas" },
				"up": { "uv": [ 3.25, 0.375, 3.75, 0.25 ], "texture": "#mesh_atlas" },
				"north": { "uv": [ 3.75, 0.125, 3.25, 0.25 ], "texture": "#mesh_atlas" },
				"south": { "uv": [ 3.25, 0, 3.75, 0.125 ], "texture": "#mesh_atlas" },
				"west": { "uv": [ 5.125, 1.125, 5.25, 1.25 ], "texture": "#mesh_atlas" },
				"east": { "uv": [ 5.25, 1, 5.125, 1.125 ], "texture": "#mesh_atlas" }
			}
		},
		{
			"__comment": "Voxels",
			"from": [ 26, -3, 12 ],
			"to": [ 29, -1, 13 ],
			"faces": {
				"down": { "uv": [ 12.125, 10.875, 12.5, 11 ], "texture": "#mesh_atlas" },
				"up": { "uv": [ 12.5, 11, 12.875, 10.875 ], "texture": "#mesh_atlas" },
				"north": { "uv": [ 3.125, 2.75, 2.75, 3 ], "texture": "#mesh_atlas" },
				"south": { "uv": [ 3.125, 2.75, 3.5, 3 ], "texture": "#mesh_atlas" },
				"west": { "uv": [ 4.875, 3.5, 5, 3.75 ], "texture": "#mesh_atlas" },
				"east": { "uv": [ 5, 3.25, 4.875, 3.5 ], "texture": "#mesh_atlas" }
			}
		},
		{
			"__comment": "Voxels",
			"from": [ 26, -2, 5 ],
			"to": [ 29, 0, 6 ],
			"faces": {
				"down": { "uv": [ 13.625, 10.875, 14, 11 ], "texture": "#mesh_atlas" },
				"up": { "uv": [ 14, 11, 14.375, 10.875 ], "texture": "#mesh_atlas" },
				"north": { "uv": [ 3.875, 2.75, 3.5, 3 ], "texture": "#mesh_atlas" },
				"south": { "uv": [ 3.875, 2.75, 4.25, 3 ], "texture": "#mesh_atlas" },
				"west": { "uv": [ 2.25, 10.625, 2.375, 10.875 ], "texture": "#mesh_atlas" },
				"east": { "uv": [ 5, 3, 4.875, 3.25 ], "texture": "#mesh_atlas" }
			}
		},
		{
			"__comment": "Voxels",
			"from": [ 26, 0, 5 ],
			"to": [ 28, 1, 6 ],
			"faces": {
				"down": { "uv": [ 8.25, 10.75, 8.5, 10.875 ], "texture": "#mesh_atlas" },
				"up": { "uv": [ 8.5, 10.875, 8.75, 10.75 ], "texture": "#mesh_atlas" },
				"north": { "uv": [ 9, 10.75, 8.75, 10.875 ], "texture": "#mesh_atlas" },
				"south": { "uv": [ 9, 10.75, 9.25, 10.875 ], "texture": "#mesh_atlas" },
				"west": { "uv": [ 6.25, 10.625, 6.375, 10.75 ], "texture": "#mesh_atlas" },
				"east": { "uv": [ 6.5, 10.625, 6.375, 10.75 ], "texture": "#mesh_atlas" }
			}
		},
		{
			"__comment": "Voxels",
			"from": [ 26, 1, 12 ],
			"to": [ 28, 3, 13 ],
			"faces": {
				"down": { "uv": [ 9.25, 10.75, 9.5, 10.875 ], "texture": "#mesh_atlas" },
				"up": { "uv": [ 10, 10.875, 10.25, 10.75 ], "texture": "#mesh_atlas" },
				"north": { "uv": [ 2.375, 9.375, 2.125, 9.625 ], "texture": "#mesh_atlas" },
				"south": { "uv": [ 2.125, 9.125, 2.375, 9.375 ], "texture": "#mesh_atlas" },
				"west": { "uv": [ 4.875, 1.75, 5, 2 ], "texture": "#mesh_atlas" },
				"east": { "uv": [ 5, 1, 4.875, 1.25 ], "texture": "#mesh_atlas" }
			}
		},
		{
			"__comment": "Voxels",
			"from": [ 26, 3, 12 ],
			"to": [ 27, 4, 13 ],
			"faces": {
				"down": { "uv": [ 7.25, 10.625, 7.375, 10.75 ], "texture": "#mesh_atlas" },
				"up": { "uv": [ 7.375, 10.75, 7.5, 10.625 ], "texture": "#mesh_atlas" },
				"north": { "uv": [ 7.625, 10.625, 7.5, 10.75 ], "texture": "#mesh_atlas" },
				"south": { "uv": [ 7.625, 10.625, 7.75, 10.75 ], "texture": "#mesh_atlas" },
				"west": { "uv": [ 7.75, 10.625, 7.875, 10.75 ], "texture": "#mesh_atlas" },
				"east": { "uv": [ 8, 10.625, 7.875, 10.75 ], "texture": "#mesh_atlas" }
			}
		},
		{
			"__comment": "Voxels",
			"from": [ 27, -6, 5 ],
			"to": [ 29, -5, 6 ],
			"faces": {
				"down": { "uv": [ 11.25, 10.75, 11.5, 10.875 ], "texture": "#mesh_atlas" },
				"up": { "uv": [ 12, 10.875, 12.25, 10.75 ], "texture": "#mesh_atlas" },
				"north": { "uv": [ 12.5, 10.75, 12.25, 10.875 ], "texture": "#mesh_atlas" },
				"south": { "uv": [ 12.5, 10.75, 12.75, 10.875 ], "texture": "#mesh_atlas" },
				"west": { "uv": [ 8.5, 10.625, 8.625, 10.75 ], "texture": "#mesh_atlas" },
				"east": { "uv": [ 8.75, 10.625, 8.625, 10.75 ], "texture": "#mesh_atlas" }
			}
		},
		{
			"__comment": "Voxels",
			"from": [ 28, -7, 6 ],
			"to": [ 29, -6, 11 ],
			"faces": {
				"down": { "uv": [ 0.875, 9.875, 1, 10.5 ], "texture": "#mesh_atlas" },
				"up": { "uv": [ 2.375, 1.625, 2.5, 1 ], "texture": "#mesh_atlas" },
				"north": { "uv": [ 9.125, 10.625, 9, 10.75 ], "texture": "#mesh_atlas" },
				"south": { "uv": [ 9.125, 10.625, 9.25, 10.75 ], "texture": "#mesh_atlas" },
				"west": { "uv": [ 2.375, 0.875, 3, 1 ], "texture": "#mesh_atlas" },
				"east": { "uv": [ 4.25, 2.125, 3.625, 2.25 ], "texture": "#mesh_atlas" }
			}
		},
		{
			"__comment": "Voxels",
			"from": [ 29, -7, 8 ],
			"to": [ 30, -6, 11 ],
			"faces": {
				"down": { "uv": [ 4.875, 6.125, 5, 6.5 ], "texture": "#mesh_atlas" },
				"up": { "uv": [ 4.875, 6.125, 5, 5.75 ], "texture": "#mesh_atlas" },
				"north": { "uv": [ 9.875, 10.625, 9.75, 10.75 ], "texture": "#mesh_atlas" },
				"south": { "uv": [ 9.875, 10.625, 10, 10.75 ], "texture": "#mesh_atlas" },
				"west": { "uv": [ 5, 10.75, 5.375, 10.875 ], "texture": "#mesh_atlas" },
				"east": { "uv": [ 5.75, 10.75, 5.375, 10.875 ], "texture": "#mesh_atlas" }
			}
		},
		{
			"__comment": "Voxels",
			"from": [ 30, -6, 8 ],
			"to": [ 31, -5, 11 ],
			"faces": {
				"down": { "uv": [ 4.875, 5.375, 5, 5.75 ], "texture": "#mesh_atlas" },
				"up": { "uv": [ 4.875, 5.375, 5, 5 ], "texture": "#mesh_atlas" },
				"north": { "uv": [ 10.625, 10.625, 10.5, 10.75 ], "texture": "#mesh_atlas" },
				"south": { "uv": [ 10.625, 10.625, 10.75, 10.75 ], "texture": "#mesh_atlas" },
				"west": { "uv": [ 5.75, 10.75, 6.125, 10.875 ], "texture": "#mesh_atlas" },
				"east": { "uv": [ 6.5, 10.75, 6.125, 10.875 ], "texture": "#mesh_atlas" }
			}
		},
		{
			"__comment": "Voxels",
			"from": [ 30, -5, 7 ],
			"to": [ 31, -3, 8 ],
			"faces": {
				"down": { "uv": [ 11, 10.625, 11.125, 10.75 ], "texture": "#mesh_atlas" },
				"up": { "uv": [ 11.125, 10.75, 11.25, 10.625 ], "texture": "#mesh_atlas" },
				"north": { "uv": [ 1, 1.625, 0.875, 1.875 ], "texture": "#mesh_atlas" },
				"south": { "uv": [ 0.875, 0, 1, 0.25 ], "texture": "#mesh_atlas" },
				"west": { "uv": [ 2.25, 10.875, 2.375, 11.125 ], "texture": "#mesh_atlas" },
				"east": { "uv": [ 4.75, 4, 4.625, 4.25 ], "texture": "#mesh_atlas" }
			}
		}
	],
	"display": {
		"thirdperson_righthand": {
			"rotation":  [ -5, -90, 4 ],
			"translation":  [ 0, 0, -1.389 ],
			"scale":  [ 0.2, 0.2, 0.2 ]
		},
		"thirdperson_lefthand": {
			"rotation":  [ -5, 90, 4 ],
			"translation":  [ 0, 0, -1.389 ],
			"scale":  [ 0.2, 0.2, 0.2 ]
		},
		"firstperson_righthand": {
			"rotation":  [ -25, -90, -25 ],
			"translation":  [ 1.13, 3.195, -0.956 ],
			"scale":  [ 0.25, 0.25, 0.25 ]
		},
		"firstperson_lefthand": {
			"rotation":  [ 25, 95, -25 ],
			"translation":  [ 1.13, 3.195, -0.956 ],
			"scale":  [ 0.25, 0.25, 0.25 ]
		},
		"gui": {
			"scale":  [ 0.2, 0.2, 0.2 ]
		},
		"ground": {
			"translation":  [ 0, 2.7826, 0 ],
			"scale":  [ 0.2, 0.2, 0.2 ]
		},
		"fixed": {
			"scale":  [ 0.25, 0.25, 0.25 ]
		}
	}
}