{
	"credit": "Made with Blockbench, Pompier15 www.matrice-software.fr",
	"textures": {
		"particle": "block/dark_oak_door_bottom",
		"texture": "block/dark_oak_door_bottom",
		"texture1": "ctm/doors/dark_oak/side",
		"texture2": "ctm/doors/dark_oak/front"
	},
	"elements": [
		{
			"name": "Box1",
			"from": [0.5, 0, 0],
			"to": [2.5, 16, 16],
			"faces": {
				"north": {"uv": [13.5, 0, 15.5, 16], "texture": "#texture1"},
				"east": {"uv": [0, 0, 16, 16], "texture": "#texture"},
				"south": {"uv": [13.5, 0, 15.5, 16], "texture": "#texture1"},
				"west": {"uv": [16, 0, 0, 16], "texture": "#texture"},
				"down": {"uv": [0, 0.5, 16, 2.5], "rotation": 270, "texture": "#texture2"}
			}
		},
		{
			"name": "Box1",
			"from": [0, 0, 0],
			"to": [0.5, 2.5, 16],
			"faces": {
				"north": {"uv": [15.5, 13.5, 16, 16], "texture": "#texture"},
				"south": {"uv": [0, 13.5, 0.5, 16], "texture": "#texture"},
				"west": {"uv": [16, 13.5, 0, 16], "texture": "#texture"},
				"up": {"uv": [0, 13.5, 16, 14], "rotation": 270, "texture": "#texture"},
				"down": {"uv": [0, 0, 16, 0.5], "rotation": 270, "texture": "#texture2"}
			}
		},
		{
			"name": "Box1",
			"from": [0, 14.5, 0],
			"to": [0.5, 16, 16],
			"faces": {
				"north": {"uv": [15.5, 0, 16, 1.5], "texture": "#texture"},
				"south": {"uv": [0, 0, 0.5, 1.5], "texture": "#texture"},
				"west": {"uv": [16, 0, 0, 1.5], "texture": "#texture"},
				"down": {"uv": [0, 1, 16, 1.5], "rotation": 270, "texture": "#texture"}
			}
		},
		{
			"name": "Box1",
			"from": [0, 2.5, 13.5],
			"to": [0.5, 14.5, 16],
			"faces": {
				"north": {"uv": [2, 1.5, 2.5, 13.5], "texture": "#texture"},
				"south": {"uv": [0, 1.5, 0.5, 13.5], "texture": "#texture"},
				"west": {"uv": [2.5, 1.5, 0, 13.5], "texture": "#texture"}
			}
		},
		{
			"name": "Box1",
			"from": [0, 2.5, 6.5],
			"to": [0.5, 14.5, 9.5],
			"faces": {
				"north": {"uv": [9, 1.5, 9.5, 13.5], "texture": "#texture"},
				"south": {"uv": [6.5, 1.5, 7, 13.5], "texture": "#texture"},
				"west": {"uv": [9.5, 1.5, 6.5, 13.5], "texture": "#texture"}
			}
		},
		{
			"name": "Box1",
			"from": [0, 2.5, 0],
			"to": [0.5, 14.5, 2.5],
			"faces": {
				"north": {"uv": [15.5, 1.5, 16, 13.5], "texture": "#texture"},
				"south": {"uv": [13.5, 1.5, 14, 13.5], "texture": "#texture"},
				"west": {"uv": [16, 1.5, 13.5, 13.5], "texture": "#texture"}
			}
		},
		{
			"name": "Box1",
			"from": [2.5, 0, 0],
			"to": [3, 2.5, 16],
			"faces": {
				"north": {"uv": [15.5, 13.5, 16, 16], "texture": "#texture"},
				"east": {"uv": [0, 13.5, 16, 16], "texture": "#texture"},
				"south": {"uv": [0, 13.5, 0.5, 16], "texture": "#texture"},
				"up": {"uv": [0, 13.5, 16, 14], "rotation": 270, "texture": "#texture"},
				"down": {"uv": [0, 0, 16, 0.5], "rotation": 270, "texture": "#texture2"}
			}
		},
		{
			"name": "Box1",
			"from": [2.5, 14.5, 0],
			"to": [3, 16, 16],
			"faces": {
				"north": {"uv": [15.5, 0, 16, 1.5], "texture": "#texture"},
				"east": {"uv": [0, 0, 16, 1.5], "texture": "#texture"},
				"south": {"uv": [0, 0, 0.5, 1.5], "texture": "#texture"},
				"down": {"uv": [0, 1, 16, 1.5], "rotation": 270, "texture": "#texture"}
			}
		},
		{
			"name": "Box1",
			"from": [2.5, 2.5, 13.5],
			"to": [3, 14.5, 16],
			"faces": {
				"north": {"uv": [2, 1.5, 2.5, 13.5], "texture": "#texture"},
				"east": {"uv": [0, 1.5, 2.5, 13.5], "texture": "#texture"},
				"south": {"uv": [0, 1.5, 0.5, 13.5], "texture": "#texture"}
			}
		},
		{
			"name": "Box1",
			"from": [2.5, 2.5, 6.5],
			"to": [3, 14.5, 9.5],
			"faces": {
				"north": {"uv": [9, 1.5, 9.5, 13.5], "texture": "#texture"},
				"east": {"uv": [6.5, 1.5, 9.5, 13.5], "texture": "#texture"},
				"south": {"uv": [6.5, 1.5, 7, 13.5], "texture": "#texture"}
			}
		},
		{
			"name": "Box1",
			"from": [2.5, 2.5, 0],
			"to": [3, 14.5, 2.5],
			"faces": {
				"north": {"uv": [15.5, 1.5, 16, 13.5], "texture": "#texture"},
				"east": {"uv": [13.5, 1.5, 16, 13.5], "texture": "#texture"},
				"south": {"uv": [13.5, 1.5, 14, 13.5], "texture": "#texture"}
			}
		},
		{
			"from": [2, 4, 15],
			"to": [3.25, 6, 16.25],
			"faces": {
				"north": {"uv": [0.5, 10, 1, 12], "texture": "#texture"},
				"east": {"uv": [0, 10, 1, 12], "texture": "#texture"},
				"south": {"uv": [0, 10, 0.5, 12], "texture": "#texture"},
				"west": {"uv": [0.5, 10, 1, 12], "texture": "#texture"},
				"up": {"uv": [0, 10, 1, 10.5], "rotation": 180, "texture": "#texture"},
				"down": {"uv": [0, 11.5, 1, 12], "rotation": 180, "texture": "#texture"}
			}
		},
		{
			"from": [-0.25, 4, 15],
			"to": [1, 6, 16.25],
			"faces": {
				"north": {"uv": [0.5, 10, 1, 12], "texture": "#texture"},
				"east": {"uv": [0, 10, 1, 12], "texture": "#texture"},
				"south": {"uv": [0, 10, 0.5, 12], "texture": "#texture"},
				"west": {"uv": [1, 10, 0, 12], "texture": "#texture"},
				"up": {"uv": [0, 10, 1, 10.5], "rotation": 180, "texture": "#texture"},
				"down": {"uv": [0, 11.5, 1, 12], "rotation": 180, "texture": "#texture"}
			}
		},
		{
			"from": [2, 15, 15],
			"to": [3.25, 16, 16.25],
			"faces": {
				"north": {"uv": [0.5, 0, 1, 1], "texture": "#texture"},
				"east": {"uv": [0, 0, 1, 1], "texture": "#texture"},
				"south": {"uv": [0, 0, 0.5, 1], "texture": "#texture"},
				"west": {"uv": [1, 0, 0, 1], "texture": "#texture"},
				"up": {"uv": [0, 0, 0.5, 0.5], "rotation": 180, "texture": "#texture"},
				"down": {"uv": [0, 0.5, 0.5, 1], "rotation": 180, "texture": "#texture"}
			}
		},
		{
			"from": [-0.25, 15, 15],
			"to": [1, 16, 16.25],
			"faces": {
				"north": {"uv": [0.5, 0, 1, 1], "texture": "#texture"},
				"east": {"uv": [0, 0, 1, 1], "texture": "#texture"},
				"south": {"uv": [0, 0, 0.5, 1], "texture": "#texture"},
				"west": {"uv": [1, 0, 0, 1], "texture": "#texture"},
				"up": {"uv": [0, 0, 0.5, 0.5], "rotation": 180, "texture": "#texture"},
				"down": {"uv": [0, 0.5, 0.5, 1], "rotation": 180, "texture": "#texture"}
			}
		},
		{
			"from": [3, 15, 4.5],
			"to": [3.25, 16, 5],
			"faces": {
				"north": {"uv": [11, 0, 11.5, 1], "texture": "#texture"},
				"east": {"uv": [11, 0, 11.5, 1], "texture": "#texture"},
				"south": {"uv": [11, 0, 11.5, 1], "texture": "#texture"},
				"west": {"uv": [11, 0, 11.5, 1], "texture": "#texture"},
				"up": {"uv": [11, 0, 11.5, 1], "rotation": 180, "texture": "#texture"},
				"down": {"uv": [11, 0, 11.5, 1], "rotation": 180, "texture": "#texture"}
			}
		},
		{
			"from": [3, 15.5, 4],
			"to": [3.25, 16, 4.5],
			"faces": {
				"north": {"uv": [11.5, 0, 12, 0.5], "texture": "#texture"},
				"east": {"uv": [11.5, 0, 12, 0.5], "texture": "#texture"},
				"south": {"uv": [11.5, 0, 12, 0.5], "texture": "#texture"},
				"west": {"uv": [11.5, 0, 12, 0.5], "texture": "#texture"},
				"up": {"uv": [11.5, 0, 12, 0.5], "rotation": 180, "texture": "#texture"},
				"down": {"uv": [11.5, 0, 12, 0.5], "rotation": 180, "texture": "#texture"}
			}
		},
		{
			"from": [-0.25, 15, 4.5],
			"to": [0, 16, 5],
			"faces": {
				"north": {"uv": [11, 0, 11.5, 1], "texture": "#texture"},
				"east": {"uv": [11, 0, 11.5, 1], "texture": "#texture"},
				"south": {"uv": [11, 0, 11.5, 1], "texture": "#texture"},
				"west": {"uv": [11, 0, 11.5, 1], "texture": "#texture"},
				"up": {"uv": [11, 0, 11.5, 1], "rotation": 180, "texture": "#texture"},
				"down": {"uv": [11, 0, 11.5, 1], "rotation": 180, "texture": "#texture"}
			}
		},
		{
			"from": [-0.25, 15.5, 4],
			"to": [0, 16, 4.5],
			"faces": {
				"north": {"uv": [11.5, 0, 12, 0.5], "texture": "#texture"},
				"east": {"uv": [11.5, 0, 12, 0.5], "texture": "#texture"},
				"south": {"uv": [11.5, 0, 12, 0.5], "texture": "#texture"},
				"west": {"uv": [11.5, 0, 12, 0.5], "texture": "#texture"},
				"up": {"uv": [11.5, 0, 12, 0.5], "rotation": 180, "texture": "#texture"},
				"down": {"uv": [11.5, 0, 12, 0.5], "rotation": 180, "texture": "#texture"}
			}
		}
	],
	"groups": [
		{
			"name": "group",
			"origin": [8, 8, 8],
			"color": 0,
			"children": [0, 1, 2, 3, 4, 5, 6, 7, 8, 9, 10, 11, 12, 13, 14, 15, 16, 17, 18]
		}
	]
}