{
	"credit": "Made with Blockbench",
	"textures": {
		"0": "block/mangrove_trapdoor",
		"particle": "block/mangrove_trapdoor"
	},
	"elements": [
		{
			"from": [0, 0, 0],
			"to": [5, 3, 16],
			"faces": {
				"north": {"uv": [5.5, 0, 10.5, 3], "texture": "#0"},
				"east": {"uv": [5.5, 0, 10.5, 3], "texture": "#0"},
				"south": {"uv": [4, 0, 9, 3], "texture": "#0"},
				"west": {"uv": [4, 0, 12, 3], "texture": "#0"},
				"up": {"uv": [0, 16, 5, 0], "texture": "#0"},
				"down": {"uv": [0, 0, 5, 16], "texture": "#0"}
			}
		},
		{
			"from": [11, 0, 0],
			"to": [16, 3, 16],
			"faces": {
				"north": {"uv": [5, 0, 10, 3], "texture": "#0"},
				"east": {"uv": [4, 0, 12, 3], "texture": "#0"},
				"south": {"uv": [7, 0, 12, 3], "texture": "#0"},
				"west": {"uv": [5, 0, 11, 3], "texture": "#0"},
				"up": {"uv": [11, 16, 16, 0], "texture": "#0"},
				"down": {"uv": [11, 0, 16, 16], "texture": "#0"}
			}
		},
		{
			"from": [5, 0, 11],
			"to": [11, 3, 16],
			"faces": {
				"north": {"uv": [6, 0, 10.5, 3], "texture": "#0"},
				"east": {"uv": [0, 0, 5, 3], "texture": "#missing"},
				"south": {"uv": [6, 0, 10.5, 3], "texture": "#0"},
				"west": {"uv": [0, 0, 5, 3], "texture": "#missing"},
				"up": {"uv": [5, 5, 11, 0], "texture": "#0"},
				"down": {"uv": [5, 0, 11, 5], "texture": "#0"}
			}
		},
		{
			"from": [5, 0, 0],
			"to": [11, 3, 5],
			"faces": {
				"north": {"uv": [5, 0, 11, 3], "texture": "#0"},
				"east": {"uv": [0, 0, 5, 3], "texture": "#missing"},
				"south": {"uv": [5, 0, 11, 3], "texture": "#0"},
				"west": {"uv": [0, 0, 5, 3], "texture": "#missing"},
				"up": {"uv": [5, 16, 11, 11], "texture": "#0"},
				"down": {"uv": [5, 11, 11, 16], "texture": "#0"}
			}
		},
		{
			"from": [5, 0, 5],
			"to": [5.5, 3, 6],
			"faces": {
				"north": {"uv": [3, 5.5, 4, 8.5], "texture": "#0"},
				"east": {"uv": [8, 0, 9, 3], "texture": "#0"},
				"south": {"uv": [9, 0, 9.5, 3], "texture": "#0"},
				"west": {"uv": [2.5, 5.5, 4.5, 8.5], "texture": "#0"},
				"up": {"uv": [5, 5, 5.5, 6], "texture": "#0"},
				"down": {"uv": [5, 5, 5.5, 6], "texture": "#0"}
			}
		},
		{
			"from": [10.5, 0, 5],
			"to": [11, 3, 6],
			"faces": {
				"north": {"uv": [3, 5.5, 4, 8.5], "texture": "#0"},
				"east": {"uv": [2.5, 5.5, 4.5, 8.5], "texture": "#0"},
				"south": {"uv": [9.5, 0, 10, 3], "texture": "#0"},
				"west": {"uv": [8.5, 0, 9.5, 3], "texture": "#0"},
				"up": {"uv": [5, 5, 5.5, 6], "texture": "#0"},
				"down": {"uv": [5, 10, 5.5, 11], "texture": "#0"}
			}
		},
		{
			"from": [10.5, 0, 10],
			"to": [11, 3, 11],
			"faces": {
				"north": {"uv": [8.5, 0, 9, 3], "texture": "#0"},
				"east": {"uv": [2.5, 5.5, 4.5, 8.5], "texture": "#0"},
				"south": {"uv": [3, 5.5, 4, 8.5], "texture": "#0"},
				"west": {"uv": [9, 0, 10, 3], "texture": "#0"},
				"up": {"uv": [5, 5, 5.5, 6], "texture": "#0"},
				"down": {"uv": [5, 10, 5.5, 11], "texture": "#0"}
			}
		},
		{
			"from": [5, 0, 10],
			"to": [5.5, 3, 11],
			"faces": {
				"north": {"uv": [9.5, 0, 10, 3], "texture": "#0"},
				"east": {"uv": [9, 0, 10, 3], "texture": "#0"},
				"south": {"uv": [3, 5.5, 4, 8.5], "texture": "#0"},
				"west": {"uv": [2.5, 5.5, 4.5, 8.5], "texture": "#0"},
				"up": {"uv": [5, 5, 5.5, 6], "texture": "#0"},
				"down": {"uv": [10.5, 5, 11, 6], "texture": "#0"}
			}
		},
		{
			"from": [5.5, 0, 5],
			"to": [6, 3, 5.5],
			"faces": {
				"north": {"uv": [3, 5, 3.5, 8], "texture": "#0"},
				"east": {"uv": [9.5, 0, 10, 3], "texture": "#0"},
				"south": {"uv": [9, 0, 9.5, 3], "texture": "#0"},
				"west": {"uv": [9, 0, 9.5, 3], "texture": "#0"},
				"up": {"uv": [5.5, 5, 6, 5.5], "texture": "#0"},
				"down": {"uv": [5.5, 5, 6, 5.5], "texture": "#0"}
			}
		},
		{
			"from": [10, 0, 5],
			"to": [10.5, 3, 5.5],
			"faces": {
				"north": {"uv": [3, 5, 3.5, 8], "texture": "#0"},
				"east": {"uv": [3, 5, 3.5, 8], "texture": "#0"},
				"south": {"uv": [9, 0, 9.5, 3], "texture": "#0"},
				"west": {"uv": [9, 0, 9.5, 3], "texture": "#0"},
				"up": {"uv": [5.5, 5, 6, 5.5], "texture": "#0"},
				"down": {"uv": [5.5, 5, 6, 5.5], "texture": "#0"}
			}
		},
		{
			"from": [10, 0, 10.5],
			"to": [10.5, 3, 11],
			"faces": {
				"north": {"uv": [6, 0, 6.5, 3], "texture": "#0"},
				"east": {"uv": [3, 5, 3.5, 8], "texture": "#0"},
				"south": {"uv": [3, 5, 3.5, 8], "texture": "#0"},
				"west": {"uv": [6, 0, 6.5, 3], "texture": "#0"},
				"up": {"uv": [5.5, 5, 6, 5.5], "texture": "#0"},
				"down": {"uv": [5.5, 5, 6, 5.5], "texture": "#0"}
			}
		},
		{
			"from": [5.5, 0, 10.5],
			"to": [6, 3, 11],
			"faces": {
				"north": {"uv": [9.5, 0, 10, 3], "texture": "#0"},
				"east": {"uv": [9.5, 0, 10, 3], "texture": "#0"},
				"south": {"uv": [3, 5, 3.5, 8], "texture": "#0"},
				"west": {"uv": [3, 5, 3.5, 8], "texture": "#0"},
				"up": {"uv": [5.5, 5, 6, 5.5], "texture": "#0"},
				"down": {"uv": [5.5, 5, 6, 5.5], "texture": "#0"}
			}
		},
		{
			"from": [4.5, 3, 0],
			"to": [11.5, 3.25, 2.5],
			"faces": {
				"north": {"uv": [4.5, 15.8, 11.5, 16], "texture": "#0"},
				"east": {"uv": [4.5, 13.5, 7, 13.7], "texture": "#0"},
				"south": {"uv": [4.5, 13.5, 11.5, 13.7], "texture": "#0"},
				"west": {"uv": [4.5, 13.5, 7, 13.7], "texture": "#0"},
				"up": {"uv": [4.5, 16, 11.5, 13.5], "texture": "#0"},
				"down": {"uv": [4.5, 13.5, 11.5, 16], "texture": "#0"}
			}
		},
		{
			"from": [4.5, -0.25, 0],
			"to": [11.5, 0, 2.5],
			"faces": {
				"north": {"uv": [4.5, 15.8, 11.5, 16], "texture": "#0"},
				"east": {"uv": [4.5, 13.5, 7, 13.7], "texture": "#0"},
				"south": {"uv": [4.5, 13.5, 11.5, 13.7], "texture": "#0"},
				"west": {"uv": [4.5, 13.5, 7, 13.7], "texture": "#0"},
				"up": {"uv": [4.5, 16, 11.5, 13.5], "texture": "#0"},
				"down": {"uv": [4.5, 13.5, 11.5, 16], "texture": "#0"}
			}
		}
	],
	"groups": [
		{
			"name": "group",
			"origin": [0, 0, 0],
			"color": 0,
			"children": [0, 1, 2, 3, 4, 5, 6, 7, 8, 9, 10, 11, 12, 13]
		}
	]
}