{
	"credit": "Made with Blockbench, Pompier15 www.matrice-software.fr",
	"ambientocclusion": false,
	"textures": {
		"1": "block/iron_bars",
		"particle": "block/iron_bars"
	},
	"elements": [
		{
			"from": [7, 0.001, 9],
			"to": [9, 0.001, 16],
			"faces": {
				"up": {"uv": [7, 9, 9, 16], "texture": "#missing"},
				"down": {"uv": [9, 9, 7, 16], "texture": "#1"}
			}
		},
		{
			"from": [7, 0, 9],
			"to": [9, 1, 16],
			"faces": {
				"north": {"uv": [2, 9.5, 4, 10.5], "texture": "#1"},
				"east": {"uv": [7, 12.5, 14, 13.5], "texture": "#1"},
				"south": {"uv": [7, 9, 9, 10], "texture": "#1"},
				"west": {"uv": [2, 2.5, 9, 3.5], "texture": "#1"},
				"up": {"uv": [7, 6, 9, 13], "texture": "#1"}
			}
		},
		{
			"from": [7.75, 1, 12],
			"to": [8.25, 15, 14],
			"faces": {
				"north": {"uv": [13, 1, 13.5, 15], "texture": "#1"},
				"east": {"uv": [2, 1, 4, 15], "texture": "#1"},
				"south": {"uv": [13, 1, 13.5, 15], "texture": "#1"},
				"west": {"uv": [4, 1, 2, 15], "texture": "#1"},
				"up": {"uv": [12, 0, 14, 14], "texture": "#missing"},
				"down": {"uv": [12, 0, 14, 14], "texture": "#missing"}
			}
		},
		{
			"from": [7.75, 7, 14],
			"to": [8.25, 9, 16],
			"faces": {
				"east": {"uv": [0, 7, 2, 9], "texture": "#1"},
				"south": {"uv": [12.5, 3, 13, 5], "texture": "#1"},
				"west": {"uv": [2, 7, 0, 9], "texture": "#1"},
				"up": {"uv": [12.5, 3, 13, 5], "texture": "#1"},
				"down": {"uv": [12.5, 3, 13, 5], "texture": "#1"}
			}
		},
		{
			"from": [7, 15, 9],
			"to": [9, 16, 16],
			"faces": {
				"north": {"uv": [7, 0, 9, 1], "texture": "#1"},
				"east": {"uv": [2, 2, 9, 3], "texture": "#1"},
				"south": {"uv": [2, 12, 4, 13], "texture": "#1"},
				"west": {"uv": [2, 2, 9, 3], "texture": "#1"},
				"up": {"uv": [2, 4, 4, 11], "texture": "#1"},
				"down": {"uv": [7, 1, 9, 8], "texture": "#1"}
			}
		},
		{
			"from": [7.75, 12, 9],
			"to": [8.25, 14, 12],
			"faces": {
				"north": {"uv": [7.5, 9, 8, 11], "texture": "#1"},
				"east": {"uv": [4, 2, 7, 4], "texture": "#1"},
				"west": {"uv": [7, 2, 4, 4], "texture": "#1"},
				"up": {"uv": [2.5, 10, 3, 13], "texture": "#1"},
				"down": {"uv": [12.5, 8.5, 13, 11.5], "texture": "#1"}
			}
		}
	]
}