{
	"credit": "Made with Blockbench, Pompier15 www.matrice-software.fr",
	"ambientocclusion": false,
	"textures": {
		"1": "block/iron_bars",
		"particle": "block/iron_bars"
	},
	"elements": [
		{
			"from": [7, 0, 0],
			"to": [9, 1, 7],
			"faces": {
				"north": {"uv": [7, 15, 9, 16], "texture": "#1"},
				"east": {"uv": [2, 3, 9, 4], "texture": "#1"},
				"south": {"uv": [2, 10, 4, 11], "texture": "#1"},
				"west": {"uv": [2, 2.5, 9, 3.5], "texture": "#1"},
				"up": {"uv": [7, 4, 9, 12], "texture": "#1"},
				"down": {"uv": [7, 4, 9, 12], "texture": "#1"}
			}
		},
		{
			"from": [7.75, 1, 3],
			"to": [8.25, 15, 4],
			"faces": {
				"north": {"uv": [2, 1, 4, 15], "texture": "#missing"},
				"east": {"uv": [12, 1, 13, 15], "texture": "#1"},
				"south": {"uv": [12, 1, 12.5, 15], "texture": "#1"},
				"west": {"uv": [13, 1, 12, 15], "texture": "#1"}
			}
		},
		{
			"from": [7.75, 1, 2],
			"to": [8.25, 15, 3],
			"faces": {
				"north": {"uv": [13.5, 1, 14, 15], "texture": "#1"},
				"east": {"uv": [13, 1, 14, 15], "texture": "#1"},
				"south": {"uv": [2, 1, 4, 15], "texture": "#missing"},
				"west": {"uv": [14, 1, 13, 15], "texture": "#1"}
			}
		},
		{
			"from": [7.75, 2, 4],
			"to": [8.25, 4, 7],
			"faces": {
				"east": {"uv": [9, 12, 12, 14], "texture": "#1"},
				"south": {"uv": [12, 12, 12.5, 14], "texture": "#1"},
				"west": {"uv": [12, 12, 9, 14], "texture": "#1"},
				"up": {"uv": [12, 11, 12.5, 14], "texture": "#1"},
				"down": {"uv": [12, 11, 12.5, 14], "texture": "#1"}
			}
		},
		{
			"from": [7.75, 7, 0],
			"to": [8.25, 9, 2],
			"faces": {
				"north": {"uv": [15.5, 7, 16, 9], "texture": "#1"},
				"east": {"uv": [14, 7, 16, 9], "texture": "#1"},
				"west": {"uv": [14, 7, 16, 9], "texture": "#1"},
				"up": {"uv": [2, 11, 2.5, 13], "texture": "#1"},
				"down": {"uv": [2, 11, 2.5, 13], "texture": "#1"}
			}
		},
		{
			"from": [7, 15, 0],
			"to": [9, 16, 7],
			"faces": {
				"north": {"uv": [7, 0, 9, 1], "texture": "#1"},
				"east": {"uv": [7, 13, 14, 14], "texture": "#1"},
				"south": {"uv": [2, 10, 4, 11], "texture": "#1"},
				"west": {"uv": [14, 13, 8, 12], "texture": "#1"},
				"up": {"uv": [7, 3, 9, 11], "texture": "#1"},
				"down": {"uv": [7, 3, 9, 11], "texture": "#1"}
			}
		}
	]
}