{
	"credit": "Made with Blockbench, Pompier15 www.matrice-software.fr",
	"ambientocclusion": false,
	"textures": {
		"oak_planks": "block/oak_planks",
		"particle": "block/ladder"
	},
	"elements": [
		{
			"from": [0.5, 13, 13],
			"to": [15.5, 15, 16],
			"faces": {
				"north": {"uv": [0.5, 1, 15.5, 3], "texture": "#oak_planks"},
				"east": {"uv": [0, 1, 3, 3], "texture": "#oak_planks"},
				"south": {"uv": [0.5, 1, 15.5, 3], "texture": "#oak_planks"},
				"west": {"uv": [13, 1, 16, 3], "texture": "#oak_planks"},
				"up": {"uv": [0.5, 13, 15.5, 16], "texture": "#oak_planks"},
				"down": {"uv": [0.5, 0, 15.5, 3], "texture": "#oak_planks"}
			}
		},
		{
			"from": [0.5, 9, 13],
			"to": [15.5, 11, 16],
			"faces": {
				"north": {"uv": [0.5, 5, 15.5, 7], "texture": "#oak_planks"},
				"east": {"uv": [0, 5, 3, 7], "texture": "#oak_planks"},
				"south": {"uv": [0.5, 5, 15.5, 7], "texture": "#oak_planks"},
				"west": {"uv": [13, 5, 16, 7], "texture": "#oak_planks"},
				"up": {"uv": [0.5, 13, 15.5, 16], "texture": "#oak_planks"},
				"down": {"uv": [0.5, 0, 15.5, 3], "texture": "#oak_planks"}
			}
		},
		{
			"from": [0.5, 1, 13],
			"to": [15.5, 3, 16],
			"faces": {
				"north": {"uv": [0.5, 13, 15.5, 15], "texture": "#oak_planks"},
				"east": {"uv": [0, 13, 3, 15], "texture": "#oak_planks"},
				"south": {"uv": [0.5, 13, 15.5, 15], "texture": "#oak_planks"},
				"west": {"uv": [13, 13, 16, 15], "texture": "#oak_planks"},
				"up": {"uv": [0.5, 13, 15.5, 16], "texture": "#oak_planks"},
				"down": {"uv": [0.5, 0, 15.5, 3], "texture": "#oak_planks"}
			}
		},
		{
			"from": [0.5, 5, 13],
			"to": [15.5, 7, 16],
			"faces": {
				"north": {"uv": [0.5, 9, 15.5, 11], "texture": "#oak_planks"},
				"east": {"uv": [0, 9, 3, 11], "texture": "#oak_planks"},
				"south": {"uv": [0.5, 9, 15.5, 11], "texture": "#oak_planks"},
				"west": {"uv": [13, 9, 16, 11], "texture": "#oak_planks"},
				"up": {"uv": [0.5, 13, 15.5, 16], "texture": "#oak_planks"},
				"down": {"uv": [0.5, 0, 15.5, 3], "texture": "#oak_planks"}
			}
		},
		{
			"from": [2.5, 0, 13.5],
			"to": [4.5, 16, 16],
			"faces": {
				"north": {"uv": [11.5, 0, 13.5, 16], "texture": "#oak_planks"},
				"east": {"uv": [0, 0, 2.5, 16], "texture": "#oak_planks"},
				"south": {"uv": [2.5, 0, 4.5, 16], "texture": "#oak_planks"},
				"west": {"uv": [13.5, 0, 16, 16], "texture": "#oak_planks"},
				"up": {"uv": [2.5, 13.5, 4.5, 16], "texture": "#oak_planks"},
				"down": {"uv": [2.5, 0, 4.5, 2.5], "texture": "#oak_planks"}
			}
		},
		{
			"from": [12, 0, 13.5],
			"to": [14, 16, 16],
			"faces": {
				"north": {"uv": [2, 0, 4, 16], "texture": "#oak_planks"},
				"east": {"uv": [0, 0, 2.5, 16], "texture": "#oak_planks"},
				"south": {"uv": [12, 0, 14, 16], "texture": "#oak_planks"},
				"west": {"uv": [13.5, 0, 16, 16], "texture": "#oak_planks"},
				"up": {"uv": [12, 13.5, 14, 16], "texture": "#oak_planks"},
				"down": {"uv": [12, 0, 14, 2.5], "texture": "#oak_planks"}
			}
		}
	]
}