{
	"credit": "Made with Blockbench, Pompier15 www.matrice-software.fr",
	"textures": {
		"0": "block/warped_door_top",
		"1": "ctm/doors/warped/sides",
		"particle": "block/warped_door_top"
	},
	"elements": [
		{
			"from": [0, 0, 0],
			"to": [3, 16, 16],
			"faces": {
				"north": {"uv": [0, 0, 3, 16], "texture": "#1"},
				"east": {"uv": [0, 0, 16, 16], "texture": "#0"},
				"south": {"uv": [0, 0, 3, 16], "texture": "#1"},
				"west": {"uv": [16, 0, 0, 16], "texture": "#0"},
				"up": {"uv": [7, 0, 10, 16], "rotation": 180, "texture": "#1"},
				"down": {"uv": [10.5, 0, 13.5, 16], "rotation": 180, "texture": "#1"}
			}
		},
		{
			"from": [3, 0, 0.5],
			"to": [3.25, 2.5, 5],
			"faces": {
				"north": {"uv": [11, 15.5, 11.25, 16], "texture": "#0"},
				"east": {"uv": [11, 13.5, 15.5, 16], "texture": "#0"},
				"south": {"uv": [11, 13.5, 11.25, 14], "texture": "#0"},
				"west": {"uv": [12.5, 0, 12.75, 0.5], "texture": "#missing"},
				"up": {"uv": [13.5, 13.5, 14, 16], "rotation": 180, "texture": "#0"},
				"down": {"uv": [11, 13.875, 11.5, 16], "rotation": 180, "texture": "#0"}
			}
		},
		{
			"from": [3, 0.5, 5],
			"to": [3.25, 2, 5.5],
			"faces": {
				"north": {"uv": [12.5, 0, 12.75, 0.5], "texture": "#missing"},
				"east": {"uv": [10.5, 14, 11, 15.5], "texture": "#0"},
				"south": {"uv": [10.5, 14, 10.75, 14.5], "texture": "#0"},
				"west": {"uv": [12.5, 0, 12.75, 0.5], "texture": "#missing"},
				"up": {"uv": [10.5, 14, 10.75, 14.5], "rotation": 180, "texture": "#0"},
				"down": {"uv": [10.5, 14, 10.75, 14.5], "rotation": 180, "texture": "#0"}
			}
		},
		{
			"from": [2, 0, 15],
			"to": [3.25, 1, 16.25],
			"faces": {
				"north": {"uv": [0, 15, 1, 16], "texture": "#0"},
				"east": {"uv": [0, 15, 1, 16], "texture": "#0"},
				"south": {"uv": [0, 15, 1, 16], "texture": "#0"},
				"west": {"uv": [0, 15, 1, 16], "texture": "#0"},
				"up": {"uv": [0, 15, 1, 15.5], "rotation": 180, "texture": "#0"},
				"down": {"uv": [0, 15.5, 1, 16], "rotation": 180, "texture": "#0"}
			}
		},
		{
			"from": [2, 10, 15],
			"to": [3.25, 12, 16.25],
			"faces": {
				"north": {"uv": [0.5, 4, 1, 6], "texture": "#0"},
				"east": {"uv": [0, 4, 1, 6], "texture": "#0"},
				"south": {"uv": [0, 4, 0.5, 6], "texture": "#0"},
				"west": {"uv": [1, 4, 0, 6], "texture": "#0"},
				"up": {"uv": [0, 4, 0.5, 4.5], "rotation": 180, "texture": "#0"},
				"down": {"uv": [0, 5.5, 0.5, 6], "rotation": 180, "texture": "#0"}
			}
		},
		{
			"from": [-0.25, 10, 15],
			"to": [1, 12, 16.25],
			"faces": {
				"north": {"uv": [0.5, 4, 1, 6], "texture": "#0"},
				"east": {"uv": [0, 4, 1, 6], "texture": "#0"},
				"south": {"uv": [0, 4, 0.5, 6], "texture": "#0"},
				"west": {"uv": [1, 4, 0, 6], "texture": "#0"},
				"up": {"uv": [0, 4, 0.5, 4.5], "rotation": 180, "texture": "#0"},
				"down": {"uv": [0, 5.5, 0.5, 6], "rotation": 180, "texture": "#0"}
			}
		},
		{
			"from": [-0.25, 0, 0.5],
			"to": [0, 2.5, 5],
			"faces": {
				"north": {"uv": [11, 15.5, 11.25, 16], "texture": "#0"},
				"east": {"uv": [11, 13.5, 15.5, 16], "texture": "#0"},
				"south": {"uv": [11, 13.5, 11.25, 14], "texture": "#0"},
				"west": {"uv": [15.5, 13.5, 11, 16], "texture": "#0"},
				"up": {"uv": [13.5, 13.5, 14, 16], "rotation": 180, "texture": "#0"},
				"down": {"uv": [11, 13.875, 11.5, 16], "rotation": 180, "texture": "#0"}
			}
		},
		{
			"from": [-0.25, 0.5, 5],
			"to": [0, 2, 5.5],
			"faces": {
				"north": {"uv": [12.5, 0, 12.75, 0.5], "texture": "#missing"},
				"east": {"uv": [10.5, 14, 11, 15.5], "texture": "#0"},
				"south": {"uv": [10.5, 14, 10.75, 14.5], "texture": "#0"},
				"west": {"uv": [11, 14, 10.5, 15.5], "texture": "#0"},
				"up": {"uv": [10.5, 14, 10.75, 14.5], "rotation": 180, "texture": "#0"},
				"down": {"uv": [10.5, 14, 10.75, 14.5], "rotation": 180, "texture": "#0"}
			}
		},
		{
			"from": [-0.25, 0, 15],
			"to": [1, 1, 16.25],
			"faces": {
				"north": {"uv": [0, 15, 1, 16], "texture": "#0"},
				"east": {"uv": [0, 15, 1, 16], "texture": "#0"},
				"south": {"uv": [0, 15, 1, 16], "texture": "#0"},
				"west": {"uv": [0, 15, 1, 16], "texture": "#0"},
				"up": {"uv": [0, 15, 1, 15.5], "rotation": 180, "texture": "#0"},
				"down": {"uv": [0, 15.5, 1, 16], "rotation": 180, "texture": "#0"}
			}
		}
	],
	"groups": [
		{
			"name": "group",
			"origin": [0, 0, 0],
			"color": 0,
			"children": [0, 1, 2, 3, 4, 5, 6, 7, 8]
		}
	]
}