{
	"credit": "Made with Blockbench, Pompier15 www.matrice-software.fr",
	"textures": {
		"particle": "block/iron_door_bottom",
		"texture": "block/iron_door_bottom",
		"texture1": "ctm/doors/iron/front",
		"texture2": "ctm/doors/iron/side"
	},
	"elements": [
		{
			"name": "Box1",
			"from": [0, 0, 0],
			"to": [3, 16, 16],
			"faces": {
				"north": {"uv": [0, 0, 3, 16], "texture": "#texture2"},
				"east": {"uv": [16, 0, 0, 16], "texture": "#texture"},
				"south": {"uv": [13, 0, 16, 16], "texture": "#texture2"},
				"west": {"uv": [0, 0, 16, 16], "texture": "#texture"},
				"down": {"uv": [0, 0, 16, 3], "rotation": 90, "texture": "#texture1"}
			}
		},
		{
			"from": [-0.25, 4, -0.25],
			"to": [0.75, 6, 1],
			"faces": {
				"north": {"uv": [0, 10, 0.5, 12], "texture": "#texture"},
				"east": {"uv": [1, 10, 0, 12], "texture": "#texture"},
				"south": {"uv": [0.5, 10, 1, 12], "texture": "#texture"},
				"west": {"uv": [0, 10, 1, 12], "texture": "#texture"},
				"up": {"uv": [0, 10, 0.5, 11], "texture": "#texture"},
				"down": {"uv": [0.5, 11, 1, 11.5], "texture": "#texture"}
			}
		},
		{
			"from": [2.25, 4, -0.25],
			"to": [3.25, 6, 1],
			"faces": {
				"north": {"uv": [0, 10, 0.5, 12], "texture": "#texture"},
				"east": {"uv": [1, 10, 0, 12], "texture": "#texture"},
				"south": {"uv": [0.5, 10, 1, 12], "texture": "#texture"},
				"west": {"uv": [0, 10, 1, 12], "texture": "#texture"},
				"up": {"uv": [0, 10, 0.5, 11], "texture": "#texture"},
				"down": {"uv": [0.5, 11, 1, 11.5], "texture": "#texture"}
			}
		},
		{
			"from": [-0.25, 15, -0.25],
			"to": [0.75, 16, 1],
			"faces": {
				"north": {"uv": [0, 0, 0.5, 1], "texture": "#texture"},
				"east": {"uv": [1, 0, 0, 1], "texture": "#texture"},
				"south": {"uv": [0.5, 0, 1, 1], "texture": "#texture"},
				"west": {"uv": [0, 0, 1, 1], "texture": "#texture"},
				"up": {"uv": [0.5, 0, 1, 1], "texture": "#texture"},
				"down": {"uv": [0, 0.5, 1, 1], "texture": "#texture"}
			}
		},
		{
			"from": [2.25, 15, -0.25],
			"to": [3.25, 16, 1],
			"faces": {
				"north": {"uv": [0, 0, 0.5, 1], "texture": "#texture"},
				"east": {"uv": [1, 0, 0, 1], "texture": "#texture"},
				"south": {"uv": [0.5, 0, 1, 1], "texture": "#texture"},
				"west": {"uv": [0, 0, 1, 1], "texture": "#texture"},
				"up": {"uv": [0.5, 0, 1, 1], "texture": "#texture"},
				"down": {"uv": [0, 0.5, 1, 1], "texture": "#texture"}
			}
		}
	],
	"groups": [
		{
			"name": "group",
			"origin": [8, 8, 8],
			"color": 0,
			"children": [0, 1, 2, 3, 4]
		}
	]
}