{
	"credit": "Made with Blockbench, Pompier15 www.matrice-software.fr",
	"textures": {
		"particle": "block/iron_door_top",
		"texture": "block/iron_door_top",
		"texture1": "ctm/doors/iron/front",
		"texture2": "ctm/doors/iron/side"
	},
	"elements": [
		{
			"name": "Box1",
			"from": [0, 0, 0],
			"to": [3, 4, 16],
			"rotation": {"angle": 0, "axis": "y", "origin": [0, 0, 8]},
			"faces": {
				"north": {"uv": [13, 0, 16, 5], "texture": "#texture2"},
				"east": {"uv": [0, 12, 16, 16], "texture": "#texture"},
				"south": {"uv": [4, 12, 7, 16], "texture": "#texture2"},
				"west": {"uv": [16, 12, 0, 16], "texture": "#texture"},
				"up": {"uv": [0, 0, 16, 3], "rotation": 270, "texture": "#texture1"},
				"down": {"uv": [0, 0, 16, 3], "rotation": 270, "texture": "#texture1"}
			}
		},
		{
			"name": "Box1",
			"from": [0, 13, 0],
			"to": [3, 16, 16],
			"rotation": {"angle": 0, "axis": "y", "origin": [0, 0, 8]},
			"faces": {
				"north": {"uv": [13, 16, 16, 13], "texture": "#texture2"},
				"east": {"uv": [0, 0, 16, 3], "texture": "#texture"},
				"south": {"uv": [4, 0, 7, 3], "texture": "#texture2"},
				"west": {"uv": [16, 0, 0, 3], "texture": "#texture"},
				"up": {"uv": [0, 0, 16, 3], "rotation": 270, "texture": "#texture1"},
				"down": {"uv": [0, 0, 16, 3], "rotation": 270, "texture": "#texture1"}
			}
		},
		{
			"name": "Box1",
			"from": [0, 4, 13],
			"to": [3, 13, 16],
			"rotation": {"angle": 0, "axis": "y", "origin": [0, 0, 8]},
			"faces": {
				"north": {"uv": [13, 12, 16, 3], "texture": "#texture2"},
				"east": {"uv": [0, 3, 3, 12], "texture": "#texture"},
				"south": {"uv": [4, 3, 7, 12], "texture": "#texture2"},
				"west": {"uv": [3, 3, 0, 12], "texture": "#texture"},
				"down": {"uv": [0, 0, 16, 3], "rotation": 270, "texture": "#texture1"}
			}
		},
		{
			"name": "Box1",
			"from": [0, 4, 0],
			"to": [3, 13, 3],
			"rotation": {"angle": 0, "axis": "y", "origin": [0, 0, 8]},
			"faces": {
				"north": {"uv": [13, 12, 16, 3], "texture": "#texture2"},
				"east": {"uv": [13, 3, 16, 12], "texture": "#texture"},
				"south": {"uv": [13, 12, 16, 3], "texture": "#texture2"},
				"west": {"uv": [16, 3, 13, 12], "texture": "#texture"},
				"down": {"uv": [0, 0, 16, 3], "rotation": 270, "texture": "#texture1"}
			}
		},
		{
			"name": "Box1",
			"from": [0, 7, 3],
			"to": [3, 10, 13],
			"rotation": {"angle": 0, "axis": "y", "origin": [0, 0, 8]},
			"faces": {
				"north": {"uv": [13, 11, 16, 3], "texture": "#texture2"},
				"east": {"uv": [13, 6, 3, 9], "texture": "#texture"},
				"south": {"uv": [13, 11, 16, 3], "texture": "#texture2"},
				"west": {"uv": [13, 6, 3, 9], "texture": "#texture"},
				"up": {"uv": [13, 12, 16, 3], "texture": "#texture2"},
				"down": {"uv": [13, 12, 16, 3], "texture": "#texture2"}
			}
		},
		{
			"name": "Box1",
			"from": [0, 4, 7],
			"to": [3, 7, 9],
			"rotation": {"angle": 0, "axis": "y", "origin": [0, 0, 8]},
			"faces": {
				"north": {"uv": [13, 11, 16, 3], "texture": "#texture2"},
				"east": {"uv": [7, 9, 9, 12], "texture": "#texture"},
				"south": {"uv": [13, 11, 16, 3], "texture": "#texture2"},
				"west": {"uv": [9, 9, 7, 12], "texture": "#texture"},
				"down": {"uv": [0, 0, 16, 3], "rotation": 270, "texture": "#texture1"}
			}
		},
		{
			"name": "Box1",
			"from": [0, 10, 7],
			"to": [3, 13, 9],
			"rotation": {"angle": 0, "axis": "y", "origin": [0, 0, 8]},
			"faces": {
				"north": {"uv": [13, 11, 16, 3], "texture": "#texture2"},
				"east": {"uv": [7, 3, 9, 6], "texture": "#texture"},
				"south": {"uv": [13, 11, 16, 3], "texture": "#texture2"},
				"west": {"uv": [9, 3, 7, 6], "texture": "#texture"},
				"down": {"uv": [0, 0, 16, 3], "rotation": 270, "texture": "#texture1"}
			}
		},
		{
			"from": [-0.25, 0, 15],
			"to": [0.75, 1, 16.25],
			"rotation": {"angle": 0, "axis": "y", "origin": [0, 0, 8]},
			"faces": {
				"north": {"uv": [0.5, 15, 1, 16], "texture": "#texture"},
				"east": {"uv": [0, 15, 1, 16], "texture": "#texture"},
				"south": {"uv": [0, 15, 0.5, 16], "texture": "#texture"},
				"west": {"uv": [1, 15, 0, 16], "texture": "#texture"},
				"up": {"uv": [0, 15, 0.5, 16], "rotation": 180, "texture": "#texture"},
				"down": {"uv": [0, 15.125, 0.5, 16], "rotation": 180, "texture": "#texture"}
			}
		},
		{
			"from": [2.25, 0, 15],
			"to": [3.25, 1, 16.25],
			"rotation": {"angle": 0, "axis": "y", "origin": [0, 0, 8]},
			"faces": {
				"north": {"uv": [0.5, 15, 1, 16], "texture": "#texture"},
				"east": {"uv": [0, 15, 1, 16], "texture": "#texture"},
				"south": {"uv": [0, 15, 0.5, 16], "texture": "#texture"},
				"west": {"uv": [1, 15, 0, 16], "texture": "#texture"},
				"up": {"uv": [0, 15, 0.5, 16], "rotation": 180, "texture": "#texture"},
				"down": {"uv": [0, 15.125, 0.5, 16], "rotation": 180, "texture": "#texture"}
			}
		},
		{
			"from": [-0.25, 10, 15],
			"to": [0.75, 12, 16.25],
			"rotation": {"angle": 0, "axis": "y", "origin": [0, 0, 8]},
			"faces": {
				"north": {"uv": [0, 4, 1, 6], "texture": "#texture"},
				"east": {"uv": [0, 4, 1, 6], "texture": "#texture"},
				"south": {"uv": [0, 4, 0.5, 6], "texture": "#texture"},
				"west": {"uv": [1, 4, 0, 6], "texture": "#texture"},
				"up": {"uv": [0, 4, 0.5, 5.25], "rotation": 180, "texture": "#texture"},
				"down": {"uv": [0.5, 4, 1, 4.5], "rotation": 180, "texture": "#texture"}
			}
		},
		{
			"from": [2.25, 10, 15],
			"to": [3.25, 12, 16.25],
			"rotation": {"angle": 0, "axis": "y", "origin": [0, 0, 8]},
			"faces": {
				"north": {"uv": [0, 4, 1, 6], "texture": "#texture"},
				"east": {"uv": [0, 4, 1, 6], "texture": "#texture"},
				"south": {"uv": [0, 4, 0.5, 6], "texture": "#texture"},
				"west": {"uv": [1, 4, 0, 6], "texture": "#texture"},
				"up": {"uv": [0, 4, 0.5, 5.25], "rotation": 180, "texture": "#texture"},
				"down": {"uv": [0.5, 4, 1, 4.5], "rotation": 180, "texture": "#texture"}
			}
		},
		{
			"from": [-0.25, 0, 4],
			"to": [0, 1, 5],
			"rotation": {"angle": 0, "axis": "y", "origin": [0, 0, 8]},
			"faces": {
				"north": {"uv": [11.5, 15.5, 12, 16], "texture": "#texture"},
				"east": {"uv": [11, 15, 12, 16], "texture": "#texture"},
				"south": {"uv": [11, 15, 11.5, 16], "texture": "#texture"},
				"west": {"uv": [12, 15, 11, 16], "texture": "#texture"},
				"up": {"uv": [11.5, 15, 12, 15.5], "rotation": 180, "texture": "#texture"},
				"down": {"uv": [12, 15.5, 12.5, 14.5], "rotation": 180, "texture": "#texture"}
			}
		},
		{
			"from": [-0.25, 0.5, 3],
			"to": [0, 1.5, 4],
			"rotation": {"angle": 0, "axis": "y", "origin": [0, 0, 8]},
			"faces": {
				"north": {"uv": [11.5, 15.5, 12, 16], "texture": "#texture"},
				"east": {"uv": [12, 14.5, 13, 15.5], "texture": "#texture"},
				"south": {"uv": [0, 0, 0.25, 1], "texture": "#missing"},
				"west": {"uv": [12, 14.5, 13, 15.5], "texture": "#texture"},
				"up": {"uv": [11.5, 14.5, 12, 15.5], "rotation": 180, "texture": "#texture"},
				"down": {"uv": [11.5, 15.5, 12, 16], "rotation": 180, "texture": "#texture"}
			}
		},
		{
			"from": [3, 0, 4],
			"to": [3.25, 1, 5],
			"rotation": {"angle": 0, "axis": "y", "origin": [0, 0, 8]},
			"faces": {
				"north": {"uv": [11.5, 15.5, 12, 16], "texture": "#texture"},
				"east": {"uv": [11, 15, 12, 16], "texture": "#texture"},
				"south": {"uv": [11, 15, 11.5, 16], "texture": "#texture"},
				"west": {"uv": [12, 15, 11, 16], "texture": "#texture"},
				"up": {"uv": [11.5, 15, 12, 15.5], "rotation": 180, "texture": "#texture"},
				"down": {"uv": [12, 15.5, 12.5, 14.5], "rotation": 180, "texture": "#texture"}
			}
		},
		{
			"from": [3, 1, 2.5],
			"to": [3.25, 1.5, 3],
			"rotation": {"angle": 0, "axis": "y", "origin": [0, 0, 8]},
			"faces": {
				"north": {"uv": [12, 15, 12.5, 15.5], "texture": "#texture"},
				"east": {"uv": [13, 14.5, 13.5, 15], "texture": "#texture"},
				"south": {"uv": [0, 0, 0.25, 0.5], "texture": "#missing"},
				"west": {"uv": [13, 14.5, 13.5, 15], "texture": "#texture"},
				"up": {"uv": [12, 15, 12.5, 15.5], "rotation": 180, "texture": "#texture"},
				"down": {"uv": [12, 15, 12.5, 15.5], "rotation": 180, "texture": "#texture"}
			}
		},
		{
			"from": [3, 1, 4],
			"to": [3.25, 1.5, 4.5],
			"rotation": {"angle": 0, "axis": "y", "origin": [0, 0, 8]},
			"faces": {
				"north": {"uv": [0, 0, 0.25, 0.5], "texture": "#missing"},
				"east": {"uv": [11.5, 14.5, 12, 15], "texture": "#texture"},
				"south": {"uv": [11.5, 14.5, 12, 15], "texture": "#texture"},
				"west": {"uv": [11.5, 14.5, 12, 15], "texture": "#texture"},
				"up": {"uv": [11.5, 14.5, 12, 15], "rotation": 180, "texture": "#texture"},
				"down": {"uv": [0, 0, 0.25, 0.5], "rotation": 180, "texture": "#missing"}
			}
		},
		{
			"from": [3, 0.5, 3],
			"to": [3.25, 1.5, 4],
			"rotation": {"angle": 0, "axis": "y", "origin": [0, 0, 8]},
			"faces": {
				"north": {"uv": [11.5, 15.5, 12, 16], "texture": "#texture"},
				"east": {"uv": [12, 14.5, 13, 15.5], "texture": "#texture"},
				"south": {"uv": [0, 0, 0.25, 1], "texture": "#missing"},
				"west": {"uv": [12, 14.5, 13, 15.5], "texture": "#texture"},
				"up": {"uv": [11.5, 14.5, 12, 15.5], "rotation": 180, "texture": "#texture"},
				"down": {"uv": [11.5, 15.5, 12, 16], "rotation": 180, "texture": "#texture"}
			}
		},
		{
			"from": [-0.25, 1, 4],
			"to": [0, 1.5, 4.5],
			"rotation": {"angle": 0, "axis": "y", "origin": [0, 0, 8]},
			"faces": {
				"north": {"uv": [0, 0, 0.25, 0.5], "texture": "#missing"},
				"east": {"uv": [11.5, 14.5, 12, 15], "texture": "#texture"},
				"south": {"uv": [11.5, 14.5, 12, 15], "texture": "#texture"},
				"west": {"uv": [11.5, 14.5, 12, 15], "texture": "#texture"},
				"up": {"uv": [11.5, 14.5, 12, 15], "rotation": 180, "texture": "#texture"},
				"down": {"uv": [0, 0, 0.25, 0.5], "rotation": 180, "texture": "#missing"}
			}
		},
		{
			"from": [-0.25, 1, 2.5],
			"to": [0, 1.5, 3],
			"rotation": {"angle": 0, "axis": "y", "origin": [0, 0, 8]},
			"faces": {
				"north": {"uv": [12, 15, 12.5, 15.5], "texture": "#texture"},
				"east": {"uv": [13, 14.5, 13.5, 15], "texture": "#texture"},
				"south": {"uv": [0, 0, 0.25, 0.5], "texture": "#missing"},
				"west": {"uv": [13, 14.5, 13.5, 15], "texture": "#texture"},
				"up": {"uv": [12, 15, 12.5, 15.5], "rotation": 180, "texture": "#texture"},
				"down": {"uv": [12, 15, 12.5, 15.5], "rotation": 180, "texture": "#texture"}
			}
		}
	],
	"groups": [
		{
			"name": "group",
			"origin": [0, 0, 0],
			"color": 0,
			"children": [0, 1, 2, 3, 4, 5, 6, 7, 8, 9, 10, 11, 12, 13, 14, 15, 16, 17, 18]
		}
	]
}