{
	"credit": "Made with Blockbench",
	"textures": {
		"1": "ctm/mob_spawner/1",
		"particle": "ctm/mob_spawner/1"
	},
	"elements": [
		{
			"name": "Box1",
			"from": [0, 0, 0],
			"to": [16, 1, 1],
			"faces": {
				"north": {"uv": [16, 0, 0, 0.5], "texture": "#1"},
				"south": {"uv": [0, 0.5, 16, 1], "texture": "#1"},
				"up": {"uv": [0, 0, 16, 1], "texture": "#1"},
				"down": {"uv": [0, 1, 16, 0], "texture": "#1"}
			}
		},
		{
			"name": "Box2",
			"from": [0, 0, 1],
			"to": [1, 1, 16],
			"faces": {
				"east": {"uv": [1, 16, 0.5, 1], "rotation": 270, "texture": "#1"},
				"west": {"uv": [0, 1, 0.5, 16], "rotation": 270, "texture": "#1"},
				"up": {"uv": [0, 1, 1, 16], "texture": "#1"},
				"down": {"uv": [0, 16, 1, 1], "texture": "#1"}
			}
		},
		{
			"name": "Box3",
			"from": [1, 0, 2],
			"to": [16, 1, 3],
			"faces": {
				"north": {"uv": [16, 2, 1, 2.5], "texture": "#1"},
				"south": {"uv": [1, 2.5, 16, 3], "texture": "#1"},
				"up": {"uv": [1, 2, 16, 3], "texture": "#1"},
				"down": {"uv": [1, 3, 16, 2], "texture": "#1"}
			}
		},
		{
			"name": "Box4",
			"from": [1, 0, 6],
			"to": [6, 1, 7],
			"faces": {
				"north": {"uv": [6, 6, 1, 6.5], "texture": "#1"},
				"east": {"uv": [6, 7, 5.5, 6], "rotation": 270, "texture": "#1"},
				"south": {"uv": [1, 6.5, 6, 7], "texture": "#1"},
				"up": {"uv": [1, 6, 6, 7], "texture": "#1"},
				"down": {"uv": [1, 7, 6, 6], "texture": "#1"}
			}
		},
		{
			"name": "Box5",
			"from": [1, 0, 9],
			"to": [6, 1, 10],
			"faces": {
				"north": {"uv": [6, 9, 1, 9.5], "texture": "#1"},
				"south": {"uv": [1, 9.5, 6, 10], "texture": "#1"},
				"up": {"uv": [1, 9, 6, 10], "texture": "#1"},
				"down": {"uv": [1, 10, 6, 9], "texture": "#1"}
			}
		},
		{
			"name": "Box6",
			"from": [1, 0, 13],
			"to": [16, 1, 14],
			"faces": {
				"north": {"uv": [16, 13, 1, 13.5], "texture": "#1"},
				"south": {"uv": [1, 13.5, 16, 14], "texture": "#1"},
				"up": {"uv": [1, 13, 16, 14], "texture": "#1"},
				"down": {"uv": [1, 14, 16, 13], "texture": "#1"}
			}
		},
		{
			"name": "Box7",
			"from": [1, 0, 15],
			"to": [16, 1, 16],
			"faces": {
				"north": {"uv": [16, 15, 1, 15.5], "texture": "#1"},
				"south": {"uv": [1, 15.5, 16, 16], "texture": "#1"},
				"up": {"uv": [1, 15, 16, 16], "texture": "#1"},
				"down": {"uv": [1, 16, 16, 15], "texture": "#1"}
			}
		},
		{
			"name": "Box8",
			"from": [2, 0, 1],
			"to": [3, 1, 15],
			"faces": {
				"east": {"uv": [3, 15, 2.5, 1], "rotation": 270, "texture": "#1"},
				"west": {"uv": [2, 1, 2.5, 15], "rotation": 270, "texture": "#1"},
				"up": {"uv": [2, 1, 3, 15], "texture": "#1"},
				"down": {"uv": [2, 15, 3, 1], "texture": "#1"}
			}
		},
		{
			"name": "Box9",
			"from": [5, 0, 5],
			"to": [11, 1, 6],
			"faces": {
				"north": {"uv": [11, 5, 5, 5.5], "texture": "#1"},
				"east": {"uv": [11, 6, 10.5, 5], "rotation": 270, "texture": "#1"},
				"south": {"uv": [5, 5.5, 11, 6], "texture": "#1"},
				"west": {"uv": [5, 5, 5.5, 6], "rotation": 270, "texture": "#1"},
				"up": {"uv": [5, 5, 11, 6], "texture": "#1"},
				"down": {"uv": [5, 6, 11, 5], "texture": "#1"}
			}
		},
		{
			"name": "Box10",
			"from": [5, 0, 7],
			"to": [6, 1, 11],
			"faces": {
				"east": {"uv": [6, 11, 5.5, 7], "rotation": 270, "texture": "#1"},
				"south": {"uv": [5, 10.5, 6, 11], "texture": "#1"},
				"west": {"uv": [5, 7, 5.5, 11], "rotation": 270, "texture": "#1"},
				"up": {"uv": [5, 7, 6, 11], "texture": "#1"},
				"down": {"uv": [5, 11, 6, 7], "texture": "#1"}
			}
		},
		{
			"name": "Box11",
			"from": [6, 0, 1],
			"to": [7, 1, 5],
			"faces": {
				"east": {"uv": [7, 5, 6.5, 1], "rotation": 270, "texture": "#1"},
				"west": {"uv": [6, 1, 6.5, 5], "rotation": 270, "texture": "#1"},
				"up": {"uv": [6, 1, 7, 5], "texture": "#1"},
				"down": {"uv": [6, 5, 7, 1], "texture": "#1"}
			}
		},
		{
			"name": "Box12",
			"from": [6, 0, 10],
			"to": [11, 1, 11],
			"faces": {
				"north": {"uv": [11, 10, 6, 10.5], "texture": "#1"},
				"east": {"uv": [11, 11, 10.5, 10], "rotation": 270, "texture": "#1"},
				"south": {"uv": [6, 10.5, 11, 11], "texture": "#1"},
				"up": {"uv": [6, 10, 11, 11], "texture": "#1"},
				"down": {"uv": [6, 11, 11, 10], "texture": "#1"}
			}
		},
		{
			"name": "Box13",
			"from": [6, 0, 11],
			"to": [7, 1, 15],
			"faces": {
				"east": {"uv": [7, 15, 6.5, 11], "rotation": 270, "texture": "#1"},
				"west": {"uv": [6, 11, 6.5, 15], "rotation": 270, "texture": "#1"},
				"up": {"uv": [6, 11, 7, 15], "texture": "#1"},
				"down": {"uv": [6, 15, 7, 11], "texture": "#1"}
			}
		},
		{
			"name": "Box14",
			"from": [9, 0, 1],
			"to": [10, 1, 5],
			"faces": {
				"east": {"uv": [10, 5, 9.5, 1], "rotation": 270, "texture": "#1"},
				"west": {"uv": [9, 1, 9.5, 5], "rotation": 270, "texture": "#1"},
				"up": {"uv": [9, 1, 10, 5], "texture": "#1"},
				"down": {"uv": [9, 5, 10, 1], "texture": "#1"}
			}
		},
		{
			"name": "Box15",
			"from": [9, 0, 11],
			"to": [10, 1, 15],
			"faces": {
				"east": {"uv": [10, 15, 9.5, 11], "rotation": 270, "texture": "#1"},
				"west": {"uv": [9, 11, 9.5, 15], "rotation": 270, "texture": "#1"},
				"up": {"uv": [9, 11, 10, 15], "texture": "#1"},
				"down": {"uv": [9, 15, 10, 11], "texture": "#1"}
			}
		},
		{
			"name": "Box16",
			"from": [10, 0, 6],
			"to": [16, 1, 7],
			"faces": {
				"north": {"uv": [16, 6, 10, 6.5], "texture": "#1"},
				"south": {"uv": [10, 6.5, 16, 7], "texture": "#1"},
				"west": {"uv": [10, 6, 10.5, 7], "rotation": 270, "texture": "#1"},
				"up": {"uv": [10, 6, 16, 7], "texture": "#1"},
				"down": {"uv": [10, 7, 16, 6], "texture": "#1"}
			}
		},
		{
			"name": "Box17",
			"from": [10, 0, 7],
			"to": [11, 1, 10],
			"faces": {
				"east": {"uv": [11, 10, 10.5, 7], "rotation": 270, "texture": "#1"},
				"west": {"uv": [10, 7, 10.5, 10], "rotation": 270, "texture": "#1"},
				"up": {"uv": [10, 7, 11, 10], "texture": "#1"},
				"down": {"uv": [10, 10, 11, 7], "texture": "#1"}
			}
		},
		{
			"name": "Box18",
			"from": [11, 0, 9],
			"to": [16, 1, 10],
			"faces": {
				"north": {"uv": [16, 9, 11, 9.5], "texture": "#1"},
				"south": {"uv": [11, 9.5, 16, 10], "texture": "#1"},
				"up": {"uv": [11, 9, 16, 10], "texture": "#1"},
				"down": {"uv": [11, 10, 16, 9], "texture": "#1"}
			}
		},
		{
			"name": "Box19",
			"from": [13, 0, 1],
			"to": [14, 1, 15],
			"faces": {
				"east": {"uv": [14, 15, 13.5, 1], "rotation": 270, "texture": "#1"},
				"west": {"uv": [13, 1, 13.5, 15], "rotation": 270, "texture": "#1"},
				"up": {"uv": [13, 1, 14, 15], "texture": "#1"},
				"down": {"uv": [13, 15, 14, 1], "texture": "#1"}
			}
		},
		{
			"name": "Box20",
			"from": [15, 0, 1],
			"to": [16, 1, 15],
			"faces": {
				"east": {"uv": [16, 15, 15.5, 1], "rotation": 270, "texture": "#1"},
				"west": {"uv": [15, 1, 15.5, 15], "rotation": 270, "texture": "#1"},
				"up": {"uv": [15, 1, 16, 15], "texture": "#1"},
				"down": {"uv": [15, 15, 16, 1], "texture": "#1"}
			}
		},
		{
			"name": "Box6",
			"from": [1, 13, 0],
			"to": [16, 14, 1],
			"faces": {
				"north": {"uv": [16, 14, 1, 13], "texture": "#1"},
				"south": {"uv": [1, 14, 16, 13], "texture": "#1"},
				"up": {"uv": [1, 13.5, 16, 14], "texture": "#1"},
				"down": {"uv": [1, 13.5, 16, 13], "texture": "#1"}
			}
		},
		{
			"name": "Box12",
			"from": [6, 10, 0],
			"to": [11, 11, 1],
			"faces": {
				"north": {"uv": [11, 11, 6, 10], "texture": "#1"},
				"east": {"uv": [11, 11, 10.5, 10], "texture": "#1"},
				"south": {"uv": [6, 11, 11, 10], "texture": "#1"},
				"up": {"uv": [6, 10.5, 11, 11], "texture": "#1"},
				"down": {"uv": [6, 10.5, 11, 10], "texture": "#1"}
			}
		},
		{
			"name": "Box13",
			"from": [6, 11, 0],
			"to": [7, 15, 1],
			"faces": {
				"north": {"uv": [7, 15, 6, 11], "texture": "#1"},
				"east": {"uv": [7, 15, 6.5, 11], "texture": "#1"},
				"south": {"uv": [6, 15, 7, 11], "texture": "#1"},
				"west": {"uv": [6, 11, 6.5, 15], "rotation": 180, "texture": "#1"}
			}
		},
		{
			"name": "Box15",
			"from": [9, 11, 0],
			"to": [10, 15, 1],
			"faces": {
				"north": {"uv": [10, 15, 9, 11], "texture": "#1"},
				"east": {"uv": [10, 15, 9.5, 11], "texture": "#1"},
				"south": {"uv": [9, 15, 10, 11], "texture": "#1"},
				"west": {"uv": [9, 11, 9.5, 15], "rotation": 180, "texture": "#1"}
			}
		},
		{
			"name": "Box5",
			"from": [1, 9, 0],
			"to": [6, 10, 1],
			"faces": {
				"north": {"uv": [6, 10, 1, 9], "texture": "#1"},
				"south": {"uv": [1, 10, 6, 9], "texture": "#1"},
				"up": {"uv": [1, 9.5, 6, 10], "texture": "#1"},
				"down": {"uv": [1, 9.5, 6, 9], "texture": "#1"}
			}
		},
		{
			"name": "Box18",
			"from": [11, 9, 0],
			"to": [16, 10, 1],
			"faces": {
				"north": {"uv": [16, 10, 11, 9], "texture": "#1"},
				"south": {"uv": [11, 10, 16, 9], "texture": "#1"},
				"up": {"uv": [11, 9.5, 16, 10], "texture": "#1"},
				"down": {"uv": [11, 9.5, 16, 9], "texture": "#1"}
			}
		},
		{
			"name": "Box10",
			"from": [5, 7, 0],
			"to": [6, 11, 1],
			"faces": {
				"north": {"uv": [6, 11, 5, 7], "texture": "#1"},
				"east": {"uv": [6, 11, 5.5, 7], "texture": "#1"},
				"south": {"uv": [5, 11, 6, 7], "texture": "#1"},
				"west": {"uv": [5, 7, 5.5, 11], "rotation": 180, "texture": "#1"},
				"up": {"uv": [5, 10.5, 6, 11], "texture": "#1"}
			}
		},
		{
			"name": "Box17",
			"from": [10, 7, 0],
			"to": [11, 10, 1],
			"faces": {
				"north": {"uv": [11, 10, 10, 7], "texture": "#1"},
				"east": {"uv": [11, 10, 10.5, 7], "texture": "#1"},
				"south": {"uv": [10, 10, 11, 7], "texture": "#1"},
				"west": {"uv": [10, 7, 10.5, 10], "rotation": 180, "texture": "#1"}
			}
		},
		{
			"name": "Box4",
			"from": [1, 6, 0],
			"to": [6, 7, 1],
			"faces": {
				"north": {"uv": [6, 7, 1, 6], "texture": "#1"},
				"east": {"uv": [6, 7, 5.5, 6], "texture": "#1"},
				"south": {"uv": [1, 7, 6, 6], "texture": "#1"},
				"up": {"uv": [1, 6.5, 6, 7], "texture": "#1"},
				"down": {"uv": [1, 6.5, 6, 6], "texture": "#1"}
			}
		},
		{
			"name": "Box16",
			"from": [10, 6, 0],
			"to": [16, 7, 1],
			"faces": {
				"north": {"uv": [16, 7, 10, 6], "texture": "#1"},
				"south": {"uv": [10, 7, 16, 6], "texture": "#1"},
				"west": {"uv": [10, 6, 10.5, 7], "rotation": 180, "texture": "#1"},
				"up": {"uv": [10, 6.5, 16, 7], "texture": "#1"},
				"down": {"uv": [10, 6.5, 16, 6], "texture": "#1"}
			}
		},
		{
			"name": "Box9",
			"from": [5, 5, 0],
			"to": [11, 6, 1],
			"faces": {
				"north": {"uv": [11, 6, 5, 5], "texture": "#1"},
				"east": {"uv": [11, 6, 10.5, 5], "texture": "#1"},
				"south": {"uv": [5, 6, 11, 5], "texture": "#1"},
				"west": {"uv": [5, 5, 5.5, 6], "rotation": 180, "texture": "#1"},
				"up": {"uv": [5, 5.5, 11, 6], "texture": "#1"},
				"down": {"uv": [5, 5.5, 11, 5], "texture": "#1"}
			}
		},
		{
			"name": "Box3",
			"from": [1, 2, 0],
			"to": [16, 3, 1],
			"faces": {
				"north": {"uv": [16, 3, 1, 2], "texture": "#1"},
				"south": {"uv": [1, 3, 16, 2], "texture": "#1"},
				"up": {"uv": [1, 2.5, 16, 3], "texture": "#1"},
				"down": {"uv": [1, 2.5, 16, 2], "texture": "#1"}
			}
		},
		{
			"name": "Box8",
			"from": [2, 1, 0],
			"to": [3, 15, 1],
			"faces": {
				"north": {"uv": [3, 15, 2, 1], "texture": "#1"},
				"east": {"uv": [3, 15, 2.5, 1], "texture": "#1"},
				"south": {"uv": [2, 15, 3, 1], "texture": "#1"},
				"west": {"uv": [2, 1, 2.5, 15], "rotation": 180, "texture": "#1"}
			}
		},
		{
			"name": "Box11",
			"from": [6, 1, 0],
			"to": [7, 5, 1],
			"faces": {
				"north": {"uv": [7, 5, 6, 1], "texture": "#1"},
				"east": {"uv": [7, 5, 6.5, 1], "texture": "#1"},
				"south": {"uv": [6, 5, 7, 1], "texture": "#1"},
				"west": {"uv": [6, 1, 6.5, 5], "rotation": 180, "texture": "#1"}
			}
		},
		{
			"name": "Box14",
			"from": [9, 1, 0],
			"to": [10, 5, 1],
			"faces": {
				"north": {"uv": [10, 5, 9, 1], "texture": "#1"},
				"east": {"uv": [10, 5, 9.5, 1], "texture": "#1"},
				"south": {"uv": [9, 5, 10, 1], "texture": "#1"},
				"west": {"uv": [9, 1, 9.5, 5], "rotation": 180, "texture": "#1"}
			}
		},
		{
			"name": "Box19",
			"from": [13, 1, 0],
			"to": [14, 15, 1],
			"faces": {
				"north": {"uv": [14, 15, 13, 1], "texture": "#1"},
				"east": {"uv": [14, 15, 13.5, 1], "texture": "#1"},
				"south": {"uv": [13, 15, 14, 1], "texture": "#1"},
				"west": {"uv": [13, 1, 13.5, 15], "rotation": 180, "texture": "#1"}
			}
		},
		{
			"name": "Box6",
			"from": [1, 15, 13],
			"to": [16, 16, 14],
			"faces": {
				"north": {"uv": [16, 13, 1, 13.5], "texture": "#1"},
				"south": {"uv": [1, 13.5, 16, 14], "texture": "#1"},
				"up": {"uv": [1, 13, 16, 14], "texture": "#1"},
				"down": {"uv": [1, 14, 16, 13], "texture": "#1"}
			}
		},
		{
			"name": "Box12",
			"from": [6, 15, 10],
			"to": [11, 16, 11],
			"faces": {
				"north": {"uv": [11, 10, 6, 10.5], "texture": "#1"},
				"east": {"uv": [11, 11, 10.5, 10], "rotation": 270, "texture": "#1"},
				"south": {"uv": [6, 10.5, 11, 11], "texture": "#1"},
				"up": {"uv": [6, 10, 11, 11], "texture": "#1"},
				"down": {"uv": [6, 11, 11, 10], "texture": "#1"}
			}
		},
		{
			"name": "Box13",
			"from": [6, 15, 11],
			"to": [7, 16, 15],
			"faces": {
				"east": {"uv": [7, 15, 6.5, 11], "rotation": 270, "texture": "#1"},
				"west": {"uv": [6, 11, 6.5, 15], "rotation": 270, "texture": "#1"},
				"up": {"uv": [6, 11, 7, 15], "texture": "#1"},
				"down": {"uv": [6, 15, 7, 11], "texture": "#1"}
			}
		},
		{
			"name": "Box15",
			"from": [9, 15, 11],
			"to": [10, 16, 15],
			"faces": {
				"east": {"uv": [10, 15, 9.5, 11], "rotation": 270, "texture": "#1"},
				"west": {"uv": [9, 11, 9.5, 15], "rotation": 270, "texture": "#1"},
				"up": {"uv": [9, 11, 10, 15], "texture": "#1"},
				"down": {"uv": [9, 15, 10, 11], "texture": "#1"}
			}
		},
		{
			"name": "Box5",
			"from": [1, 15, 9],
			"to": [6, 16, 10],
			"faces": {
				"north": {"uv": [6, 9, 1, 9.5], "texture": "#1"},
				"south": {"uv": [1, 9.5, 6, 10], "texture": "#1"},
				"up": {"uv": [1, 9, 6, 10], "texture": "#1"},
				"down": {"uv": [1, 10, 6, 9], "texture": "#1"}
			}
		},
		{
			"name": "Box18",
			"from": [11, 15, 9],
			"to": [16, 16, 10],
			"faces": {
				"north": {"uv": [16, 9, 11, 9.5], "texture": "#1"},
				"south": {"uv": [11, 9.5, 16, 10], "texture": "#1"},
				"up": {"uv": [11, 9, 16, 10], "texture": "#1"},
				"down": {"uv": [11, 10, 16, 9], "texture": "#1"}
			}
		},
		{
			"name": "Box10",
			"from": [5, 15, 7],
			"to": [6, 16, 11],
			"faces": {
				"east": {"uv": [6, 11, 5.5, 7], "rotation": 270, "texture": "#1"},
				"south": {"uv": [5, 10.5, 6, 11], "texture": "#1"},
				"west": {"uv": [5, 7, 5.5, 11], "rotation": 270, "texture": "#1"},
				"up": {"uv": [5, 7, 6, 11], "texture": "#1"},
				"down": {"uv": [5, 11, 6, 7], "texture": "#1"}
			}
		},
		{
			"name": "Box17",
			"from": [10, 15, 7],
			"to": [11, 16, 10],
			"faces": {
				"east": {"uv": [11, 10, 10.5, 7], "rotation": 270, "texture": "#1"},
				"west": {"uv": [10, 7, 10.5, 10], "rotation": 270, "texture": "#1"},
				"up": {"uv": [10, 7, 11, 10], "texture": "#1"},
				"down": {"uv": [10, 10, 11, 7], "texture": "#1"}
			}
		},
		{
			"name": "Box4",
			"from": [1, 15, 6],
			"to": [6, 16, 7],
			"faces": {
				"north": {"uv": [6, 6, 1, 6.5], "texture": "#1"},
				"east": {"uv": [6, 7, 5.5, 6], "rotation": 270, "texture": "#1"},
				"south": {"uv": [1, 6.5, 6, 7], "texture": "#1"},
				"up": {"uv": [1, 6, 6, 7], "texture": "#1"},
				"down": {"uv": [1, 7, 6, 6], "texture": "#1"}
			}
		},
		{
			"name": "Box16",
			"from": [10, 15, 6],
			"to": [16, 16, 7],
			"faces": {
				"north": {"uv": [16, 6, 10, 6.5], "texture": "#1"},
				"south": {"uv": [10, 6.5, 16, 7], "texture": "#1"},
				"west": {"uv": [10, 6, 10.5, 7], "rotation": 270, "texture": "#1"},
				"up": {"uv": [10, 6, 16, 7], "texture": "#1"},
				"down": {"uv": [10, 7, 16, 6], "texture": "#1"}
			}
		},
		{
			"name": "Box9",
			"from": [5, 15, 5],
			"to": [11, 16, 6],
			"faces": {
				"north": {"uv": [11, 5, 5, 5.5], "texture": "#1"},
				"east": {"uv": [11, 6, 10.5, 5], "rotation": 270, "texture": "#1"},
				"south": {"uv": [5, 5.5, 11, 6], "texture": "#1"},
				"west": {"uv": [5, 5, 5.5, 6], "rotation": 270, "texture": "#1"},
				"up": {"uv": [5, 5, 11, 6], "texture": "#1"},
				"down": {"uv": [5, 6, 11, 5], "texture": "#1"}
			}
		},
		{
			"name": "Box3",
			"from": [1, 15, 2],
			"to": [16, 16, 3],
			"faces": {
				"north": {"uv": [16, 2, 1, 2.5], "texture": "#1"},
				"south": {"uv": [1, 2.5, 16, 3], "texture": "#1"},
				"up": {"uv": [1, 2, 16, 3], "texture": "#1"},
				"down": {"uv": [1, 3, 16, 2], "texture": "#1"}
			}
		},
		{
			"name": "Box8",
			"from": [2, 15, 1],
			"to": [3, 16, 15],
			"faces": {
				"east": {"uv": [3, 15, 2.5, 1], "rotation": 270, "texture": "#1"},
				"west": {"uv": [2, 1, 2.5, 15], "rotation": 270, "texture": "#1"},
				"up": {"uv": [2, 1, 3, 15], "texture": "#1"},
				"down": {"uv": [2, 15, 3, 1], "texture": "#1"}
			}
		},
		{
			"name": "Box11",
			"from": [6, 15, 1],
			"to": [7, 16, 5],
			"faces": {
				"east": {"uv": [7, 5, 6.5, 1], "rotation": 270, "texture": "#1"},
				"west": {"uv": [6, 1, 6.5, 5], "rotation": 270, "texture": "#1"},
				"up": {"uv": [6, 1, 7, 5], "texture": "#1"},
				"down": {"uv": [6, 5, 7, 1], "texture": "#1"}
			}
		},
		{
			"name": "Box14",
			"from": [9, 15, 1],
			"to": [10, 16, 5],
			"faces": {
				"east": {"uv": [10, 5, 9.5, 1], "rotation": 270, "texture": "#1"},
				"west": {"uv": [9, 1, 9.5, 5], "rotation": 270, "texture": "#1"},
				"up": {"uv": [9, 1, 10, 5], "texture": "#1"},
				"down": {"uv": [9, 5, 10, 1], "texture": "#1"}
			}
		},
		{
			"name": "Box19",
			"from": [13, 15, 1],
			"to": [14, 16, 15],
			"faces": {
				"east": {"uv": [14, 15, 13.5, 1], "rotation": 270, "texture": "#1"},
				"west": {"uv": [13, 1, 13.5, 15], "rotation": 270, "texture": "#1"},
				"up": {"uv": [13, 1, 14, 15], "texture": "#1"},
				"down": {"uv": [13, 15, 14, 1], "texture": "#1"}
			}
		},
		{
			"name": "Box20",
			"from": [15, 15, 1],
			"to": [16, 16, 15],
			"faces": {
				"east": {"uv": [16, 15, 15.5, 1], "rotation": 270, "texture": "#1"},
				"west": {"uv": [15, 1, 15.5, 15], "rotation": 270, "texture": "#1"},
				"up": {"uv": [15, 1, 16, 15], "texture": "#1"},
				"down": {"uv": [15, 15, 16, 1], "texture": "#1"}
			}
		},
		{
			"name": "Box1",
			"from": [0, 15, 0],
			"to": [16, 16, 1],
			"faces": {
				"north": {"uv": [16, 0, 0, 0.5], "texture": "#1"},
				"south": {"uv": [0, 0.5, 16, 1], "texture": "#1"},
				"up": {"uv": [0, 0, 16, 1], "texture": "#1"},
				"down": {"uv": [0, 1, 16, 0], "texture": "#1"}
			}
		},
		{
			"name": "Box1",
			"from": [0, 0, 0],
			"to": [1, 16, 1],
			"faces": {
				"north": {"uv": [16, 0, 0, 0.5], "rotation": 270, "texture": "#1"},
				"east": {"uv": [16, 1, 0, 0], "rotation": 270, "texture": "#1"},
				"south": {"uv": [0, 0.5, 16, 1], "rotation": 90, "texture": "#1"},
				"west": {"uv": [0, 1, 16, 0], "rotation": 90, "texture": "#1"}
			}
		},
		{
			"name": "Box2",
			"from": [0, 15, 1],
			"to": [1, 16, 16],
			"faces": {
				"east": {"uv": [1, 16, 0, 1], "rotation": 270, "texture": "#1"},
				"south": {"uv": [0, 15.5, 1, 16], "rotation": 90, "texture": "#1"},
				"west": {"uv": [0, 16, 1, 1], "rotation": 90, "texture": "#1"},
				"up": {"uv": [0.5, 16, 0, 1], "rotation": 180, "texture": "#1"},
				"down": {"uv": [1, 16, 0.5, 1], "texture": "#1"}
			}
		},
		{
			"name": "Box8",
			"from": [0, 13, 1],
			"to": [1, 14, 15],
			"faces": {
				"east": {"uv": [3, 15, 2, 1], "rotation": 270, "texture": "#1"},
				"west": {"uv": [2, 15, 3, 1], "rotation": 90, "texture": "#1"},
				"up": {"uv": [2.5, 15, 2, 1], "rotation": 180, "texture": "#1"},
				"down": {"uv": [3, 15, 2.5, 1], "texture": "#1"}
			}
		},
		{
			"name": "Box11",
			"from": [0, 9, 1],
			"to": [1, 10, 5],
			"faces": {
				"east": {"uv": [7, 5, 6, 1], "rotation": 270, "texture": "#1"},
				"west": {"uv": [6, 5, 7, 1], "rotation": 90, "texture": "#1"},
				"up": {"uv": [6.5, 5, 6, 1], "rotation": 180, "texture": "#1"},
				"down": {"uv": [7, 5, 6.5, 1], "texture": "#1"}
			}
		},
		{
			"name": "Box14",
			"from": [0, 6, 1],
			"to": [1, 7, 5],
			"faces": {
				"east": {"uv": [10, 5, 9, 1], "rotation": 270, "texture": "#1"},
				"west": {"uv": [9, 5, 10, 1], "rotation": 90, "texture": "#1"},
				"up": {"uv": [9.5, 5, 9, 1], "rotation": 180, "texture": "#1"},
				"down": {"uv": [10, 5, 9.5, 1], "texture": "#1"}
			}
		},
		{
			"name": "Box19",
			"from": [0, 2, 1],
			"to": [1, 3, 15],
			"faces": {
				"east": {"uv": [14, 15, 13, 1], "rotation": 270, "texture": "#1"},
				"west": {"uv": [13, 15, 14, 1], "rotation": 90, "texture": "#1"},
				"up": {"uv": [13.5, 15, 13, 1], "rotation": 180, "texture": "#1"},
				"down": {"uv": [14, 15, 13.5, 1], "texture": "#1"}
			}
		},
		{
			"name": "Box3",
			"from": [0, 0, 2],
			"to": [1, 15, 3],
			"faces": {
				"north": {"uv": [16, 2, 1, 2.5], "rotation": 270, "texture": "#1"},
				"east": {"uv": [16, 3, 1, 2], "rotation": 270, "texture": "#1"},
				"south": {"uv": [1, 2.5, 16, 3], "rotation": 90, "texture": "#1"},
				"west": {"uv": [1, 3, 16, 2], "rotation": 90, "texture": "#1"}
			}
		},
		{
			"name": "Box4",
			"from": [0, 10, 6],
			"to": [1, 15, 7],
			"faces": {
				"north": {"uv": [6, 6, 1, 6.5], "rotation": 270, "texture": "#1"},
				"east": {"uv": [6, 7, 1, 6], "rotation": 270, "texture": "#1"},
				"south": {"uv": [1, 6.5, 6, 7], "rotation": 90, "texture": "#1"},
				"west": {"uv": [1, 7, 6, 6], "rotation": 90, "texture": "#1"},
				"down": {"uv": [6, 7, 5.5, 6], "texture": "#1"}
			}
		},
		{
			"name": "Box16",
			"from": [0, 0, 6],
			"to": [1, 6, 7],
			"faces": {
				"north": {"uv": [16, 6, 10, 6.5], "rotation": 270, "texture": "#1"},
				"east": {"uv": [16, 7, 10, 6], "rotation": 270, "texture": "#1"},
				"south": {"uv": [10, 6.5, 16, 7], "rotation": 90, "texture": "#1"},
				"west": {"uv": [10, 7, 16, 6], "rotation": 90, "texture": "#1"},
				"up": {"uv": [10.5, 7, 10, 6], "rotation": 180, "texture": "#1"}
			}
		},
		{
			"name": "Box9",
			"from": [0, 5, 5],
			"to": [1, 11, 6],
			"faces": {
				"north": {"uv": [11, 5, 5, 5.5], "rotation": 270, "texture": "#1"},
				"east": {"uv": [11, 6, 5, 5], "rotation": 270, "texture": "#1"},
				"south": {"uv": [5, 5.5, 11, 6], "rotation": 90, "texture": "#1"},
				"west": {"uv": [5, 6, 11, 5], "rotation": 90, "texture": "#1"},
				"up": {"uv": [5.5, 6, 5, 5], "rotation": 180, "texture": "#1"},
				"down": {"uv": [11, 6, 10.5, 5], "texture": "#1"}
			}
		},
		{
			"name": "Box10",
			"from": [0, 10, 7],
			"to": [1, 11, 11],
			"faces": {
				"east": {"uv": [6, 11, 5, 7], "rotation": 270, "texture": "#1"},
				"south": {"uv": [5, 10.5, 6, 11], "rotation": 90, "texture": "#1"},
				"west": {"uv": [5, 11, 6, 7], "rotation": 90, "texture": "#1"},
				"up": {"uv": [5.5, 11, 5, 7], "rotation": 180, "texture": "#1"},
				"down": {"uv": [6, 11, 5.5, 7], "texture": "#1"}
			}
		},
		{
			"name": "Box17",
			"from": [0, 5, 7],
			"to": [1, 6, 10],
			"faces": {
				"east": {"uv": [11, 10, 10, 7], "rotation": 270, "texture": "#1"},
				"west": {"uv": [10, 10, 11, 7], "rotation": 90, "texture": "#1"},
				"up": {"uv": [10.5, 10, 10, 7], "rotation": 180, "texture": "#1"},
				"down": {"uv": [11, 10, 10.5, 7], "texture": "#1"}
			}
		},
		{
			"name": "Box12",
			"from": [0, 5, 10],
			"to": [1, 10, 11],
			"faces": {
				"north": {"uv": [11, 10, 6, 10.5], "rotation": 270, "texture": "#1"},
				"east": {"uv": [11, 11, 6, 10], "rotation": 270, "texture": "#1"},
				"south": {"uv": [6, 10.5, 11, 11], "rotation": 90, "texture": "#1"},
				"west": {"uv": [6, 11, 11, 10], "rotation": 90, "texture": "#1"},
				"down": {"uv": [11, 11, 10.5, 10], "texture": "#1"}
			}
		},
		{
			"name": "Box13",
			"from": [0, 9, 11],
			"to": [1, 10, 15],
			"faces": {
				"east": {"uv": [7, 15, 6, 11], "rotation": 270, "texture": "#1"},
				"west": {"uv": [6, 15, 7, 11], "rotation": 90, "texture": "#1"},
				"up": {"uv": [6.5, 15, 6, 11], "rotation": 180, "texture": "#1"},
				"down": {"uv": [7, 15, 6.5, 11], "texture": "#1"}
			}
		},
		{
			"name": "Box15",
			"from": [0, 6, 11],
			"to": [1, 7, 15],
			"faces": {
				"east": {"uv": [10, 15, 9, 11], "rotation": 270, "texture": "#1"},
				"west": {"uv": [9, 15, 10, 11], "rotation": 90, "texture": "#1"},
				"up": {"uv": [9.5, 15, 9, 11], "rotation": 180, "texture": "#1"},
				"down": {"uv": [10, 15, 9.5, 11], "texture": "#1"}
			}
		},
		{
			"name": "Box5",
			"from": [0, 10, 9],
			"to": [1, 15, 10],
			"faces": {
				"north": {"uv": [6, 9, 1, 9.5], "rotation": 270, "texture": "#1"},
				"east": {"uv": [6, 10, 1, 9], "rotation": 270, "texture": "#1"},
				"south": {"uv": [1, 9.5, 6, 10], "rotation": 90, "texture": "#1"},
				"west": {"uv": [1, 10, 6, 9], "rotation": 90, "texture": "#1"}
			}
		},
		{
			"name": "Box18",
			"from": [0, 0, 9],
			"to": [1, 5, 10],
			"faces": {
				"north": {"uv": [16, 9, 11, 9.5], "rotation": 270, "texture": "#1"},
				"east": {"uv": [16, 10, 11, 9], "rotation": 270, "texture": "#1"},
				"south": {"uv": [11, 9.5, 16, 10], "rotation": 90, "texture": "#1"},
				"west": {"uv": [11, 10, 16, 9], "rotation": 90, "texture": "#1"}
			}
		},
		{
			"name": "Box6",
			"from": [0, 0, 13],
			"to": [1, 15, 14],
			"faces": {
				"north": {"uv": [16, 13, 1, 13.5], "rotation": 270, "texture": "#1"},
				"east": {"uv": [16, 14, 1, 13], "rotation": 270, "texture": "#1"},
				"south": {"uv": [1, 13.5, 16, 14], "rotation": 90, "texture": "#1"},
				"west": {"uv": [1, 14, 16, 13], "rotation": 90, "texture": "#1"}
			}
		},
		{
			"name": "Box7",
			"from": [0, 0, 15],
			"to": [1, 15, 16],
			"faces": {
				"north": {"uv": [16, 15, 1, 15.5], "rotation": 270, "texture": "#1"},
				"east": {"uv": [16, 16, 1, 15], "rotation": 270, "texture": "#1"},
				"south": {"uv": [1, 15.5, 16, 16], "rotation": 90, "texture": "#1"},
				"west": {"uv": [1, 16, 16, 15], "rotation": 90, "texture": "#1"}
			}
		},
		{
			"name": "Box6",
			"from": [1, 13, 15],
			"to": [16, 14, 16],
			"faces": {
				"north": {"uv": [16, 14, 1, 13], "texture": "#1"},
				"south": {"uv": [1, 14, 16, 13], "texture": "#1"},
				"up": {"uv": [1, 13.5, 16, 14], "texture": "#1"},
				"down": {"uv": [1, 13.5, 16, 13], "texture": "#1"}
			}
		},
		{
			"name": "Box7",
			"from": [1, 15, 15],
			"to": [16, 16, 16],
			"faces": {
				"north": {"uv": [16, 16, 1, 15], "texture": "#1"},
				"east": {"uv": [16, 16, 15.5, 15], "texture": "#1"},
				"south": {"uv": [1, 16, 16, 15], "texture": "#1"},
				"up": {"uv": [1, 15.5, 16, 16], "texture": "#1"},
				"down": {"uv": [1, 15.5, 16, 15], "texture": "#1"}
			}
		},
		{
			"name": "Box12",
			"from": [6, 10, 15],
			"to": [11, 11, 16],
			"faces": {
				"north": {"uv": [11, 11, 6, 10], "texture": "#1"},
				"east": {"uv": [11, 11, 10.5, 10], "texture": "#1"},
				"south": {"uv": [6, 11, 11, 10], "texture": "#1"},
				"up": {"uv": [6, 10.5, 11, 11], "texture": "#1"},
				"down": {"uv": [6, 10.5, 11, 10], "texture": "#1"}
			}
		},
		{
			"name": "Box13",
			"from": [6, 11, 15],
			"to": [7, 15, 16],
			"faces": {
				"north": {"uv": [7, 15, 6, 11], "texture": "#1"},
				"east": {"uv": [7, 15, 6.5, 11], "texture": "#1"},
				"south": {"uv": [6, 15, 7, 11], "texture": "#1"},
				"west": {"uv": [6, 11, 6.5, 15], "rotation": 180, "texture": "#1"}
			}
		},
		{
			"name": "Box15",
			"from": [9, 11, 15],
			"to": [10, 15, 16],
			"faces": {
				"north": {"uv": [10, 15, 9, 11], "texture": "#1"},
				"east": {"uv": [10, 15, 9.5, 11], "texture": "#1"},
				"south": {"uv": [9, 15, 10, 11], "texture": "#1"},
				"west": {"uv": [9, 11, 9.5, 15], "rotation": 180, "texture": "#1"}
			}
		},
		{
			"name": "Box5",
			"from": [1, 9, 15],
			"to": [6, 10, 16],
			"faces": {
				"north": {"uv": [6, 10, 1, 9], "texture": "#1"},
				"south": {"uv": [1, 10, 6, 9], "texture": "#1"},
				"up": {"uv": [1, 9.5, 6, 10], "texture": "#1"},
				"down": {"uv": [1, 9.5, 6, 9], "texture": "#1"}
			}
		},
		{
			"name": "Box18",
			"from": [11, 9, 15],
			"to": [16, 10, 16],
			"faces": {
				"north": {"uv": [16, 10, 11, 9], "texture": "#1"},
				"south": {"uv": [11, 10, 16, 9], "texture": "#1"},
				"up": {"uv": [11, 9.5, 16, 10], "texture": "#1"},
				"down": {"uv": [11, 9.5, 16, 9], "texture": "#1"}
			}
		},
		{
			"name": "Box10",
			"from": [5, 7, 15],
			"to": [6, 11, 16],
			"faces": {
				"north": {"uv": [6, 11, 5, 7], "texture": "#1"},
				"east": {"uv": [6, 11, 5.5, 7], "texture": "#1"},
				"south": {"uv": [5, 11, 6, 7], "texture": "#1"},
				"west": {"uv": [5, 7, 5.5, 11], "rotation": 180, "texture": "#1"},
				"up": {"uv": [5, 10.5, 6, 11], "texture": "#1"}
			}
		},
		{
			"name": "Box17",
			"from": [10, 7, 15],
			"to": [11, 10, 16],
			"faces": {
				"north": {"uv": [11, 10, 10, 7], "texture": "#1"},
				"east": {"uv": [11, 10, 10.5, 7], "texture": "#1"},
				"south": {"uv": [10, 10, 11, 7], "texture": "#1"},
				"west": {"uv": [10, 7, 10.5, 10], "rotation": 180, "texture": "#1"}
			}
		},
		{
			"name": "Box4",
			"from": [1, 6, 15],
			"to": [6, 7, 16],
			"faces": {
				"north": {"uv": [6, 7, 1, 6], "texture": "#1"},
				"east": {"uv": [6, 7, 5.5, 6], "texture": "#1"},
				"south": {"uv": [1, 7, 6, 6], "texture": "#1"},
				"up": {"uv": [1, 6.5, 6, 7], "texture": "#1"},
				"down": {"uv": [1, 6.5, 6, 6], "texture": "#1"}
			}
		},
		{
			"name": "Box16",
			"from": [10, 6, 15],
			"to": [16, 7, 16],
			"faces": {
				"north": {"uv": [16, 7, 10, 6], "texture": "#1"},
				"south": {"uv": [10, 7, 16, 6], "texture": "#1"},
				"west": {"uv": [10, 6, 10.5, 7], "rotation": 180, "texture": "#1"},
				"up": {"uv": [10, 6.5, 16, 7], "texture": "#1"},
				"down": {"uv": [10, 6.5, 16, 6], "texture": "#1"}
			}
		},
		{
			"name": "Box9",
			"from": [5, 5, 15],
			"to": [11, 6, 16],
			"faces": {
				"north": {"uv": [11, 6, 5, 5], "texture": "#1"},
				"east": {"uv": [11, 6, 10.5, 5], "texture": "#1"},
				"south": {"uv": [5, 6, 11, 5], "texture": "#1"},
				"west": {"uv": [5, 5, 5.5, 6], "rotation": 180, "texture": "#1"},
				"up": {"uv": [5, 5.5, 11, 6], "texture": "#1"},
				"down": {"uv": [5, 5.5, 11, 5], "texture": "#1"}
			}
		},
		{
			"name": "Box3",
			"from": [1, 2, 15],
			"to": [16, 3, 16],
			"faces": {
				"north": {"uv": [16, 3, 1, 2], "texture": "#1"},
				"south": {"uv": [1, 3, 16, 2], "texture": "#1"},
				"up": {"uv": [1, 2.5, 16, 3], "texture": "#1"},
				"down": {"uv": [1, 2.5, 16, 2], "texture": "#1"}
			}
		},
		{
			"name": "Box8",
			"from": [2, 1, 15],
			"to": [3, 15, 16],
			"faces": {
				"north": {"uv": [3, 15, 2, 1], "texture": "#1"},
				"east": {"uv": [3, 15, 2.5, 1], "texture": "#1"},
				"south": {"uv": [2, 15, 3, 1], "texture": "#1"},
				"west": {"uv": [2, 1, 2.5, 15], "rotation": 180, "texture": "#1"}
			}
		},
		{
			"name": "Box11",
			"from": [6, 1, 15],
			"to": [7, 5, 16],
			"faces": {
				"north": {"uv": [7, 5, 6, 1], "texture": "#1"},
				"east": {"uv": [7, 5, 6.5, 1], "texture": "#1"},
				"south": {"uv": [6, 5, 7, 1], "texture": "#1"},
				"west": {"uv": [6, 1, 6.5, 5], "rotation": 180, "texture": "#1"}
			}
		},
		{
			"name": "Box14",
			"from": [9, 1, 15],
			"to": [10, 5, 16],
			"faces": {
				"north": {"uv": [10, 5, 9, 1], "texture": "#1"},
				"east": {"uv": [10, 5, 9.5, 1], "texture": "#1"},
				"south": {"uv": [9, 5, 10, 1], "texture": "#1"},
				"west": {"uv": [9, 1, 9.5, 5], "rotation": 180, "texture": "#1"}
			}
		},
		{
			"name": "Box19",
			"from": [13, 1, 15],
			"to": [14, 15, 16],
			"faces": {
				"north": {"uv": [14, 15, 13, 1], "texture": "#1"},
				"east": {"uv": [14, 15, 13.5, 1], "texture": "#1"},
				"south": {"uv": [13, 15, 14, 1], "texture": "#1"},
				"west": {"uv": [13, 1, 13.5, 15], "rotation": 180, "texture": "#1"}
			}
		},
		{
			"name": "Box1",
			"from": [15, 0, 0],
			"to": [16, 16, 1],
			"faces": {
				"north": {"uv": [16, 0, 0, 0.5], "rotation": 270, "texture": "#1"},
				"east": {"uv": [16, 1, 0, 0], "rotation": 270, "texture": "#1"},
				"south": {"uv": [0, 0.5, 16, 1], "rotation": 90, "texture": "#1"},
				"west": {"uv": [0, 1, 16, 0], "rotation": 90, "texture": "#1"}
			}
		},
		{
			"name": "Box8",
			"from": [15, 13, 1],
			"to": [16, 14, 15],
			"faces": {
				"east": {"uv": [3, 15, 2, 1], "rotation": 270, "texture": "#1"},
				"west": {"uv": [2, 15, 3, 1], "rotation": 90, "texture": "#1"},
				"up": {"uv": [2.5, 15, 2, 1], "rotation": 180, "texture": "#1"},
				"down": {"uv": [3, 15, 2.5, 1], "texture": "#1"}
			}
		},
		{
			"name": "Box11",
			"from": [15, 9, 1],
			"to": [16, 10, 5],
			"faces": {
				"east": {"uv": [7, 5, 6, 1], "rotation": 270, "texture": "#1"},
				"west": {"uv": [6, 5, 7, 1], "rotation": 90, "texture": "#1"},
				"up": {"uv": [6.5, 5, 6, 1], "rotation": 180, "texture": "#1"},
				"down": {"uv": [7, 5, 6.5, 1], "texture": "#1"}
			}
		},
		{
			"name": "Box14",
			"from": [15, 6, 1],
			"to": [16, 7, 5],
			"faces": {
				"east": {"uv": [10, 5, 9, 1], "rotation": 270, "texture": "#1"},
				"west": {"uv": [9, 5, 10, 1], "rotation": 90, "texture": "#1"},
				"up": {"uv": [9.5, 5, 9, 1], "rotation": 180, "texture": "#1"},
				"down": {"uv": [10, 5, 9.5, 1], "texture": "#1"}
			}
		},
		{
			"name": "Box19",
			"from": [15, 2, 1],
			"to": [16, 3, 15],
			"faces": {
				"east": {"uv": [14, 15, 13, 1], "rotation": 270, "texture": "#1"},
				"west": {"uv": [13, 15, 14, 1], "rotation": 90, "texture": "#1"},
				"up": {"uv": [13.5, 15, 13, 1], "rotation": 180, "texture": "#1"},
				"down": {"uv": [14, 15, 13.5, 1], "texture": "#1"}
			}
		},
		{
			"name": "Box3",
			"from": [15, 0, 2],
			"to": [16, 15, 3],
			"faces": {
				"north": {"uv": [16, 2, 1, 2.5], "rotation": 270, "texture": "#1"},
				"east": {"uv": [16, 3, 1, 2], "rotation": 270, "texture": "#1"},
				"south": {"uv": [1, 2.5, 16, 3], "rotation": 90, "texture": "#1"},
				"west": {"uv": [1, 3, 16, 2], "rotation": 90, "texture": "#1"}
			}
		},
		{
			"name": "Box4",
			"from": [15, 10, 6],
			"to": [16, 15, 7],
			"faces": {
				"north": {"uv": [6, 6, 1, 6.5], "rotation": 270, "texture": "#1"},
				"east": {"uv": [6, 7, 1, 6], "rotation": 270, "texture": "#1"},
				"south": {"uv": [1, 6.5, 6, 7], "rotation": 90, "texture": "#1"},
				"west": {"uv": [1, 7, 6, 6], "rotation": 90, "texture": "#1"},
				"down": {"uv": [6, 7, 5.5, 6], "texture": "#1"}
			}
		},
		{
			"name": "Box16",
			"from": [15, 0, 6],
			"to": [16, 6, 7],
			"faces": {
				"north": {"uv": [16, 6, 10, 6.5], "rotation": 270, "texture": "#1"},
				"east": {"uv": [16, 7, 10, 6], "rotation": 270, "texture": "#1"},
				"south": {"uv": [10, 6.5, 16, 7], "rotation": 90, "texture": "#1"},
				"west": {"uv": [10, 7, 16, 6], "rotation": 90, "texture": "#1"},
				"up": {"uv": [10.5, 7, 10, 6], "rotation": 180, "texture": "#1"}
			}
		},
		{
			"name": "Box9",
			"from": [15, 5, 5],
			"to": [16, 11, 6],
			"faces": {
				"north": {"uv": [11, 5, 5, 5.5], "rotation": 270, "texture": "#1"},
				"east": {"uv": [11, 6, 5, 5], "rotation": 270, "texture": "#1"},
				"south": {"uv": [5, 5.5, 11, 6], "rotation": 90, "texture": "#1"},
				"west": {"uv": [5, 6, 11, 5], "rotation": 90, "texture": "#1"},
				"up": {"uv": [5.5, 6, 5, 5], "rotation": 180, "texture": "#1"},
				"down": {"uv": [11, 6, 10.5, 5], "texture": "#1"}
			}
		},
		{
			"name": "Box10",
			"from": [15, 10, 7],
			"to": [16, 11, 11],
			"faces": {
				"east": {"uv": [6, 11, 5, 7], "rotation": 270, "texture": "#1"},
				"south": {"uv": [5, 10.5, 6, 11], "rotation": 90, "texture": "#1"},
				"west": {"uv": [5, 11, 6, 7], "rotation": 90, "texture": "#1"},
				"up": {"uv": [5.5, 11, 5, 7], "rotation": 180, "texture": "#1"},
				"down": {"uv": [6, 11, 5.5, 7], "texture": "#1"}
			}
		},
		{
			"name": "Box17",
			"from": [15, 5, 7],
			"to": [16, 6, 10],
			"faces": {
				"east": {"uv": [11, 10, 10, 7], "rotation": 270, "texture": "#1"},
				"west": {"uv": [10, 10, 11, 7], "rotation": 90, "texture": "#1"},
				"up": {"uv": [10.5, 10, 10, 7], "rotation": 180, "texture": "#1"},
				"down": {"uv": [11, 10, 10.5, 7], "texture": "#1"}
			}
		},
		{
			"name": "Box12",
			"from": [15, 5, 10],
			"to": [16, 10, 11],
			"faces": {
				"north": {"uv": [11, 10, 6, 10.5], "rotation": 270, "texture": "#1"},
				"east": {"uv": [11, 11, 6, 10], "rotation": 270, "texture": "#1"},
				"south": {"uv": [6, 10.5, 11, 11], "rotation": 90, "texture": "#1"},
				"west": {"uv": [6, 11, 11, 10], "rotation": 90, "texture": "#1"},
				"down": {"uv": [11, 11, 10.5, 10], "texture": "#1"}
			}
		},
		{
			"name": "Box13",
			"from": [15, 9, 11],
			"to": [16, 10, 15],
			"faces": {
				"east": {"uv": [7, 15, 6, 11], "rotation": 270, "texture": "#1"},
				"west": {"uv": [6, 15, 7, 11], "rotation": 90, "texture": "#1"},
				"up": {"uv": [6.5, 15, 6, 11], "rotation": 180, "texture": "#1"},
				"down": {"uv": [7, 15, 6.5, 11], "texture": "#1"}
			}
		},
		{
			"name": "Box15",
			"from": [15, 6, 11],
			"to": [16, 7, 15],
			"faces": {
				"east": {"uv": [10, 15, 9, 11], "rotation": 270, "texture": "#1"},
				"west": {"uv": [9, 15, 10, 11], "rotation": 90, "texture": "#1"},
				"up": {"uv": [9.5, 15, 9, 11], "rotation": 180, "texture": "#1"},
				"down": {"uv": [10, 15, 9.5, 11], "texture": "#1"}
			}
		},
		{
			"name": "Box5",
			"from": [15, 10, 9],
			"to": [16, 15, 10],
			"faces": {
				"north": {"uv": [6, 9, 1, 9.5], "rotation": 270, "texture": "#1"},
				"east": {"uv": [6, 10, 1, 9], "rotation": 270, "texture": "#1"},
				"south": {"uv": [1, 9.5, 6, 10], "rotation": 90, "texture": "#1"},
				"west": {"uv": [1, 10, 6, 9], "rotation": 90, "texture": "#1"}
			}
		},
		{
			"name": "Box18",
			"from": [15, 0, 9],
			"to": [16, 5, 10],
			"faces": {
				"north": {"uv": [16, 9, 11, 9.5], "rotation": 270, "texture": "#1"},
				"east": {"uv": [16, 10, 11, 9], "rotation": 270, "texture": "#1"},
				"south": {"uv": [11, 9.5, 16, 10], "rotation": 90, "texture": "#1"},
				"west": {"uv": [11, 10, 16, 9], "rotation": 90, "texture": "#1"}
			}
		},
		{
			"name": "Box6",
			"from": [15, 0, 13],
			"to": [16, 15, 14],
			"faces": {
				"north": {"uv": [16, 13, 1, 13.5], "rotation": 270, "texture": "#1"},
				"east": {"uv": [16, 14, 1, 13], "rotation": 270, "texture": "#1"},
				"south": {"uv": [1, 13.5, 16, 14], "rotation": 90, "texture": "#1"},
				"west": {"uv": [1, 14, 16, 13], "rotation": 90, "texture": "#1"}
			}
		},
		{
			"name": "Box7",
			"from": [15, 0, 15],
			"to": [16, 15, 16],
			"faces": {
				"north": {"uv": [16, 15, 1, 15.5], "rotation": 270, "texture": "#1"},
				"east": {"uv": [16, 16, 1, 15], "rotation": 270, "texture": "#1"},
				"south": {"uv": [1, 15.5, 16, 16], "rotation": 90, "texture": "#1"},
				"west": {"uv": [1, 16, 16, 15], "rotation": 90, "texture": "#1"}
			}
		}
	]
}