{
	"credit": "Made with Blockbench, Pompier15 www.matrice-software.fr",
	"textures": {
		"2": "ctm/doors/jungle/side",
		"particle": "block/jungle_door_bottom",
		"texture": "block/jungle_door_bottom"
	},
	"elements": [
		{
			"from": [0, 0, 0],
			"to": [3, 15.5, 16],
			"rotation": {"angle": 0, "axis": "y", "origin": [0, 0, 8]},
			"faces": {
				"north": {"uv": [0, 0.5, 3, 16], "texture": "#2"},
				"east": {"uv": [0, 0.5, 16, 16], "texture": "#texture"},
				"south": {"uv": [0, 0.5, 3, 16], "texture": "#2"},
				"west": {"uv": [16, 0.5, 0, 16], "texture": "#texture"},
				"up": {"uv": [0, 0, 3, 16], "rotation": 180, "texture": "#2"},
				"down": {"uv": [0, 16, 3, 0], "rotation": 180, "texture": "#2"}
			}
		},
		{
			"from": [0, 15.5, 0],
			"to": [3, 16, 16],
			"rotation": {"angle": 0, "axis": "y", "origin": [0, 0, 8]},
			"faces": {
				"north": {"uv": [0, 5, 3, 5.5], "texture": "#2"},
				"east": {"uv": [0, 0, 16, 0.5], "texture": "#texture"},
				"south": {"uv": [0, 1.5, 3, 2], "texture": "#2"},
				"west": {"uv": [16, 0, 0, 0.5], "texture": "#texture"},
				"up": {"uv": [0, 0, 3, 16], "rotation": 180, "texture": "#2"},
				"down": {"uv": [0, 0, 3, 16], "rotation": 180, "texture": "#missing"}
			}
		},
		{
			"from": [-0.25, 5, 15],
			"to": [0.75, 7, 16.25],
			"rotation": {"angle": 0, "axis": "y", "origin": [0, 0, 8]},
			"faces": {
				"north": {"uv": [0.5, 9, 1, 11], "texture": "#texture"},
				"east": {"uv": [0, 9, 1, 11], "texture": "#texture"},
				"south": {"uv": [0, 9, 0.5, 11], "texture": "#texture"},
				"west": {"uv": [1, 9, 0, 11], "texture": "#texture"},
				"up": {"uv": [0, 9, 0.5, 10], "rotation": 180, "texture": "#texture"},
				"down": {"uv": [0.5, 10, 1, 11], "rotation": 180, "texture": "#texture"}
			}
		},
		{
			"from": [2.25, 5, 15],
			"to": [3.25, 7, 16.25],
			"rotation": {"angle": 0, "axis": "y", "origin": [0, 0, 8]},
			"faces": {
				"north": {"uv": [0.5, 9, 1, 11], "texture": "#texture"},
				"east": {"uv": [0, 9, 1, 11], "texture": "#texture"},
				"south": {"uv": [0, 9, 0.5, 11], "texture": "#texture"},
				"west": {"uv": [1, 9, 0, 11], "texture": "#texture"},
				"up": {"uv": [0, 9, 0.5, 10], "rotation": 180, "texture": "#texture"},
				"down": {"uv": [0.5, 10, 1, 11], "rotation": 180, "texture": "#texture"}
			}
		},
		{
			"from": [-0.25, 15, 15],
			"to": [1, 16, 16.25],
			"rotation": {"angle": 0, "axis": "y", "origin": [0, 0, 8]},
			"faces": {
				"north": {"uv": [0.5, 0, 1, 1], "texture": "#texture"},
				"east": {"uv": [0, 0, 1, 1], "texture": "#texture"},
				"south": {"uv": [0, 0, 0.5, 1], "texture": "#texture"},
				"west": {"uv": [1, 0, 0, 1], "texture": "#texture"},
				"up": {"uv": [0, 0, 0.5, 0.5], "rotation": 180, "texture": "#texture"},
				"down": {"uv": [0, 0, 1, 1], "rotation": 180, "texture": "#texture"}
			}
		},
		{
			"from": [2, 15, 15],
			"to": [3.25, 16, 16.25],
			"rotation": {"angle": 0, "axis": "y", "origin": [0, 0, 8]},
			"faces": {
				"north": {"uv": [0.5, 0, 1, 1], "texture": "#texture"},
				"east": {"uv": [0, 0, 1, 1], "texture": "#texture"},
				"south": {"uv": [0, 0, 0.5, 1], "texture": "#texture"},
				"west": {"uv": [1, 0, 0, 1], "texture": "#texture"},
				"up": {"uv": [0, 0, 0.5, 0.5], "rotation": 180, "texture": "#texture"},
				"down": {"uv": [0, 0, 1, 1], "rotation": 180, "texture": "#texture"}
			}
		}
	],
	"groups": [
		{
			"name": "group",
			"origin": [0, 0, 0],
			"color": 0,
			"children": [0, 1, 2, 3, 4, 5]
		}
	]
}