{
    "custom.pistol.shoot_player":{"sounds":["custom/pistol/shoot_player"]},
    "custom.pistol.reload_player":{"sounds":["custom/pistol/reload_player"]},
    "custom.pistol.shoot_mono":{"sounds":["custom/pistol/shoot_mono"]},
    "custom.pistol.reload_mono":{"sounds":["custom/pistol/reload_mono"]},

    "custom.rifle.shoot_player":{"sounds":["custom/rifle/shoot_player"]},
    "custom.rifle.reload_player":{"sounds":["custom/rifle/reload_player"]},
    "custom.rifle.shoot_mono":{"sounds":["custom/rifle/shoot_mono"]},
    "custom.rifle.reload_mono":{"sounds":["custom/rifle/reload_mono"]},

    "custom.donjon.jeremy_perdu.oe":{"sounds":["custom/donjon/voices/jeremy_perdu/oe_entree_donjon"]},
    "custom.donjon.jeremy_perdu.dialogue.1":{"sounds":["custom/donjon/voices/jeremy_perdu/dialogue_1_mono"]},
    "custom.donjon.jeremy_perdu.dialogue.2":{"sounds":["custom/donjon/voices/jeremy_perdu/dialogue_2_mono"]},
    "custom.donjon.jeremy_perdu.dialogue.3":{"sounds":["custom/donjon/voices/jeremy_perdu/dialogue_3_mono"]},
    "custom.donjon.jeremy_perdu.dialogue.4":{"sounds":["custom/donjon/voices/jeremy_perdu/dialogue_4_mono"]},
    "custom.donjon.jeremy_perdu.dialogue.5":{"sounds":["custom/donjon/voices/jeremy_perdu/dialogue_5_mono"]},
    "custom.donjon.jeremy_perdu.dialogue.6":{"sounds":["custom/donjon/voices/jeremy_perdu/dialogue_6_mono"]},

    "custom.donjon.jacot.dialogue.1":{"sounds":["custom/donjon/voices/jacot/dialogue_1_mono"]},

    "custom.donjon.vieux_pirate.dialogue.1":{"sounds":["custom/donjon/voices/vieux_pirate/dialogue_1_mono"]},

    "custom.donjon.voisin_cellule.dialogue.1":{"sounds":["custom/donjon/voices/voisin_cellule/dialogue_1_mono"]},
    "custom.donjon.voisin_cellule.dialogue.2":{"sounds":["custom/donjon/voices/voisin_cellule/dialogue_2_mono"]},

    "custom.donjon.pirate_prisonnier.dialogue.1":{"sounds":["custom/donjon/voices/pirate_prisonnier/dialogue_1_mono"]},

    "custom.donjon.femme_pirate.dialogue.1":{"sounds":["custom/donjon/voices/femme_pirate/dialogue_1_mono"]},
    "custom.donjon.femme_pirate.dialogue.2":{"sounds":["custom/donjon/voices/femme_pirate/dialogue_2_mono"]},

    "custom.donjon.rolland.dialogue.1":{"sounds":["custom/donjon/voices/rolland/dialogue_1_mono"]},
    "custom.donjon.rolland.dialogue.2":{"sounds":["custom/donjon/voices/rolland/dialogue_2_mono"]},

    "custom.donjon.pirate_munition.dialogue.1":{"sounds":["custom/donjon/voices/pirate_munition/dialogue_1_mono"]},

    "custom.donjon.ancien_occupant.dialogue.1":{"sounds":["custom/donjon/voices/ancien_occupant/dialogue_1_mono"]},
    "custom.donjon.ancien_occupant.dialogue.2":{"sounds":["custom/donjon/voices/ancien_occupant/dialogue_2_mono"]},
    "custom.donjon.ancien_occupant.dialogue.3":{"sounds":["custom/donjon/voices/ancien_occupant/dialogue_3_mono"]},
    "custom.donjon.ancien_occupant.dialogue.4":{"sounds":["custom/donjon/voices/ancien_occupant/dialogue_4_mono"]},
    
    "custom.donjon.araignee.dialogue.1":{"sounds":["custom/donjon/voices/araignee/dialogue_1_mono"]},

    "custom.donjon.rescape.dialogue.1":{"sounds":["custom/donjon/voices/rescape/dialogue_1_mono"]},

    "custom.donjon.echec_et_lettres.dialogue.1":{"sounds":["custom/donjon/voices/echec_et_lettres/dialogue_1_mono"]},
    "custom.donjon.echec_et_lettres.dialogue.2":{"sounds":["custom/donjon/voices/echec_et_lettres/dialogue_2_mono"]},

    "custom.donjon.boss.dialogue.1":{"sounds":["custom/donjon/voices/boss/dialogue_1"]},
    "custom.donjon.boss.dialogue.2":{"sounds":["custom/donjon/voices/boss/dialogue_2"]},

    "custom.donjon.ambient.grotte_zombie":{"sounds":["custom/donjon/ambients/grotte_zombie"]},

    "custom.donjon.music.dora":{"sounds":["custom/donjon/musics/dora"]},
    "custom.donjon.music.cave_theme":{"sounds":["custom/donjon/musics/cave_theme"]},
    "custom.donjon.music.ending":{"sounds":["custom/donjon/musics/ending_rework"]}
}