{
  "random.click": { "sounds": ["random/click"] },
  "custom.pistol.shoot_player": { "sounds": ["custom/pistol/shoot_player"] },
  "custom.pistol.reload_player": { "sounds": ["custom/pistol/reload_player"] },
  "custom.pistol.shoot_mono": { "sounds": ["custom/pistol/shoot_mono"] },
  "custom.pistol.reload_mono": { "sounds": ["custom/pistol/reload_mono"] },

  "custom.rifle.shoot_player": { "sounds": ["custom/rifle/shoot_player"] },
  "custom.rifle.reload_player": { "sounds": ["custom/rifle/reload_player"] },
  "custom.rifle.shoot_mono": { "sounds": ["custom/rifle/shoot_mono"] },
  "custom.rifle.reload_mono": { "sounds": ["custom/rifle/reload_mono"] },

  "custom.donjon.jeremy_perdu.oe": {
    "sounds": ["custom/voices/donjon/jeremy_perdu/oe_entree_donjon"]
  }
}
