{
	"credit": "Made with Blockbench, Pompier15 www.matrice-software.fr",
	"textures": {
		"0": "block/crimson_door_top",
		"particle": "block/crimson_door_top"
	},
	"elements": [
		{
			"from": [0, 0, 0],
			"to": [3, 16, 16],
			"faces": {
				"north": {"uv": [6, 0, 9, 16], "texture": "#0"},
				"east": {"uv": [16, 0, 0, 16], "texture": "#0"},
				"south": {"uv": [6, 0, 9, 16], "texture": "#0"},
				"west": {"uv": [0, 0, 16, 16], "texture": "#0"},
				"up": {"uv": [5, 0, 8, 16], "texture": "#0"},
				"down": {"uv": [4.5, 16, 7.5, 0], "texture": "#0"}
			}
		},
		{
			"from": [-0.25, 0, -0.25],
			"to": [1, 1, 1],
			"faces": {
				"north": {"uv": [0, 15, 1, 16], "texture": "#0"},
				"east": {"uv": [0, 15, 1, 16], "texture": "#0"},
				"south": {"uv": [0, 15, 1, 16], "texture": "#0"},
				"west": {"uv": [0, 15, 1, 16], "texture": "#0"},
				"up": {"uv": [0, 15, 1, 15.5], "texture": "#0"},
				"down": {"uv": [0, 15.5, 1, 16], "texture": "#0"}
			}
		},
		{
			"from": [-0.25, 10, -0.25],
			"to": [1, 12, 1],
			"faces": {
				"north": {"uv": [0, 4, 0.5, 6], "texture": "#0"},
				"east": {"uv": [1, 4, 0, 6], "texture": "#0"},
				"south": {"uv": [0.5, 4, 1, 6], "texture": "#0"},
				"west": {"uv": [0, 4, 1, 6], "texture": "#0"},
				"up": {"uv": [0, 4, 1, 4.5], "texture": "#0"},
				"down": {"uv": [0, 5.5, 1, 6], "texture": "#0"}
			}
		},
		{
			"from": [2, 10, -0.25],
			"to": [3.25, 12, 1],
			"faces": {
				"north": {"uv": [0, 4, 0.5, 6], "texture": "#0"},
				"east": {"uv": [1, 4, 0, 6], "texture": "#0"},
				"south": {"uv": [0.5, 4, 1, 6], "texture": "#0"},
				"west": {"uv": [0, 4, 1, 6], "texture": "#0"},
				"up": {"uv": [0, 4, 1, 4.5], "texture": "#0"},
				"down": {"uv": [0, 5.5, 1, 6], "texture": "#0"}
			}
		},
		{
			"from": [2, 0, -0.25],
			"to": [3.25, 1, 1],
			"faces": {
				"north": {"uv": [0, 15, 1, 16], "texture": "#0"},
				"east": {"uv": [0, 15, 1, 16], "texture": "#0"},
				"south": {"uv": [0, 15, 1, 16], "texture": "#0"},
				"west": {"uv": [0, 15, 1, 16], "texture": "#0"},
				"up": {"uv": [0, 15, 1, 15.5], "texture": "#0"},
				"down": {"uv": [0, 15.5, 1, 16], "texture": "#0"}
			}
		},
		{
			"from": [3, 0, 12],
			"to": [3.25, 2, 16],
			"faces": {
				"north": {"uv": [13.5, 15, 13.75, 16], "texture": "#0"},
				"east": {"uv": [16, 14, 12, 16], "texture": "#0"},
				"south": {"uv": [14.5, 15, 14.75, 16], "texture": "#0"},
				"west": {"uv": [0, 0, 1.5, 1], "texture": "#missing"},
				"up": {"uv": [12, 14, 16, 14.25], "rotation": 90, "texture": "#0"},
				"down": {"uv": [11.5, 10, 11.75, 11.5], "texture": "#0"}
			}
		},
		{
			"from": [3, 0, 11],
			"to": [3.25, 1, 12],
			"faces": {
				"north": {"uv": [12, 15, 11, 16], "texture": "#0"},
				"east": {"uv": [12, 15, 11, 16], "texture": "#0"},
				"south": {"uv": [12, 15, 11, 16], "texture": "#0"},
				"west": {"uv": [12, 15, 11, 16], "texture": "#0"},
				"up": {"uv": [12, 15, 11, 16], "rotation": 180, "texture": "#0"},
				"down": {"uv": [12, 15, 11, 16], "rotation": 180, "texture": "#0"}
			}
		},
		{
			"from": [3, 1, 11.5],
			"to": [3.25, 1.5, 12],
			"faces": {
				"north": {"uv": [12, 15, 11, 16], "texture": "#0"},
				"east": {"uv": [12, 15, 11, 16], "texture": "#0"},
				"south": {"uv": [12, 15, 11, 16], "texture": "#0"},
				"west": {"uv": [12, 15, 11, 16], "texture": "#0"},
				"up": {"uv": [12, 15, 11, 16], "rotation": 180, "texture": "#0"},
				"down": {"uv": [12, 15, 11, 16], "rotation": 180, "texture": "#0"}
			}
		},
		{
			"from": [-0.25, 0, 12],
			"to": [0, 2, 16],
			"faces": {
				"north": {"uv": [13.5, 15, 13.75, 16], "texture": "#0"},
				"east": {"uv": [16, 14, 12, 16], "texture": "#0"},
				"south": {"uv": [14.5, 15, 14.75, 16], "texture": "#0"},
				"west": {"uv": [12, 14, 16, 16], "texture": "#0"},
				"up": {"uv": [12, 14, 16, 14.25], "rotation": 90, "texture": "#0"},
				"down": {"uv": [11.5, 10, 11.75, 11.5], "texture": "#0"}
			}
		},
		{
			"from": [-0.25, 0, 11],
			"to": [0, 1, 12],
			"faces": {
				"north": {"uv": [12, 15, 11, 16], "texture": "#0"},
				"east": {"uv": [12, 15, 11, 16], "texture": "#0"},
				"south": {"uv": [12, 15, 11, 16], "texture": "#0"},
				"west": {"uv": [12, 15, 11, 16], "texture": "#0"},
				"up": {"uv": [12, 15, 11, 16], "rotation": 180, "texture": "#0"},
				"down": {"uv": [12, 15, 11, 16], "rotation": 180, "texture": "#0"}
			}
		},
		{
			"from": [-0.25, 1, 11.5],
			"to": [0, 1.5, 12],
			"faces": {
				"north": {"uv": [12, 15, 11, 16], "texture": "#0"},
				"east": {"uv": [12, 15, 11, 16], "texture": "#0"},
				"south": {"uv": [12, 15, 11, 16], "texture": "#0"},
				"west": {"uv": [12, 15, 11, 16], "texture": "#0"},
				"up": {"uv": [12, 15, 11, 16], "rotation": 180, "texture": "#0"},
				"down": {"uv": [12, 15, 11, 16], "rotation": 180, "texture": "#0"}
			}
		}
	],
	"groups": [
		{
			"name": "group",
			"origin": [8, 8, 8],
			"color": 0,
			"children": [0, 1, 2, 3, 4, 5, 6, 7, 8, 9, 10]
		}
	]
}