{
	"credit": "Made with Blockbench, Pompier15 www.matrice-software.fr",
	"textures": {
		"0": "block/crimson_door_bottom",
		"particle": "block/crimson_door_bottom"
	},
	"elements": [
		{
			"from": [0, 0, 0],
			"to": [3, 16, 16],
			"faces": {
				"north": {"uv": [6, 0, 9, 16], "texture": "#0"},
				"east": {"uv": [16, 0, 0, 16], "texture": "#0"},
				"south": {"uv": [6, 0, 9, 16], "texture": "#0"},
				"west": {"uv": [0, 0, 16, 16], "texture": "#0"},
				"up": {"uv": [5, 0, 8, 16], "texture": "#0"},
				"down": {"uv": [4.5, 16, 7.5, 0], "texture": "#0"}
			}
		},
		{
			"from": [2, 4, -0.25],
			"to": [3.25, 6, 1],
			"faces": {
				"north": {"uv": [0, 10, 0.5, 12], "texture": "#0"},
				"east": {"uv": [1, 10, 0, 12], "texture": "#0"},
				"south": {"uv": [0.5, 10, 1, 12], "texture": "#0"},
				"west": {"uv": [0, 10, 1, 12], "texture": "#0"},
				"up": {"uv": [0, 10, 1, 10.5], "texture": "#0"},
				"down": {"uv": [0, 11.5, 1, 12], "texture": "#0"}
			}
		},
		{
			"from": [2, 15, -0.25],
			"to": [3.25, 16, 1],
			"faces": {
				"north": {"uv": [0, 0, 1, 1], "texture": "#0"},
				"east": {"uv": [1, 0, 0, 1], "texture": "#0"},
				"south": {"uv": [0, 0, 1, 1], "texture": "#0"},
				"west": {"uv": [1, 0, 0, 1], "texture": "#0"},
				"up": {"uv": [0, 0, 1, 0.5], "texture": "#0"},
				"down": {"uv": [0, 0.5, 1, 1], "texture": "#0"}
			}
		},
		{
			"from": [-0.25, 15, -0.25],
			"to": [1, 16, 1],
			"faces": {
				"north": {"uv": [1, 0, 0, 1], "texture": "#0"},
				"east": {"uv": [0, 0, 1, 1], "texture": "#0"},
				"south": {"uv": [1, 0, 0, 1], "texture": "#0"},
				"west": {"uv": [0, 0, 1, 1], "texture": "#0"},
				"up": {"uv": [0, 0, 1, 0.5], "texture": "#0"},
				"down": {"uv": [0, 0.5, 1, 1], "texture": "#0"}
			}
		},
		{
			"from": [-0.25, 4, -0.25],
			"to": [1, 6, 1],
			"faces": {
				"north": {"uv": [0, 10, 0.5, 12], "texture": "#0"},
				"east": {"uv": [1, 10, 0, 12], "texture": "#0"},
				"south": {"uv": [0.5, 10, 1, 12], "texture": "#0"},
				"west": {"uv": [0, 10, 1, 12], "texture": "#0"},
				"up": {"uv": [0, 10, 1, 10.5], "texture": "#0"},
				"down": {"uv": [0, 11.5, 1, 12], "texture": "#0"}
			}
		},
		{
			"from": [3, 15.5, 11],
			"to": [3.25, 16, 15],
			"faces": {
				"north": {"uv": [11, 0, 11.25, 0.5], "texture": "#0"},
				"east": {"uv": [15, 0, 11, 0.5], "texture": "#0"},
				"south": {"uv": [11, 0, 11.25, 0.5], "texture": "#0"},
				"west": {"uv": [0, 0, 4, 0.5], "texture": "#missing"},
				"up": {"uv": [11, 0, 11.25, 4], "texture": "#0"},
				"down": {"uv": [11, 0, 11.25, 4], "texture": "#0"}
			}
		},
		{
			"from": [3, 14.5, 11],
			"to": [3.25, 15.5, 13.5],
			"faces": {
				"north": {"uv": [11, 0, 11.25, 1], "texture": "#0"},
				"east": {"uv": [13.5, 0.5, 11, 1.5], "texture": "#0"},
				"south": {"uv": [13, 0.5, 13.25, 1.5], "texture": "#0"},
				"west": {"uv": [0, 0, 2.5, 1], "texture": "#missing"},
				"up": {"uv": [0, 0, 0.25, 2.5], "texture": "#missing"},
				"down": {"uv": [11, 0, 11.25, 2.5], "texture": "#0"}
			}
		},
		{
			"from": [-0.25, 15.5, 11],
			"to": [0, 16, 15],
			"faces": {
				"north": {"uv": [11, 0, 11.25, 0.5], "texture": "#0"},
				"east": {"uv": [15, 0, 11, 0.5], "texture": "#0"},
				"south": {"uv": [11, 0, 11.25, 0.5], "texture": "#0"},
				"west": {"uv": [11, 0, 15, 0.5], "texture": "#0"},
				"up": {"uv": [11, 0, 11.25, 4], "texture": "#0"},
				"down": {"uv": [11, 0, 11.25, 4], "texture": "#0"}
			}
		},
		{
			"from": [-0.25, 14.5, 11],
			"to": [0, 15.5, 13.5],
			"faces": {
				"north": {"uv": [11, 0, 11.25, 1], "texture": "#0"},
				"east": {"uv": [13.5, 0.5, 11, 1.5], "texture": "#0"},
				"south": {"uv": [13, 0.5, 13.25, 1.5], "texture": "#0"},
				"west": {"uv": [11, 0.5, 13.5, 1.5], "texture": "#0"},
				"up": {"uv": [0, 0, 0.25, 2.5], "texture": "#missing"},
				"down": {"uv": [11, 0, 11.25, 2.5], "texture": "#0"}
			}
		}
	],
	"groups": [
		{
			"name": "group",
			"origin": [0, 0, 0],
			"color": 0,
			"children": [0, 1, 2, 3, 4, 5, 6, 7, 8]
		}
	]
}