{
	"credit": "Made with Blockbench, Pompier15 www.matrice-software.fr",
	"textures": {
		"2": "ctm/doors/acacia/side",
		"3": "ctm/doors/acacia/front",
		"top": "block/acacia_door_top",
		"particle": "block/acacia_door_bottom"
	},
	"elements": [
		{
			"from": [0, 0, 2.5],
			"to": [3, 1, 13.5],
			"faces": {
				"east": {"uv": [13.5, 15, 2.5, 16], "texture": "#top"},
				"west": {"uv": [2.5, 15, 13.5, 16], "texture": "#top"},
				"up": {"uv": [3, 2.5, 0, 12.5], "texture": "#2"}
			}
		},
		{
			"from": [0, 0, 0],
			"to": [3, 13, 2.5],
			"faces": {
				"north": {"uv": [0, 2.5, 3, 15.5], "texture": "#2"},
				"east": {"uv": [2.5, 2.5, 0, 16], "texture": "#top"},
				"south": {"uv": [0, 2.5, 3, 15.5], "texture": "#2"},
				"west": {"uv": [0, 2.5, 2.5, 16], "texture": "#top"}
			}
		},
		{
			"from": [0, 13, 0],
			"to": [3, 16, 16],
			"faces": {
				"north": {"uv": [0, 0, 3, 3], "texture": "#2"},
				"east": {"uv": [16, 0, 0, 2.5], "texture": "#top"},
				"south": {"uv": [0, 0, 3, 3], "texture": "#2"},
				"west": {"uv": [0, 0, 16, 2.5], "texture": "#top"},
				"up": {"uv": [0, 0, 16, 3], "rotation": 90, "texture": "#3"},
				"down": {"uv": [0, 0, 16, 3], "rotation": 90, "texture": "#3"}
			}
		},
		{
			"from": [0, 0, 13.5],
			"to": [3, 13, 16],
			"faces": {
				"north": {"uv": [0, 2.5, 3, 15.5], "texture": "#2"},
				"east": {"uv": [16, 2.5, 13.5, 16], "texture": "#top"},
				"south": {"uv": [0, 2.5, 3, 15.5], "texture": "#2"},
				"west": {"uv": [13.5, 2.5, 16, 16], "texture": "#top"}
			}
		},
		{
			"from": [0, 1, 5],
			"to": [3, 13, 7],
			"faces": {
				"north": {"uv": [0, 0.5, 3, 12.5], "texture": "#2"},
				"east": {"uv": [7, 3, 5, 15], "texture": "#top"},
				"south": {"uv": [0, 3, 3, 15], "texture": "#2"},
				"west": {"uv": [5, 3, 7, 15], "texture": "#top"}
			}
		},
		{
			"from": [0, 1, 9],
			"to": [3, 13, 11],
			"faces": {
				"north": {"uv": [0, 0.5, 3, 12.5], "texture": "#2"},
				"east": {"uv": [11, 3, 9, 15], "texture": "#top"},
				"south": {"uv": [0, 3, 3, 15], "texture": "#2"},
				"west": {"uv": [9, 3, 11, 15], "texture": "#top"}
			}
		},
		{
			"from": [2.25, 0, -0.25],
			"to": [3.25, 1, 1],
			"faces": {
				"north": {"uv": [0, 15, 1, 16], "texture": "#top"},
				"east": {"uv": [1, 15, 0, 16], "texture": "#top"},
				"south": {"uv": [0, 15, 0.5, 16], "texture": "#top"},
				"west": {"uv": [0, 15, 1, 16], "texture": "#top"},
				"up": {"uv": [0.5, 16, 0, 15], "texture": "#top"},
				"down": {"uv": [0, 15, 0.5, 16], "texture": "#top"}
			}
		},
		{
			"from": [-0.25, 0, -0.25],
			"to": [0.75, 1, 1],
			"faces": {
				"north": {"uv": [0, 15, 1, 16], "texture": "#top"},
				"east": {"uv": [1, 15, 0, 16], "texture": "#top"},
				"south": {"uv": [0, 15, 0.5, 16], "texture": "#top"},
				"west": {"uv": [0, 15, 1, 16], "texture": "#top"},
				"up": {"uv": [0.5, 16, 0, 15], "texture": "#top"},
				"down": {"uv": [0, 15, 0.5, 16], "texture": "#top"}
			}
		},
		{
			"from": [2.25, 9.5, -0.25],
			"to": [3.25, 11.5, 1],
			"faces": {
				"north": {"uv": [0, 4, 0.5, 6], "texture": "#top"},
				"east": {"uv": [1, 4, 0, 6], "texture": "#top"},
				"south": {"uv": [0.5, 4, 1, 6], "texture": "#top"},
				"west": {"uv": [1, 4, 0, 6], "texture": "#top"},
				"up": {"uv": [0, 4, 0.5, 5], "texture": "#top"},
				"down": {"uv": [0, 5, 1, 6], "texture": "#top"}
			}
		},
		{
			"from": [-0.25, 9.5, -0.25],
			"to": [0.75, 11.5, 1],
			"faces": {
				"north": {"uv": [0, 4, 0.5, 6], "texture": "#top"},
				"east": {"uv": [1, 4, 0, 6], "texture": "#top"},
				"south": {"uv": [0.5, 4, 1, 6], "texture": "#top"},
				"west": {"uv": [0, 4, 1, 6], "texture": "#top"},
				"up": {"uv": [0, 4, 0.5, 5], "texture": "#top"},
				"down": {"uv": [0, 5, 1, 6], "texture": "#top"}
			}
		},
		{
			"from": [3, 0, 12.5],
			"to": [3.25, 0.5, 15.5],
			"faces": {
				"north": {"uv": [12.5, 15.5, 13, 16], "texture": "#top"},
				"east": {"uv": [15.5, 15.5, 12.5, 16], "texture": "#top"},
				"south": {"uv": [0.5, 4.5, 1, 5], "texture": "#top"},
				"west": {"uv": [0, 0, 3, 0.5], "texture": "#missing"},
				"up": {"uv": [0, 4.5, 0.5, 5], "texture": "#top"},
				"down": {"uv": [0, 4.5, 0.5, 5], "texture": "#top"}
			}
		},
		{
			"from": [-0.25, 0, 12.5],
			"to": [0, 0.5, 15.5],
			"faces": {
				"north": {"uv": [12.5, 15.5, 13, 16], "texture": "#top"},
				"east": {"uv": [15.5, 15.5, 12.5, 16], "texture": "#top"},
				"south": {"uv": [0.5, 4.5, 1, 5], "texture": "#top"},
				"west": {"uv": [12.5, 15.5, 15.5, 16], "texture": "#top"},
				"up": {"uv": [0, 4.5, 0.5, 5], "texture": "#top"},
				"down": {"uv": [0, 4.5, 0.5, 5], "texture": "#top"}
			}
		}
	],
	"groups": [
		{
			"name": "group",
			"origin": [0, 0, 0],
			"color": 0,
			"children": [0, 1, 2, 3, 4, 5, 6, 7, 8, 9, 10, 11]
		}
	]
}