{
	"credit": "Made with Blockbench, Pompier15 www.matrice-software.fr",
	"texture_size": [32, 32],
	"textures": {
		"particle": "block/jungle_trapdoor",
		"texture": "block/jungle_trapdoor",
		"texture1": "ctm/trapdoors/jungle/front"
	},
	"elements": [
		{
			"name": "Box1",
			"from": [0, 2.5, 13],
			"to": [2.5, 13, 16],
			"rotation": {"angle": 0, "axis": "x", "origin": [7, 0, 16]},
			"faces": {
				"north": {"uv": [13.5, 13, 16, 2.5], "texture": "#texture"},
				"east": {"uv": [2.5, 0, 13, 3], "rotation": 270, "texture": "#texture1"},
				"south": {"uv": [13.5, 2.5, 16, 13], "rotation": 180, "texture": "#texture"},
				"west": {"uv": [3, 0, 13.5, 3], "rotation": 90, "texture": "#texture1"}
			}
		},
		{
			"name": "Box1",
			"from": [6, 2.5, 13],
			"to": [7, 13, 16],
			"rotation": {"angle": 0, "axis": "x", "origin": [7, 0, 16]},
			"faces": {
				"north": {"uv": [9, 13, 10, 2.5], "texture": "#texture"},
				"east": {"uv": [2.5, 0, 13, 3], "rotation": 270, "texture": "#texture1"},
				"south": {"uv": [9, 2.5, 10, 13], "rotation": 180, "texture": "#texture"},
				"west": {"uv": [3, 0, 13.5, 3], "rotation": 90, "texture": "#texture1"}
			}
		},
		{
			"name": "Box1",
			"from": [0, 0, 13],
			"to": [16, 2.5, 16],
			"rotation": {"angle": 0, "axis": "x", "origin": [7, 0, 16]},
			"faces": {
				"north": {"uv": [0, 2.5, 16, 0], "texture": "#texture"},
				"east": {"uv": [0, 0, 2.5, 3], "rotation": 270, "texture": "#texture1"},
				"south": {"uv": [0, 0, 16, 2.5], "rotation": 180, "texture": "#texture"},
				"west": {"uv": [13.5, 0, 16, 3], "rotation": 90, "texture": "#texture1"},
				"up": {"uv": [0, 0, 16, 3], "rotation": 180, "texture": "#texture1"},
				"down": {"uv": [0, 0, 16, 3], "texture": "#texture1"}
			}
		},
		{
			"name": "Box1",
			"from": [0, 13, 13],
			"to": [16, 16, 16],
			"rotation": {"angle": 0, "axis": "x", "origin": [7, 0, 16]},
			"faces": {
				"north": {"uv": [0, 16, 16, 13], "texture": "#texture"},
				"east": {"uv": [13, 0, 16, 3], "rotation": 270, "texture": "#texture1"},
				"south": {"uv": [0, 13, 16, 16], "rotation": 180, "texture": "#texture"},
				"west": {"uv": [0, 0, 3, 3], "rotation": 90, "texture": "#texture1"},
				"up": {"uv": [0, 0, 16, 3], "rotation": 180, "texture": "#texture1"},
				"down": {"uv": [0, 0, 16, 3], "texture": "#texture1"}
			}
		},
		{
			"name": "Box1",
			"from": [13.5, 2.5, 13],
			"to": [16, 13, 16],
			"rotation": {"angle": 0, "axis": "x", "origin": [7, 0, 16]},
			"faces": {
				"north": {"uv": [0, 13, 2.5, 2.5], "texture": "#texture"},
				"east": {"uv": [2.5, 0, 13, 3], "rotation": 270, "texture": "#texture1"},
				"south": {"uv": [0, 2.5, 2.5, 13], "rotation": 180, "texture": "#texture"},
				"west": {"uv": [3, 0, 13.5, 3], "rotation": 90, "texture": "#texture1"}
			}
		},
		{
			"name": "Box1",
			"from": [9, 2.5, 13],
			"to": [10, 13, 16],
			"rotation": {"angle": 0, "axis": "x", "origin": [7, 0, 16]},
			"faces": {
				"north": {"uv": [6, 13, 7, 2.5], "texture": "#texture"},
				"east": {"uv": [2.5, 0, 13, 3], "rotation": 270, "texture": "#texture1"},
				"south": {"uv": [6, 2.5, 7, 13], "rotation": 180, "texture": "#texture"},
				"west": {"uv": [3, 0, 13.5, 3], "rotation": 90, "texture": "#texture1"}
			}
		},
		{
			"name": "Box1",
			"from": [10, 7, 13],
			"to": [13.5, 9, 16],
			"rotation": {"angle": 0, "axis": "x", "origin": [7, 0, 16]},
			"faces": {
				"north": {"uv": [3, 9.5, 6, 7.5], "texture": "#texture"},
				"south": {"uv": [3, 7.5, 6, 9.5], "rotation": 180, "texture": "#texture"},
				"up": {"uv": [2.5, 0, 5.5, 3], "rotation": 180, "texture": "#texture1"},
				"down": {"uv": [10.5, 0, 13.5, 3], "texture": "#texture1"}
			}
		},
		{
			"name": "Box1",
			"from": [2.5, 7, 13],
			"to": [6, 9, 16],
			"rotation": {"angle": 0, "axis": "x", "origin": [7, 0, 16]},
			"faces": {
				"north": {"uv": [10, 9.5, 13.5, 7.5], "texture": "#texture"},
				"south": {"uv": [10, 7.5, 13.5, 9.5], "rotation": 180, "texture": "#texture"},
				"up": {"uv": [10.5, 0, 13.5, 3], "rotation": 180, "texture": "#texture1"},
				"down": {"uv": [2.5, 0, 5.5, 3], "texture": "#texture1"}
			}
		},
		{
			"name": "Box1",
			"from": [7, 7, 13],
			"to": [9, 9, 16],
			"rotation": {"angle": 0, "axis": "x", "origin": [7, 0, 16]},
			"faces": {
				"north": {"uv": [7, 9.5, 9, 7.5], "texture": "#texture"},
				"south": {"uv": [7, 7.5, 9, 9.5], "rotation": 180, "texture": "#texture"},
				"up": {"uv": [7, 0, 9, 3], "rotation": 180, "texture": "#texture1"},
				"down": {"uv": [7, 0, 9, 3], "texture": "#texture1"}
			}
		},
		{
			"name": "Box1",
			"from": [13, 9, 13],
			"to": [13.5, 13, 16],
			"rotation": {"angle": 0, "axis": "x", "origin": [7, 0, 16]},
			"faces": {
				"north": {"uv": [2.5, 13, 3, 9], "texture": "#texture"},
				"south": {"uv": [2.5, 9, 3, 13], "rotation": 180, "texture": "#texture"},
				"west": {"uv": [3, 0, 7, 3], "rotation": 90, "texture": "#texture1"}
			}
		},
		{
			"name": "Box1",
			"from": [12.5, 11.5, 13],
			"to": [13, 13, 16],
			"rotation": {"angle": 0, "axis": "x", "origin": [7, 0, 16]},
			"faces": {
				"north": {"uv": [3, 13, 3.5, 11.5], "texture": "#texture"},
				"south": {"uv": [3, 11.5, 3.5, 13], "rotation": 180, "texture": "#texture"},
				"west": {"uv": [3, 0, 4.5, 3], "rotation": 90, "texture": "#texture1"},
				"down": {"uv": [12.5, 0, 13, 3], "texture": "#texture1"}
			}
		},
		{
			"name": "Box1",
			"from": [11.5, 12.5, 13],
			"to": [12.5, 13, 16],
			"rotation": {"angle": 0, "axis": "x", "origin": [7, 0, 16]},
			"faces": {
				"north": {"uv": [3.5, 13, 4.5, 12.5], "texture": "#texture"},
				"south": {"uv": [3.5, 12.5, 4.5, 13], "rotation": 180, "texture": "#texture"},
				"west": {"uv": [3, 0, 3.5, 3], "rotation": 90, "texture": "#texture1"},
				"down": {"uv": [11.5, 0, 12.5, 3], "texture": "#texture1"}
			}
		},
		{
			"name": "Box13",
			"from": [2.5, 9, 13],
			"to": [3, 13, 16],
			"rotation": {"angle": 0, "axis": "x", "origin": [7, 0, 16]},
			"faces": {
				"north": {"uv": [13, 13, 13.5, 9], "texture": "#texture"},
				"east": {"uv": [9, 0, 13, 3], "rotation": 270, "texture": "#texture1"},
				"south": {"uv": [13, 9, 13.5, 13], "rotation": 180, "texture": "#texture"}
			}
		},
		{
			"name": "Box13",
			"from": [3, 11.5, 13],
			"to": [3.5, 13, 16],
			"rotation": {"angle": 0, "axis": "x", "origin": [7, 0, 16]},
			"faces": {
				"north": {"uv": [12.5, 13, 13, 11.5], "texture": "#texture"},
				"east": {"uv": [11.5, 0, 13, 3], "rotation": 270, "texture": "#texture1"},
				"south": {"uv": [12.5, 11.5, 13, 13], "rotation": 180, "texture": "#texture"},
				"down": {"uv": [3, 0, 3.5, 3], "texture": "#texture1"}
			}
		},
		{
			"name": "Box13",
			"from": [3.5, 12.5, 13],
			"to": [4.5, 13, 16],
			"rotation": {"angle": 0, "axis": "x", "origin": [7, 0, 16]},
			"faces": {
				"north": {"uv": [11.5, 13, 12.5, 12.5], "texture": "#texture"},
				"east": {"uv": [12.5, 0, 13, 3], "rotation": 270, "texture": "#texture1"},
				"south": {"uv": [11.5, 12.5, 12.5, 13], "rotation": 180, "texture": "#texture"},
				"down": {"uv": [3.5, 0, 4.5, 3], "texture": "#texture1"}
			}
		},
		{
			"name": "Box13",
			"from": [13, 2.5, 13],
			"to": [13.5, 5.5, 16],
			"rotation": {"angle": 0, "axis": "x", "origin": [7, 0, 16]},
			"faces": {
				"north": {"uv": [2.5, 5.5, 3, 2.5], "texture": "#texture"},
				"south": {"uv": [2.5, 2.5, 3, 5.5], "rotation": 180, "texture": "#texture"},
				"west": {"uv": [10.5, 0, 13.5, 3], "rotation": 90, "texture": "#texture1"},
				"up": {"uv": [2.5, 0, 3, 3], "rotation": 180, "texture": "#texture1"}
			}
		},
		{
			"name": "Box13",
			"from": [12.5, 2.5, 13],
			"to": [13, 4, 16],
			"rotation": {"angle": 0, "axis": "x", "origin": [7, 0, 16]},
			"faces": {
				"north": {"uv": [3, 4, 3.5, 2.5], "texture": "#texture"},
				"south": {"uv": [3, 2.5, 3.5, 4], "rotation": 180, "texture": "#texture"},
				"west": {"uv": [12, 0, 13.5, 3], "rotation": 90, "texture": "#texture1"},
				"up": {"uv": [3, 0, 3.5, 3], "rotation": 180, "texture": "#texture1"}
			}
		},
		{
			"name": "Box13",
			"from": [11.5, 2.5, 13],
			"to": [12.5, 3, 16],
			"rotation": {"angle": 0, "axis": "x", "origin": [7, 0, 16]},
			"faces": {
				"north": {"uv": [3.5, 3, 4.5, 2.5], "texture": "#texture"},
				"south": {"uv": [3.5, 2.5, 4.5, 3], "rotation": 180, "texture": "#texture"},
				"west": {"uv": [13, 0, 13.5, 3], "rotation": 90, "texture": "#texture1"},
				"up": {"uv": [3.5, 0, 4.5, 3], "rotation": 180, "texture": "#texture1"}
			}
		},
		{
			"name": "Box13",
			"from": [3.5, 2.5, 13],
			"to": [4.5, 3, 16],
			"rotation": {"angle": 0, "axis": "x", "origin": [7, 0, 16]},
			"faces": {
				"north": {"uv": [11.5, 3, 12.5, 2.5], "texture": "#texture"},
				"east": {"uv": [2.5, 0, 3, 3], "rotation": 270, "texture": "#texture1"},
				"south": {"uv": [11.5, 2.5, 12.5, 3], "rotation": 180, "texture": "#texture"},
				"up": {"uv": [11.5, 0, 12.5, 3], "rotation": 180, "texture": "#texture1"}
			}
		},
		{
			"name": "Box13",
			"from": [2.5, 2.5, 13],
			"to": [3, 5.5, 16],
			"rotation": {"angle": 0, "axis": "x", "origin": [7, 0, 16]},
			"faces": {
				"north": {"uv": [13, 5.5, 13.5, 2.5], "texture": "#texture"},
				"east": {"uv": [2.5, 0, 5.5, 3], "rotation": 270, "texture": "#texture1"},
				"south": {"uv": [13, 2.5, 13.5, 5.5], "rotation": 180, "texture": "#texture"},
				"up": {"uv": [13, 0, 13.5, 3], "rotation": 180, "texture": "#texture1"}
			}
		},
		{
			"name": "Box13",
			"from": [3, 2.5, 13],
			"to": [3.5, 4, 16],
			"rotation": {"angle": 0, "axis": "x", "origin": [7, 0, 16]},
			"faces": {
				"north": {"uv": [12.5, 4, 13, 2.5], "texture": "#texture"},
				"east": {"uv": [2.5, 0, 4, 3], "rotation": 270, "texture": "#texture1"},
				"south": {"uv": [12.5, 2.5, 13, 4], "rotation": 180, "texture": "#texture"},
				"up": {"uv": [12.5, 0, 13, 3], "rotation": 180, "texture": "#texture1"}
			}
		},
		{
			"from": [5, 14, 15.25],
			"to": [11, 15, 16.25],
			"rotation": {"angle": 0, "axis": "x", "origin": [7, 0, 16]},
			"faces": {
				"north": {"uv": [0, 0, 3, 0.5], "rotation": 180, "texture": "#missing"},
				"east": {"uv": [5, 14, 5.5, 15], "rotation": 270, "texture": "#texture"},
				"south": {"uv": [5, 14, 11, 15], "texture": "#texture"},
				"west": {"uv": [10.5, 14, 11, 15], "rotation": 90, "texture": "#texture"},
				"up": {"uv": [5, 14, 11, 14.5], "rotation": 180, "texture": "#texture"},
				"down": {"uv": [5, 14.5, 11, 15], "texture": "#texture"}
			}
		},
		{
			"from": [5, 14, 12.75],
			"to": [11, 15, 13.75],
			"rotation": {"angle": 0, "axis": "x", "origin": [7, 0, 16]},
			"faces": {
				"north": {"uv": [5, 14, 11, 15], "rotation": 180, "texture": "#texture"},
				"east": {"uv": [5, 14, 5.5, 15], "rotation": 270, "texture": "#texture"},
				"south": {"uv": [0, 0, 3, 0.5], "texture": "#missing"},
				"west": {"uv": [10.5, 14, 11, 15], "rotation": 90, "texture": "#texture"},
				"up": {"uv": [5, 14.5, 11, 15], "rotation": 180, "texture": "#texture"},
				"down": {"uv": [5, 14, 11, 14.5], "texture": "#texture"}
			}
		}
	],
	"display": {
		"thirdperson_righthand": {
			"rotation": [75, 45, 0],
			"translation": [0, 2.5, 2],
			"scale": [0.375, 0.375, 0.375]
		},
		"thirdperson_lefthand": {
			"rotation": [75, 45, 0],
			"translation": [0, 2.5, 0],
			"scale": [0.375, 0.375, 0.375]
		},
		"firstperson_righthand": {
			"rotation": [0, 45, 0],
			"translation": [0, 4.2, 0],
			"scale": [0.4, 0.4, 0.4]
		},
		"firstperson_lefthand": {
			"rotation": [0, 225, 0],
			"translation": [0, 4.2, 0],
			"scale": [0.4, 0.4, 0.4]
		},
		"ground": {
			"translation": [0, 3, 0],
			"scale": [0.25, 0.25, 0.25]
		},
		"gui": {
			"rotation": [30, 225, 0],
			"scale": [0.625, 0.625, 0.625]
		},
		"fixed": {
			"scale": [0.5, 0.5, 0.5]
		}
	},
	"groups": [
		{
			"name": "group",
			"origin": [0, 0, 0],
			"color": 0,
			"children": [0, 1, 2, 3, 4, 5, 6, 7, 8, 9, 10, 11, 12, 13, 14, 15, 16, 17, 18, 19, 20, 21, 22]
		}
	]
}