{
	"credit": "Made with Blockbench, Pompier15 www.matrice-software.fr",
	"texture_size": [32, 32],
	"textures": {
		"0": "block/warped_trapdoor",
		"1": "ctm/trapdoors/warped/warped_sides",
		"particle": "block/warped_trapdoor"
	},
	"elements": [
		{
			"from": [0, 13, 0],
			"to": [16, 16, 2.5],
			"faces": {
				"north": {"uv": [0, 0, 16, 3], "texture": "#1"},
				"east": {"uv": [13.5, 0, 16, 3], "texture": "#1"},
				"south": {"uv": [2.5, 3.5, 13.5, 6.5], "texture": "#1"},
				"west": {"uv": [0, 0, 2.5, 3], "texture": "#1"},
				"up": {"uv": [0, 0, 16, 2.5], "texture": "#0"},
				"down": {"uv": [0, 13.5, 16, 16], "texture": "#0"}
			}
		},
		{
			"from": [0, 13, 13.5],
			"to": [16, 16, 16],
			"faces": {
				"north": {"uv": [2.5, 3.5, 13.5, 6.5], "texture": "#1"},
				"east": {"uv": [0, 0, 2.5, 3], "texture": "#1"},
				"south": {"uv": [0, 0, 16, 3], "texture": "#1"},
				"west": {"uv": [13.5, 0, 16, 3], "texture": "#1"},
				"up": {"uv": [0, 13.5, 16, 16], "texture": "#0"},
				"down": {"uv": [0, 0, 16, 2.5], "texture": "#0"}
			}
		},
		{
			"from": [0, 13, 2.5],
			"to": [2.5, 16, 13.5],
			"faces": {
				"north": {"uv": [0, 0, 1.25, 1.5], "texture": "#missing"},
				"east": {"uv": [2.5, 3.5, 13.5, 6.5], "texture": "#1"},
				"south": {"uv": [0, 0, 1.25, 1.5], "texture": "#missing"},
				"west": {"uv": [2.5, 0, 13.5, 3], "texture": "#1"},
				"up": {"uv": [0, 2.5, 2.5, 13.5], "texture": "#0"},
				"down": {"uv": [0, 2.5, 2.5, 13.5], "texture": "#0"}
			}
		},
		{
			"from": [13.5, 13, 2.5],
			"to": [16, 16, 13.5],
			"faces": {
				"north": {"uv": [0, 0, 1.25, 1.5], "texture": "#missing"},
				"east": {"uv": [2.5, 0, 13.5, 3], "texture": "#1"},
				"south": {"uv": [0, 0, 1.25, 1.5], "texture": "#missing"},
				"west": {"uv": [2.5, 3.5, 13.5, 6.5], "texture": "#1"},
				"up": {"uv": [13.5, 2.5, 16, 13.5], "texture": "#0"},
				"down": {"uv": [13.5, 2.5, 16, 13.5], "texture": "#0"}
			}
		},
		{
			"from": [2.5, 13, 2.5],
			"to": [3, 16, 3],
			"faces": {
				"north": {"uv": [0, 0, 0.25, 1.5], "texture": "#missing"},
				"east": {"uv": [4, 3.5, 4.5, 6.5], "texture": "#1"},
				"south": {"uv": [0.5, 3.5, 1, 6.5], "texture": "#1"},
				"west": {"uv": [0, 0, 0.25, 1.5], "texture": "#missing"},
				"up": {"uv": [2.5, 2.5, 3, 3], "texture": "#0"},
				"down": {"uv": [2.5, 2.5, 3, 3], "texture": "#0"}
			}
		},
		{
			"from": [11, 13, 3.5],
			"to": [11.5, 16, 4],
			"faces": {
				"north": {"uv": [0, 0, 0.25, 1.5], "texture": "#missing"},
				"east": {"uv": [5, 3.5, 5.5, 6.5], "texture": "#1"},
				"south": {"uv": [2.5, 3.5, 3, 6.5], "texture": "#1"},
				"west": {"uv": [7, 3.5, 7.5, 6.5], "texture": "#1"},
				"up": {"uv": [11.5, 2.5, 12, 3], "texture": "#0"},
				"down": {"uv": [11.5, 2.5, 12, 3], "texture": "#0"}
			}
		},
		{
			"from": [13, 13, 2.5],
			"to": [13.5, 16, 3],
			"faces": {
				"north": {"uv": [0, 0, 0.25, 1.5], "texture": "#missing"},
				"east": {"uv": [0, 0, 0.25, 1.5], "texture": "#missing"},
				"south": {"uv": [3, 3.5, 3.5, 6.5], "texture": "#1"},
				"west": {"uv": [5, 3.5, 5.5, 6.5], "texture": "#1"},
				"up": {"uv": [13, 2.5, 13.5, 3], "texture": "#0"},
				"down": {"uv": [13, 2.5, 13.5, 3], "texture": "#0"}
			}
		},
		{
			"from": [4, 13, 2.5],
			"to": [6.5, 16, 3],
			"faces": {
				"north": {"uv": [0, 0, 1.25, 1.5], "texture": "#missing"},
				"east": {"uv": [9, 3.5, 9.5, 6.5], "texture": "#1"},
				"south": {"uv": [5, 3.5, 7.5, 6.5], "texture": "#1"},
				"west": {"uv": [2, 3.5, 2.5, 6.5], "texture": "#1"},
				"up": {"uv": [4, 2.5, 6.5, 3], "texture": "#0"},
				"down": {"uv": [4, 2.5, 6.5, 3], "texture": "#0"}
			}
		},
		{
			"from": [8, 13, 2.5],
			"to": [12, 16, 3],
			"faces": {
				"north": {"uv": [0, 0, 2, 1.5], "texture": "#missing"},
				"east": {"uv": [2, 3.5, 2.5, 6.5], "texture": "#1"},
				"south": {"uv": [7.125, 3.5, 11.125, 6.5], "texture": "#1"},
				"west": {"uv": [4, 3.5, 4.5, 6.5], "texture": "#1"},
				"up": {"uv": [8, 2.5, 12, 3], "texture": "#0"},
				"down": {"uv": [8, 2.5, 12, 3], "texture": "#0"}
			}
		},
		{
			"from": [4.5, 13, 3],
			"to": [6, 16, 3.5],
			"faces": {
				"north": {"uv": [0, 0, 0.75, 1.5], "texture": "#missing"},
				"east": {"uv": [2.5, 3.5, 3, 6.5], "texture": "#1"},
				"south": {"uv": [0, 0, 0.75, 1.5], "texture": "#missing"},
				"west": {"uv": [0, 3.5, 0.5, 6.5], "texture": "#1"},
				"up": {"uv": [4.5, 3, 6, 3.5], "texture": "#0"},
				"down": {"uv": [4.5, 3, 6, 3.5], "texture": "#0"}
			}
		},
		{
			"from": [4.5, 13, 3.5],
			"to": [6.5, 16, 4],
			"faces": {
				"north": {"uv": [3.5, 3.5, 5.5, 6.5], "texture": "#1"},
				"east": {"uv": [1.5, 3.5, 2, 6.5], "texture": "#1"},
				"south": {"uv": [8, 3.5, 10, 6.5], "texture": "#1"},
				"west": {"uv": [7, 3.5, 7.5, 6.5], "texture": "#1"},
				"up": {"uv": [4.5, 3.5, 6.5, 4], "texture": "#0"},
				"down": {"uv": [4.5, 3.5, 6.5, 4], "texture": "#0"}
			}
		},
		{
			"from": [8.5, 13, 3],
			"to": [11.5, 16, 3.5],
			"faces": {
				"north": {"uv": [0, 0, 1.5, 1.5], "texture": "#missing"},
				"east": {"uv": [1.5, 3.5, 2, 6.5], "texture": "#1"},
				"south": {"uv": [9, 3.5, 12, 6.5], "texture": "#1"},
				"west": {"uv": [4, 3.5, 4.5, 6.5], "texture": "#1"},
				"up": {"uv": [8.5, 3, 11.5, 3.5], "texture": "#0"},
				"down": {"uv": [8.5, 3, 11.5, 3.5], "texture": "#0"}
			}
		},
		{
			"from": [8.5, 13, 3.5],
			"to": [10, 16, 4],
			"faces": {
				"north": {"uv": [0, 0, 0.75, 1.5], "texture": "#missing"},
				"east": {"uv": [10.5, 3.5, 11, 6.5], "texture": "#1"},
				"south": {"uv": [1, 3.5, 2.25, 6.5], "texture": "#1"},
				"west": {"uv": [1, 3.5, 1.5, 6.5], "texture": "#1"},
				"up": {"uv": [8.5, 3.5, 10, 4], "texture": "#0"},
				"down": {"uv": [8.5, 3.5, 10, 4], "texture": "#0"}
			}
		},
		{
			"from": [2.5, 13, 4],
			"to": [3, 16, 9],
			"faces": {
				"north": {"uv": [8.5, 3.5, 9, 6.5], "texture": "#1"},
				"east": {"uv": [2.5, 3.5, 7.5, 6.5], "texture": "#1"},
				"south": {"uv": [1, 3.5, 1.5, 6.5], "texture": "#1"},
				"west": {"uv": [0, 0, 2.5, 1.5], "texture": "#missing"},
				"up": {"uv": [2.5, 4, 3, 9], "texture": "#0"},
				"down": {"uv": [2.5, 4, 3, 9], "texture": "#0"}
			}
		},
		{
			"from": [3, 13, 5],
			"to": [3.5, 16, 7.5],
			"faces": {
				"north": {"uv": [2.5, 3.5, 3, 6.5], "texture": "#1"},
				"east": {"uv": [7, 3.5, 9.5, 6.5], "texture": "#1"},
				"south": {"uv": [4, 3.5, 4.5, 6.5], "texture": "#1"},
				"west": {"uv": [0, 0, 1.25, 1.5], "texture": "#missing"},
				"up": {"uv": [3, 5, 3.5, 7.5], "texture": "#0"},
				"down": {"uv": [3, 5, 3.5, 7.5], "texture": "#0"}
			}
		},
		{
			"from": [5, 13, 4],
			"to": [6.5, 16, 5.5],
			"faces": {
				"north": {"uv": [0, 0, 0.75, 1.5], "texture": "#missing"},
				"east": {"uv": [5.5, 3.5, 7, 6.5], "texture": "#1"},
				"south": {"uv": [8.5, 3.5, 10, 6.5], "texture": "#1"},
				"west": {"uv": [2, 3.5, 3.5, 6.5], "texture": "#1"},
				"up": {"uv": [5, 4, 6.5, 5.5], "texture": "#0"},
				"down": {"uv": [5, 4, 6.5, 5.5], "texture": "#0"}
			}
		},
		{
			"from": [9, 13, 4],
			"to": [10, 16, 6.5],
			"faces": {
				"north": {"uv": [0, 0, 0.5, 1.5], "texture": "#missing"},
				"east": {"uv": [0, 3.5, 2.5, 6.5], "texture": "#1"},
				"south": {"uv": [3.5, 3.5, 4.5, 6.5], "texture": "#1"},
				"west": {"uv": [0, 3.5, 2.5, 6.5], "texture": "#1"},
				"up": {"uv": [9, 4, 10, 6.5], "texture": "#0"},
				"down": {"uv": [9, 4, 10, 6.5], "texture": "#0"}
			}
		},
		{
			"from": [5.5, 13, 5.5],
			"to": [6.5, 16, 10],
			"faces": {
				"north": {"uv": [0, 0, 0.5, 1.5], "texture": "#missing"},
				"east": {"uv": [0, 3.5, 4.5, 6.5], "texture": "#1"},
				"south": {"uv": [0, 3.5, 0.5, 6.5], "texture": "#1"},
				"west": {"uv": [6.5, 3.5, 11, 6.5], "texture": "#1"},
				"up": {"uv": [5.5, 5.5, 6.5, 10], "texture": "#0"},
				"down": {"uv": [5.5, 5.5, 6.5, 10], "texture": "#0"}
			}
		},
		{
			"from": [6.5, 13, 4.5],
			"to": [7, 16, 9],
			"faces": {
				"north": {"uv": [2, 3.5, 2.5, 6.5], "texture": "#1"},
				"east": {"uv": [3.5, 3.5, 8, 6.5], "texture": "#1"},
				"south": {"uv": [0, 3.5, 0.5, 6.5], "texture": "#1"},
				"west": {"uv": [0, 0, 2.25, 1.5], "texture": "#missing"},
				"up": {"uv": [6.5, 4.5, 7, 9], "texture": "#0"},
				"down": {"uv": [6.5, 4.5, 7, 9], "texture": "#0"}
			}
		},
		{
			"from": [5, 13, 8],
			"to": [5.5, 16, 13.5],
			"faces": {
				"north": {"uv": [7, 3.5, 7.5, 6.5], "texture": "#1"},
				"east": {"uv": [0, 3.5, 5.5, 6.5], "texture": "#1"},
				"south": {"uv": [0, 0, 0.25, 1.5], "texture": "#missing"},
				"west": {"uv": [0, 3.5, 5.5, 6.5], "texture": "#1"},
				"up": {"uv": [5, 8, 5.5, 13.5], "texture": "#0"},
				"down": {"uv": [5, 8, 5.5, 13.5], "texture": "#0"}
			}
		},
		{
			"from": [4.5, 13, 8.5],
			"to": [5, 16, 13.5],
			"faces": {
				"north": {"uv": [2.5, 3.5, 3, 6.5], "texture": "#1"},
				"east": {"uv": [0, 0, 2.5, 1.5], "texture": "#missing"},
				"south": {"uv": [0, 0, 0.25, 1.5], "texture": "#missing"},
				"west": {"uv": [4.5, 3.5, 9.5, 6.5], "texture": "#1"},
				"up": {"uv": [4.5, 8.5, 5, 13.5], "texture": "#0"},
				"down": {"uv": [4.5, 8.5, 5, 13.5], "texture": "#0"}
			}
		},
		{
			"from": [4, 13, 9.5],
			"to": [4.5, 16, 13.5],
			"faces": {
				"north": {"uv": [1, 3.5, 1.5, 6.5], "texture": "#1"},
				"east": {"uv": [0, 0, 2, 1.5], "texture": "#missing"},
				"south": {"uv": [0, 0, 0.25, 1.5], "texture": "#missing"},
				"west": {"uv": [11, 3.5, 15, 6.5], "texture": "#1"},
				"up": {"uv": [4, 9.5, 4.5, 13.5], "texture": "#0"},
				"down": {"uv": [4, 9.5, 4.5, 13.5], "texture": "#0"}
			}
		},
		{
			"from": [10, 13, 4.5],
			"to": [10.5, 16, 12],
			"faces": {
				"north": {"uv": [1.5, 3.5, 2, 6.5], "texture": "#1"},
				"east": {"uv": [4, 3.5, 11.5, 6.5], "texture": "#1"},
				"south": {"uv": [1, 3.5, 1.5, 6.5], "texture": "#1"},
				"west": {"uv": [0, 0, 3.75, 1.5], "texture": "#missing"},
				"up": {"uv": [10, 4.5, 10.5, 12], "texture": "#0"},
				"down": {"uv": [10, 4.5, 10.5, 12], "texture": "#0"}
			}
		},
		{
			"from": [13, 13, 4.5],
			"to": [13.5, 16, 11],
			"faces": {
				"north": {"uv": [3, 3.5, 3.5, 6.5], "texture": "#1"},
				"east": {"uv": [0, 0, 3.25, 1.5], "texture": "#missing"},
				"south": {"uv": [0.5, 3.5, 1, 6.5], "texture": "#1"},
				"west": {"uv": [5.5, 3.5, 12, 6.375], "texture": "#1"},
				"up": {"uv": [13, 4.5, 13.5, 11], "texture": "#0"},
				"down": {"uv": [13, 4.5, 13.5, 11], "texture": "#0"}
			}
		},
		{
			"from": [12.5, 13, 5.5],
			"to": [13, 16, 9],
			"faces": {
				"north": {"uv": [5.5, 3.5, 6, 6.5], "texture": "#1"},
				"east": {"uv": [0, 0, 1.75, 1.5], "texture": "#missing"},
				"south": {"uv": [10.5, 3.5, 11, 6.5], "texture": "#1"},
				"west": {"uv": [0, 3.5, 3.5, 6.5], "texture": "#1"},
				"up": {"uv": [12.5, 5.5, 13, 9], "texture": "#0"},
				"down": {"uv": [12.5, 5.5, 13, 9], "texture": "#0"}
			}
		},
		{
			"from": [9, 13, 10],
			"to": [9.5, 16, 13.5],
			"faces": {
				"north": {"uv": [6.5, 3.5, 7, 6.5], "texture": "#1"},
				"east": {"uv": [0, 0, 1.75, 1.5], "texture": "#missing"},
				"south": {"uv": [0, 0, 0.25, 1.5], "texture": "#missing"},
				"west": {"uv": [0, 3.5, 3.5, 6.5], "texture": "#1"},
				"up": {"uv": [9, 10, 9.5, 13.5], "texture": "#0"},
				"down": {"uv": [9, 10, 9.5, 13.5], "texture": "#0"}
			}
		},
		{
			"from": [5.5, 13, 12],
			"to": [6, 16, 13.5],
			"faces": {
				"north": {"uv": [9, 3.5, 9.5, 6.5], "texture": "#1"},
				"east": {"uv": [4, 3.5, 5.5, 6.5], "texture": "#1"},
				"south": {"uv": [0, 0, 0.25, 1.5], "texture": "#missing"},
				"west": {"uv": [0, 0, 0.75, 1.5], "texture": "#missing"},
				"up": {"uv": [5.5, 12, 6, 13.5], "texture": "#0"},
				"down": {"uv": [5.5, 12, 6, 13.5], "texture": "#0"}
			}
		},
		{
			"from": [6.5, 13, 12],
			"to": [7, 16, 13.5],
			"faces": {
				"north": {"uv": [1.5, 3.5, 2, 6.5], "texture": "#1"},
				"east": {"uv": [3.5, 3.5, 5, 6.5], "texture": "#1"},
				"south": {"uv": [0, 0, 0.25, 1.5], "texture": "#missing"},
				"west": {"uv": [6.5, 3.5, 8, 6.5], "texture": "#1"},
				"up": {"uv": [6.5, 12, 7, 13.5], "texture": "#0"},
				"down": {"uv": [6.5, 12, 7, 13.5], "texture": "#0"}
			}
		},
		{
			"from": [6, 13, 12.5],
			"to": [6.5, 16, 13.5],
			"faces": {
				"north": {"uv": [3, 3.5, 3.5, 6.5], "texture": "#1"},
				"east": {"uv": [0, 0, 0.5, 1.5], "texture": "#missing"},
				"south": {"uv": [0, 0, 0.25, 1.5], "texture": "#missing"},
				"west": {"uv": [0, 0, 0.5, 1.5], "texture": "#missing"},
				"up": {"uv": [6, 12.5, 6.5, 13.5], "texture": "#0"},
				"down": {"uv": [6, 12.5, 6.5, 13.5], "texture": "#0"}
			}
		},
		{
			"from": [11.5, 13, 12.5],
			"to": [12, 16, 13.5],
			"faces": {
				"north": {"uv": [1, 3.5, 1.5, 6.5], "texture": "#1"},
				"east": {"uv": [13.5, 3.5, 14.5, 6.5], "texture": "#1"},
				"south": {"uv": [0, 0, 0.25, 1.5], "texture": "#missing"},
				"west": {"uv": [3, 3.5, 4, 6.5], "texture": "#1"},
				"up": {"uv": [11.5, 12.5, 12, 13.5], "texture": "#0"},
				"down": {"uv": [11.5, 12.5, 12, 13.5], "texture": "#0"}
			}
		},
		{
			"from": [2.5, 13, 12.5],
			"to": [3, 16, 13.5],
			"faces": {
				"north": {"uv": [4.5, 3.5, 5, 6.5], "texture": "#1"},
				"east": {"uv": [2, 3.5, 3, 6.5], "texture": "#1"},
				"south": {"uv": [0, 0, 0.25, 1.5], "texture": "#missing"},
				"west": {"uv": [0, 0, 0.5, 1.5], "texture": "#missing"},
				"up": {"uv": [2.5, 12.5, 3, 13.5], "texture": "#0"},
				"down": {"uv": [2.5, 12.5, 3, 13.5], "texture": "#0"}
			}
		},
		{
			"from": [8.5, 13, 12],
			"to": [9, 16, 13.5],
			"faces": {
				"north": {"uv": [6, 3.5, 6.5, 6.5], "texture": "#1"},
				"east": {"uv": [0, 0, 0.75, 1.5], "texture": "#missing"},
				"south": {"uv": [0, 0, 0.25, 1.5], "texture": "#missing"},
				"west": {"uv": [0, 3.5, 1.5, 6.5], "texture": "#1"},
				"up": {"uv": [8.5, 12, 9, 13.5], "texture": "#0"},
				"down": {"uv": [8.5, 12, 9, 13.5], "texture": "#0"}
			}
		},
		{
			"from": [10.5, 13, 6],
			"to": [11, 16, 11],
			"faces": {
				"north": {"uv": [8.5, 3.5, 9, 6.5], "texture": "#1"},
				"east": {"uv": [0, 3.5, 5, 6.5], "texture": "#1"},
				"south": {"uv": [6, 3.5, 6.5, 6.5], "texture": "#1"},
				"west": {"uv": [0, 0, 2.5, 1.5], "texture": "#missing"},
				"up": {"uv": [10.5, 6, 11, 11], "texture": "#0"},
				"down": {"uv": [10.5, 6, 11, 11], "texture": "#0"}
			}
		},
		{
			"from": [9.5, 13, 6.5],
			"to": [10, 16, 13.5],
			"faces": {
				"north": {"uv": [0, 0, 0.25, 1.5], "texture": "#missing"},
				"east": {"uv": [9, 3.5, 16, 6.5], "texture": "#1"},
				"south": {"uv": [0, 0, 0.25, 1.5], "texture": "#missing"},
				"west": {"uv": [0, 3.5, 7, 6.5], "texture": "#1"},
				"up": {"uv": [9.5, 6.5, 10, 13.5], "texture": "#0"},
				"down": {"uv": [9.5, 6.5, 10, 13.5], "texture": "#0"}
			}
		},
		{
			"from": [5.5, 13, 10],
			"to": [6, 16, 10.5],
			"faces": {
				"north": {"uv": [0, 0, 0.25, 1.5], "texture": "#missing"},
				"east": {"uv": [9, 3.5, 9.5, 6.5], "texture": "#1"},
				"south": {"uv": [5, 3.5, 5.5, 6.5], "texture": "#1"},
				"west": {"uv": [0, 0, 0.25, 1.5], "texture": "#missing"},
				"up": {"uv": [5.5, 10, 6, 10.5], "texture": "#0"},
				"down": {"uv": [5.5, 10, 6, 10.5], "texture": "#0"}
			}
		},
		{
			"from": [3.5, 13, 13],
			"to": [4, 16, 13.5],
			"faces": {
				"north": {"uv": [1.5, 3.5, 2, 6.5], "texture": "#1"},
				"east": {"uv": [0, 0, 0.25, 1.5], "texture": "#missing"},
				"south": {"uv": [0, 0, 0.25, 1.5], "texture": "#missing"},
				"west": {"uv": [3, 3.5, 3.5, 6.5], "texture": "#1"},
				"up": {"uv": [3.5, 13, 4, 13.5], "texture": "#0"},
				"down": {"uv": [3.5, 13, 4, 13.5], "texture": "#0"}
			}
		},
		{
			"from": [8, 13, 13],
			"to": [8.5, 16, 13.5],
			"faces": {
				"north": {"uv": [2, 3.5, 2.5, 6.5], "texture": "#1"},
				"east": {"uv": [0, 0, 0.25, 1.5], "texture": "#missing"},
				"south": {"uv": [0, 0, 0.25, 1.5], "texture": "#missing"},
				"west": {"uv": [4, 3.5, 4.5, 6.5], "texture": "#1"},
				"up": {"uv": [8, 13, 8.5, 13.5], "texture": "#0"},
				"down": {"uv": [8, 13, 8.5, 13.5], "texture": "#0"}
			}
		},
		{
			"from": [10, 13, 13],
			"to": [10.5, 16, 13.5],
			"faces": {
				"north": {"uv": [3.5, 3.5, 4, 6.5], "texture": "#1"},
				"east": {"uv": [8, 3.5, 8.5, 6.5], "texture": "#1"},
				"south": {"uv": [0, 0, 0.25, 1.5], "texture": "#missing"},
				"west": {"uv": [0, 0, 0.25, 1.5], "texture": "#missing"},
				"up": {"uv": [10, 13, 10.5, 13.5], "texture": "#0"},
				"down": {"uv": [10, 13, 10.5, 13.5], "texture": "#0"}
			}
		},
		{
			"from": [13, 13, 13],
			"to": [13.5, 16, 13.5],
			"faces": {
				"north": {"uv": [5.5, 3.5, 6, 6.5], "texture": "#1"},
				"east": {"uv": [0, 0, 0.25, 1.5], "texture": "#missing"},
				"south": {"uv": [0, 0, 0.25, 1.5], "texture": "#missing"},
				"west": {"uv": [9, 3.5, 9.5, 6.5], "texture": "#1"},
				"up": {"uv": [13, 13, 13.5, 13.5], "texture": "#0"},
				"down": {"uv": [13, 13, 13.5, 13.5], "texture": "#0"}
			}
		},
		{
			"from": [12, 13, 13],
			"to": [12.5, 16, 13.5],
			"faces": {
				"north": {"uv": [12.5, 3.5, 13, 6.5], "texture": "#1"},
				"east": {"uv": [6, 3.5, 6.5, 6.5], "texture": "#1"},
				"south": {"uv": [0, 0, 0.25, 1.5], "texture": "#missing"},
				"west": {"uv": [0, 0, 0.25, 1.5], "texture": "#missing"},
				"up": {"uv": [12, 13, 12.5, 13.5], "texture": "#0"},
				"down": {"uv": [12, 13, 12.5, 13.5], "texture": "#0"}
			}
		}
	],
	"groups": [
		{
			"name": "group",
			"origin": [8, 8, 8],
			"color": 0,
			"children": [0, 1, 2, 3, 4, 5, 6, 7, 8, 9, 10, 11, 12, 13, 14, 15, 16, 17, 18, 19, 20, 21, 22, 23, 24, 25, 26, 27, 28, 29, 30, 31, 32, 33, 34, 35, 36, 37, 38, 39]
		}
	]
}