{
    "variants": {
        "facing=east,lit=false":  { "model": "block/furnace", "y": 90},
        "facing=south,lit=false": { "model": "block/furnace", "y": 180 },
        "facing=west,lit=false":  { "model": "block/furnace", "y": 270 },
        "facing=north,lit=false": { "model": "block/furnace" },
        "facing=east,lit=true":  { "model": "block/furnace_lit", "y": 90},
        "facing=south,lit=true": { "model": "block/furnace_lit", "y": 180 },
        "facing=west,lit=true":  { "model": "block/furnace_lit", "y": 270 },
        "facing=north,lit=true": { "model": "block/furnace_lit" }
    }
}
