{
	"__comment": "Designed by Cm@BlackSpigotMC with Cubik Studio - https://cubik.studio",
	"textures": {
		"mesh_atlas": "item/bullet/mesh_atlas",
		"particle": "item/bullet/e_particle"
	},
	"elements": [
		{
			"__comment": "Voxels",
			"from": [ 0, 4, 6 ],
			"to": [ 16, 12, 10 ],
			"faces": {
				"down": { "uv": [ 5.25, 15, 7.25, 15.5 ], "texture": "#mesh_atlas" },
				"up": { "uv": [ 5.25, 16, 7.25, 15.5 ], "texture": "#mesh_atlas" },
				"north": { "uv": [ 2, 15, 0, 16 ], "texture": "#mesh_atlas" },
				"south": { "uv": [ 0, 14, 2, 15 ], "texture": "#mesh_atlas" },
				"west": { "uv": [ 2, 10.5, 2.5, 11.5 ], "texture": "#mesh_atlas" },
				"east": { "uv": [ 3, 10.5, 2.5, 11.5 ], "texture": "#mesh_atlas" }
			}
		},
		{
			"__comment": "Voxels",
			"from": [ 0, 5, 5 ],
			"to": [ 16, 11, 6 ],
			"faces": {
				"down": { "uv": [ 8.5, 15.375, 10.5, 15.5 ], "texture": "#mesh_atlas" },
				"up": { "uv": [ 10.5, 15.5, 12.5, 15.375 ], "texture": "#mesh_atlas" },
				"north": { "uv": [ 2, 12.5, 0, 13.25 ], "texture": "#mesh_atlas" },
				"south": { "uv": [ 0, 13.25, 2, 14 ], "texture": "#mesh_atlas" },
				"west": { "uv": [ 1.75, 10.25, 1.875, 11 ], "texture": "#mesh_atlas" },
				"east": { "uv": [ 2, 10.25, 1.875, 11 ], "texture": "#mesh_atlas" }
			}
		},
		{
			"__comment": "Voxels",
			"from": [ 0, 5, 10 ],
			"to": [ 16, 11, 11 ],
			"faces": {
				"down": { "uv": [ 10.5, 15.25, 12.5, 15.375 ], "texture": "#mesh_atlas" },
				"up": { "uv": [ 12.5, 15.375, 14.5, 15.25 ], "texture": "#mesh_atlas" },
				"north": { "uv": [ 2, 11.75, 0, 12.5 ], "texture": "#mesh_atlas" },
				"south": { "uv": [ 0, 11, 2, 11.75 ], "texture": "#mesh_atlas" },
				"west": { "uv": [ 1.75, 9.5, 1.875, 10.25 ], "texture": "#mesh_atlas" },
				"east": { "uv": [ 2, 9.5, 1.875, 10.25 ], "texture": "#mesh_atlas" }
			}
		},
		{
			"__comment": "Voxels",
			"from": [ 0, 6, 4 ],
			"to": [ 16, 10, 5 ],
			"faces": {
				"down": { "uv": [ 12.5, 15.375, 14.5, 15.5 ], "texture": "#mesh_atlas" },
				"up": { "uv": [ 8.5, 15.375, 10.5, 15.25 ], "texture": "#mesh_atlas" },
				"north": { "uv": [ 7.25, 14.5, 5.25, 15 ], "texture": "#mesh_atlas" },
				"south": { "uv": [ 5.25, 14, 7.25, 14.5 ], "texture": "#mesh_atlas" },
				"west": { "uv": [ 1.875, 8.25, 2, 8.75 ], "texture": "#mesh_atlas" },
				"east": { "uv": [ 1.625, 8.25, 1.5, 8.75 ], "texture": "#mesh_atlas" }
			}
		},
		{
			"__comment": "Voxels",
			"from": [ 0, 6, 11 ],
			"to": [ 16, 10, 12 ],
			"faces": {
				"down": { "uv": [ 8.5, 15.125, 10.5, 15.25 ], "texture": "#mesh_atlas" },
				"up": { "uv": [ 10.5, 15.25, 12.5, 15.125 ], "texture": "#mesh_atlas" },
				"north": { "uv": [ 7.25, 13.5, 5.25, 14 ], "texture": "#mesh_atlas" },
				"south": { "uv": [ 5.25, 13, 7.25, 13.5 ], "texture": "#mesh_atlas" },
				"west": { "uv": [ 1.625, 8.25, 1.75, 8.75 ], "texture": "#mesh_atlas" },
				"east": { "uv": [ 1.875, 8.25, 1.75, 8.75 ], "texture": "#mesh_atlas" }
			}
		},
		{
			"__comment": "Voxels",
			"from": [ 1, 3, 5 ],
			"to": [ 15, 5, 6 ],
			"faces": {
				"down": { "uv": [ 12, 14.875, 13.75, 15 ], "texture": "#mesh_atlas" },
				"up": { "uv": [ 13.75, 15, 15.5, 14.875 ], "texture": "#mesh_atlas" },
				"north": { "uv": [ 5.25, 10.75, 3.5, 11 ], "texture": "#mesh_atlas" },
				"south": { "uv": [ 3.5, 9.75, 5.25, 10 ], "texture": "#mesh_atlas" },
				"west": { "uv": [ 1.5, 8, 1.625, 8.25 ], "texture": "#mesh_atlas" },
				"east": { "uv": [ 1.75, 8, 1.625, 8.25 ], "texture": "#mesh_atlas" }
			}
		},
		{
			"__comment": "Voxels",
			"from": [ 1, 3, 6 ],
			"to": [ 15, 4, 11 ],
			"faces": {
				"down": { "uv": [ 3.5, 14.75, 5.25, 15.375 ], "texture": "#mesh_atlas" },
				"up": { "uv": [ 3.5, 14.75, 5.25, 14.125 ], "texture": "#mesh_atlas" },
				"north": { "uv": [ 13.75, 14.75, 12, 14.875 ], "texture": "#mesh_atlas" },
				"south": { "uv": [ 13.75, 14.75, 15.5, 14.875 ], "texture": "#mesh_atlas" },
				"west": { "uv": [ 10.75, 12.75, 11.375, 12.875 ], "texture": "#mesh_atlas" },
				"east": { "uv": [ 15.875, 12.875, 15.25, 13 ], "texture": "#mesh_atlas" }
			}
		},
		{
			"__comment": "Voxels",
			"from": [ 1, 4, 4 ],
			"to": [ 15, 6, 5 ],
			"faces": {
				"down": { "uv": [ 12, 14.625, 13.75, 14.75 ], "texture": "#mesh_atlas" },
				"up": { "uv": [ 13.75, 14.75, 15.5, 14.625 ], "texture": "#mesh_atlas" },
				"north": { "uv": [ 7, 11.5, 5.25, 11.75 ], "texture": "#mesh_atlas" },
				"south": { "uv": [ 3.5, 9, 5.25, 9.25 ], "texture": "#mesh_atlas" },
				"west": { "uv": [ 1.75, 8, 1.875, 8.25 ], "texture": "#mesh_atlas" },
				"east": { "uv": [ 2, 8, 1.875, 8.25 ], "texture": "#mesh_atlas" }
			}
		},
		{
			"__comment": "Voxels",
			"from": [ 1, 4, 10 ],
			"to": [ 15, 5, 12 ],
			"faces": {
				"down": { "uv": [ 5.25, 12, 7, 12.25 ], "texture": "#mesh_atlas" },
				"up": { "uv": [ 3.5, 10.75, 5.25, 10.5 ], "texture": "#mesh_atlas" },
				"north": { "uv": [ 13.75, 14.5, 12, 14.625 ], "texture": "#mesh_atlas" },
				"south": { "uv": [ 13.75, 14.5, 15.5, 14.625 ], "texture": "#mesh_atlas" },
				"west": { "uv": [ 1.75, 8.75, 2, 8.875 ], "texture": "#mesh_atlas" },
				"east": { "uv": [ 3.5, 13.875, 3.25, 14 ], "texture": "#mesh_atlas" }
			}
		},
		{
			"__comment": "Voxels",
			"from": [ 1, 5, 3 ],
			"to": [ 15, 11, 4 ],
			"faces": {
				"down": { "uv": [ 12, 14.375, 13.75, 14.5 ], "texture": "#mesh_atlas" },
				"up": { "uv": [ 13.75, 14.5, 15.5, 14.375 ], "texture": "#mesh_atlas" },
				"north": { "uv": [ 1.75, 9.5, 0, 10.25 ], "texture": "#mesh_atlas" },
				"south": { "uv": [ 0, 10.25, 1.75, 11 ], "texture": "#mesh_atlas" },
				"west": { "uv": [ 1.5, 8.75, 1.625, 9.5 ], "texture": "#mesh_atlas" },
				"east": { "uv": [ 1.75, 8.75, 1.625, 9.5 ], "texture": "#mesh_atlas" }
			}
		},
		{
			"__comment": "Voxels",
			"from": [ 1, 5, 11 ],
			"to": [ 15, 6, 13 ],
			"faces": {
				"down": { "uv": [ 3.5, 8, 5.25, 8.25 ], "texture": "#mesh_atlas" },
				"up": { "uv": [ 5.25, 13, 7, 12.75 ], "texture": "#mesh_atlas" },
				"north": { "uv": [ 10.25, 14.75, 8.5, 14.875 ], "texture": "#mesh_atlas" },
				"south": { "uv": [ 14.25, 15.125, 16, 15.25 ], "texture": "#mesh_atlas" },
				"west": { "uv": [ 3.25, 13.75, 3.5, 13.875 ], "texture": "#mesh_atlas" },
				"east": { "uv": [ 3.5, 13.125, 3.25, 13.25 ], "texture": "#mesh_atlas" }
			}
		},
		{
			"__comment": "Voxels",
			"from": [ 1, 6, 12 ],
			"to": [ 15, 11, 13 ],
			"faces": {
				"down": { "uv": [ 10.25, 14.375, 12, 14.5 ], "texture": "#mesh_atlas" },
				"up": { "uv": [ 12, 15.125, 13.75, 15 ], "texture": "#mesh_atlas" },
				"north": { "uv": [ 5.25, 15.375, 3.5, 16 ], "texture": "#mesh_atlas" },
				"south": { "uv": [ 3.5, 13.5, 5.25, 14.125 ], "texture": "#mesh_atlas" },
				"west": { "uv": [ 1.75, 8.875, 1.875, 9.5 ], "texture": "#mesh_atlas" },
				"east": { "uv": [ 2, 8.875, 1.875, 9.5 ], "texture": "#mesh_atlas" }
			}
		},
		{
			"__comment": "Voxels",
			"from": [ 1, 7, 2 ],
			"to": [ 15, 9, 3 ],
			"faces": {
				"down": { "uv": [ 10.25, 14.875, 12, 15 ], "texture": "#mesh_atlas" },
				"up": { "uv": [ 10.25, 14.875, 12, 14.75 ], "texture": "#mesh_atlas" },
				"north": { "uv": [ 7, 11.25, 5.25, 11.5 ], "texture": "#mesh_atlas" },
				"south": { "uv": [ 5.25, 11, 7, 11.25 ], "texture": "#mesh_atlas" },
				"west": { "uv": [ 3.25, 12.75, 3.375, 13 ], "texture": "#mesh_atlas" },
				"east": { "uv": [ 3.5, 12.75, 3.375, 13 ], "texture": "#mesh_atlas" }
			}
		},
		{
			"__comment": "Voxels",
			"from": [ 1, 7, 13 ],
			"to": [ 15, 9, 14 ],
			"faces": {
				"down": { "uv": [ 8.5, 14.5, 10.25, 14.625 ], "texture": "#mesh_atlas" },
				"up": { "uv": [ 10.25, 14.625, 12, 14.5 ], "texture": "#mesh_atlas" },
				"north": { "uv": [ 5.25, 10.25, 3.5, 10.5 ], "texture": "#mesh_atlas" },
				"south": { "uv": [ 3.5, 10, 5.25, 10.25 ], "texture": "#mesh_atlas" },
				"west": { "uv": [ 3.25, 12.5, 3.375, 12.75 ], "texture": "#mesh_atlas" },
				"east": { "uv": [ 3.5, 12.5, 3.375, 12.75 ], "texture": "#mesh_atlas" }
			}
		},
		{
			"__comment": "Voxels",
			"from": [ 1, 10, 4 ],
			"to": [ 15, 12, 5 ],
			"faces": {
				"down": { "uv": [ 8.5, 14.25, 10.25, 14.375 ], "texture": "#mesh_atlas" },
				"up": { "uv": [ 10.25, 14.375, 12, 14.25 ], "texture": "#mesh_atlas" },
				"north": { "uv": [ 5.25, 9.25, 3.5, 9.5 ], "texture": "#mesh_atlas" },
				"south": { "uv": [ 5.25, 11.75, 7, 12 ], "texture": "#mesh_atlas" },
				"west": { "uv": [ 3.25, 12.25, 3.375, 12.5 ], "texture": "#mesh_atlas" },
				"east": { "uv": [ 6.875, 8.75, 6.75, 9 ], "texture": "#mesh_atlas" }
			}
		},
		{
			"__comment": "Voxels",
			"from": [ 1, 10, 11 ],
			"to": [ 15, 12, 12 ],
			"faces": {
				"down": { "uv": [ 10.25, 15, 12, 15.125 ], "texture": "#mesh_atlas" },
				"up": { "uv": [ 13.75, 15.125, 15.5, 15 ], "texture": "#mesh_atlas" },
				"north": { "uv": [ 7, 12.25, 5.25, 12.5 ], "texture": "#mesh_atlas" },
				"south": { "uv": [ 5.25, 12.5, 7, 12.75 ], "texture": "#mesh_atlas" },
				"west": { "uv": [ 3.375, 12.25, 3.5, 12.5 ], "texture": "#mesh_atlas" },
				"east": { "uv": [ 3.375, 12, 3.25, 12.25 ], "texture": "#mesh_atlas" }
			}
		},
		{
			"__comment": "Voxels",
			"from": [ 1, 11, 5 ],
			"to": [ 15, 13, 6 ],
			"faces": {
				"down": { "uv": [ 10.25, 14.625, 12, 14.75 ], "texture": "#mesh_atlas" },
				"up": { "uv": [ 8.5, 14.5, 10.25, 14.375 ], "texture": "#mesh_atlas" },
				"north": { "uv": [ 5.25, 9.5, 3.5, 9.75 ], "texture": "#mesh_atlas" },
				"south": { "uv": [ 3.5, 8.25, 5.25, 8.5 ], "texture": "#mesh_atlas" },
				"west": { "uv": [ 3.375, 12, 3.5, 12.25 ], "texture": "#mesh_atlas" },
				"east": { "uv": [ 3.375, 11.75, 3.25, 12 ], "texture": "#mesh_atlas" }
			}
		},
		{
			"__comment": "Voxels",
			"from": [ 1, 11, 10 ],
			"to": [ 15, 13, 11 ],
			"faces": {
				"down": { "uv": [ 8.5, 15, 10.25, 15.125 ], "texture": "#mesh_atlas" },
				"up": { "uv": [ 8.5, 15, 10.25, 14.875 ], "texture": "#mesh_atlas" },
				"north": { "uv": [ 5.25, 8.75, 3.5, 9 ], "texture": "#mesh_atlas" },
				"south": { "uv": [ 3.5, 8.5, 5.25, 8.75 ], "texture": "#mesh_atlas" },
				"west": { "uv": [ 3.375, 11.75, 3.5, 12 ], "texture": "#mesh_atlas" },
				"east": { "uv": [ 3.375, 11.5, 3.25, 11.75 ], "texture": "#mesh_atlas" }
			}
		},
		{
			"__comment": "Voxels",
			"from": [ 1, 12, 6 ],
			"to": [ 15, 13, 10 ],
			"faces": {
				"down": { "uv": [ 3.5, 12.5, 5.25, 13 ], "texture": "#mesh_atlas" },
				"up": { "uv": [ 3.5, 13.5, 5.25, 13 ], "texture": "#mesh_atlas" },
				"north": { "uv": [ 14.25, 15.125, 12.5, 15.25 ], "texture": "#mesh_atlas" },
				"south": { "uv": [ 8.5, 14.625, 10.25, 14.75 ], "texture": "#mesh_atlas" },
				"west": { "uv": [ 3, 9.375, 3.5, 9.5 ], "texture": "#mesh_atlas" },
				"east": { "uv": [ 3.5, 9.25, 3, 9.375 ], "texture": "#mesh_atlas" }
			}
		},
		{
			"__comment": "Voxels",
			"from": [ 2, 2, 5 ],
			"to": [ 14, 3, 11 ],
			"faces": {
				"down": { "uv": [ 0, 8, 1.5, 8.75 ], "texture": "#mesh_atlas" },
				"up": { "uv": [ 0, 9.5, 1.5, 8.75 ], "texture": "#mesh_atlas" },
				"north": { "uv": [ 10, 11.25, 8.5, 11.375 ], "texture": "#mesh_atlas" },
				"south": { "uv": [ 8.5, 11.125, 10, 11.25 ], "texture": "#mesh_atlas" },
				"west": { "uv": [ 10, 12.75, 10.75, 12.875 ], "texture": "#mesh_atlas" },
				"east": { "uv": [ 10.75, 12.625, 10, 12.75 ], "texture": "#mesh_atlas" }
			}
		},
		{
			"__comment": "Voxels",
			"from": [ 2, 3, 3 ],
			"to": [ 14, 5, 4 ],
			"faces": {
				"down": { "uv": [ 8.5, 11, 10, 11.125 ], "texture": "#mesh_atlas" },
				"up": { "uv": [ 8.5, 11, 10, 10.875 ], "texture": "#mesh_atlas" },
				"north": { "uv": [ 13.25, 15.75, 11.75, 16 ], "texture": "#mesh_atlas" },
				"south": { "uv": [ 8.75, 15.5, 10.25, 15.75 ], "texture": "#mesh_atlas" },
				"west": { "uv": [ 3.375, 11.5, 3.5, 11.75 ], "texture": "#mesh_atlas" },
				"east": { "uv": [ 7.125, 12.75, 7, 13 ], "texture": "#mesh_atlas" }
			}
		},
		{
			"__comment": "Voxels",
			"from": [ 2, 3, 4 ],
			"to": [ 14, 4, 5 ],
			"faces": {
				"down": { "uv": [ 8.5, 10.75, 10, 10.875 ], "texture": "#mesh_atlas" },
				"up": { "uv": [ 14.5, 15.5, 16, 15.375 ], "texture": "#mesh_atlas" },
				"north": { "uv": [ 16, 15.25, 14.5, 15.375 ], "texture": "#mesh_atlas" },
				"south": { "uv": [ 12, 14.25, 13.5, 14.375 ], "texture": "#mesh_atlas" },
				"west": { "uv": [ 9.75, 9.125, 9.875, 9.25 ], "texture": "#mesh_atlas" },
				"east": { "uv": [ 7.25, 8, 7.125, 8.125 ], "texture": "#mesh_atlas" }
			}
		},
		{
			"__comment": "Voxels",
			"from": [ 2, 3, 11 ],
			"to": [ 14, 4, 13 ],
			"faces": {
				"down": { "uv": [ 5.25, 8.75, 6.75, 9 ], "texture": "#mesh_atlas" },
				"up": { "uv": [ 5.25, 8.75, 6.75, 8.5 ], "texture": "#mesh_atlas" },
				"north": { "uv": [ 15, 14.25, 13.5, 14.375 ], "texture": "#mesh_atlas" },
				"south": { "uv": [ 8.5, 14.125, 10, 14.25 ], "texture": "#mesh_atlas" },
				"west": { "uv": [ 7, 12.625, 7.25, 12.75 ], "texture": "#mesh_atlas" },
				"east": { "uv": [ 7.25, 12.5, 7, 12.625 ], "texture": "#mesh_atlas" }
			}
		},
		{
			"__comment": "Voxels",
			"from": [ 2, 4, 12 ],
			"to": [ 14, 5, 13 ],
			"faces": {
				"down": { "uv": [ 10, 14.125, 11.5, 14.25 ], "texture": "#mesh_atlas" },
				"up": { "uv": [ 11.5, 14.25, 13, 14.125 ], "texture": "#mesh_atlas" },
				"north": { "uv": [ 14.5, 14.125, 13, 14.25 ], "texture": "#mesh_atlas" },
				"south": { "uv": [ 14.5, 14.125, 16, 14.25 ], "texture": "#mesh_atlas" },
				"west": { "uv": [ 15.625, 15.625, 15.75, 15.75 ], "texture": "#mesh_atlas" },
				"east": { "uv": [ 15.75, 15.5, 15.625, 15.625 ], "texture": "#mesh_atlas" }
			}
		},
		{
			"__comment": "Voxels",
			"from": [ 2, 5, 2 ],
			"to": [ 14, 7, 3 ],
			"faces": {
				"down": { "uv": [ 8.5, 14, 10, 14.125 ], "texture": "#mesh_atlas" },
				"up": { "uv": [ 10, 14.125, 11.5, 14 ], "texture": "#mesh_atlas" },
				"north": { "uv": [ 14.75, 15.75, 13.25, 16 ], "texture": "#mesh_atlas" },
				"south": { "uv": [ 5.25, 10.75, 6.75, 11 ], "texture": "#mesh_atlas" },
				"west": { "uv": [ 7, 12, 7.125, 12.25 ], "texture": "#mesh_atlas" },
				"east": { "uv": [ 7.25, 12, 7.125, 12.25 ], "texture": "#mesh_atlas" }
			}
		},
		{
			"__comment": "Voxels",
			"from": [ 2, 5, 13 ],
			"to": [ 14, 7, 14 ],
			"faces": {
				"down": { "uv": [ 11.5, 14, 13, 14.125 ], "texture": "#mesh_atlas" },
				"up": { "uv": [ 13, 14.125, 14.5, 14 ], "texture": "#mesh_atlas" },
				"north": { "uv": [ 8.75, 15.75, 7.25, 16 ], "texture": "#mesh_atlas" },
				"south": { "uv": [ 8.75, 15.75, 10.25, 16 ], "texture": "#mesh_atlas" },
				"west": { "uv": [ 7, 11.75, 7.125, 12 ], "texture": "#mesh_atlas" },
				"east": { "uv": [ 7.25, 11.75, 7.125, 12 ], "texture": "#mesh_atlas" }
			}
		},
		{
			"__comment": "Voxels",
			"from": [ 2, 7, 1 ],
			"to": [ 14, 9, 2 ],
			"faces": {
				"down": { "uv": [ 8.5, 13.875, 10, 14 ], "texture": "#mesh_atlas" },
				"up": { "uv": [ 8.5, 13.875, 10, 13.75 ], "texture": "#mesh_atlas" },
				"north": { "uv": [ 6.75, 10, 5.25, 10.25 ], "texture": "#mesh_atlas" },
				"south": { "uv": [ 5.25, 9.75, 6.75, 10 ], "texture": "#mesh_atlas" },
				"west": { "uv": [ 7, 11.5, 7.125, 11.75 ], "texture": "#mesh_atlas" },
				"east": { "uv": [ 7.25, 11.5, 7.125, 11.75 ], "texture": "#mesh_atlas" }
			}
		},
		{
			"__comment": "Voxels",
			"from": [ 2, 7, 14 ],
			"to": [ 14, 9, 15 ],
			"faces": {
				"down": { "uv": [ 8.5, 12.25, 10, 12.375 ], "texture": "#mesh_atlas" },
				"up": { "uv": [ 8.5, 13.625, 10, 13.5 ], "texture": "#mesh_atlas" },
				"north": { "uv": [ 6.75, 9, 5.25, 9.25 ], "texture": "#mesh_atlas" },
				"south": { "uv": [ 5.25, 9.5, 6.75, 9.75 ], "texture": "#mesh_atlas" },
				"west": { "uv": [ 7, 11.25, 7.125, 11.5 ], "texture": "#mesh_atlas" },
				"east": { "uv": [ 7.25, 11.25, 7.125, 11.5 ], "texture": "#mesh_atlas" }
			}
		},
		{
			"__comment": "Voxels",
			"from": [ 2, 9, 2 ],
			"to": [ 14, 11, 3 ],
			"faces": {
				"down": { "uv": [ 8.5, 13.375, 10, 13.5 ], "texture": "#mesh_atlas" },
				"up": { "uv": [ 8.5, 13.375, 10, 13.25 ], "texture": "#mesh_atlas" },
				"north": { "uv": [ 6.75, 8.25, 5.25, 8.5 ], "texture": "#mesh_atlas" },
				"south": { "uv": [ 5.25, 8, 6.75, 8.25 ], "texture": "#mesh_atlas" },
				"west": { "uv": [ 7, 11, 7.125, 11.25 ], "texture": "#mesh_atlas" },
				"east": { "uv": [ 7.25, 11, 7.125, 11.25 ], "texture": "#mesh_atlas" }
			}
		},
		{
			"__comment": "Voxels",
			"from": [ 2, 9, 13 ],
			"to": [ 14, 11, 14 ],
			"faces": {
				"down": { "uv": [ 8.5, 13.125, 10, 13.25 ], "texture": "#mesh_atlas" },
				"up": { "uv": [ 8.5, 13.125, 10, 13 ], "texture": "#mesh_atlas" },
				"north": { "uv": [ 11.75, 15.5, 10.25, 15.75 ], "texture": "#mesh_atlas" },
				"south": { "uv": [ 5.25, 9.25, 6.75, 9.5 ], "texture": "#mesh_atlas" },
				"west": { "uv": [ 6.75, 9.5, 6.875, 9.75 ], "texture": "#mesh_atlas" },
				"east": { "uv": [ 7, 9.5, 6.875, 9.75 ], "texture": "#mesh_atlas" }
			}
		},
		{
			"__comment": "Voxels",
			"from": [ 2, 11, 3 ],
			"to": [ 14, 13, 4 ],
			"faces": {
				"down": { "uv": [ 8.5, 12.875, 10, 13 ], "texture": "#mesh_atlas" },
				"up": { "uv": [ 8.5, 12.875, 10, 12.75 ], "texture": "#mesh_atlas" },
				"north": { "uv": [ 6.75, 10.5, 5.25, 10.75 ], "texture": "#mesh_atlas" },
				"south": { "uv": [ 5.25, 10.25, 6.75, 10.5 ], "texture": "#mesh_atlas" },
				"west": { "uv": [ 7, 9.5, 7.125, 9.75 ], "texture": "#mesh_atlas" },
				"east": { "uv": [ 7.25, 9.5, 7.125, 9.75 ], "texture": "#mesh_atlas" }
			}
		},
		{
			"__comment": "Voxels",
			"from": [ 2, 11, 12 ],
			"to": [ 14, 13, 13 ],
			"faces": {
				"down": { "uv": [ 8.5, 12.625, 10, 12.75 ], "texture": "#mesh_atlas" },
				"up": { "uv": [ 8.5, 13.75, 10, 13.625 ], "texture": "#mesh_atlas" },
				"north": { "uv": [ 8.75, 15.5, 7.25, 15.75 ], "texture": "#mesh_atlas" },
				"south": { "uv": [ 10.25, 15.75, 11.75, 16 ], "texture": "#mesh_atlas" },
				"west": { "uv": [ 6.75, 9.25, 6.875, 9.5 ], "texture": "#mesh_atlas" },
				"east": { "uv": [ 7, 9.25, 6.875, 9.5 ], "texture": "#mesh_atlas" }
			}
		},
		{
			"__comment": "Voxels",
			"from": [ 2, 12, 4 ],
			"to": [ 14, 13, 5 ],
			"faces": {
				"down": { "uv": [ 8.5, 12.5, 10, 12.625 ], "texture": "#mesh_atlas" },
				"up": { "uv": [ 8.5, 12.5, 10, 12.375 ], "texture": "#mesh_atlas" },
				"north": { "uv": [ 10, 12.125, 8.5, 12.25 ], "texture": "#mesh_atlas" },
				"south": { "uv": [ 8.5, 12, 10, 12.125 ], "texture": "#mesh_atlas" },
				"west": { "uv": [ 15.5, 15, 15.625, 15.125 ], "texture": "#mesh_atlas" },
				"east": { "uv": [ 15.75, 15, 15.625, 15.125 ], "texture": "#mesh_atlas" }
			}
		},
		{
			"__comment": "Voxels",
			"from": [ 2, 12, 11 ],
			"to": [ 14, 13, 12 ],
			"faces": {
				"down": { "uv": [ 8.5, 11.875, 10, 12 ], "texture": "#mesh_atlas" },
				"up": { "uv": [ 8.5, 11.875, 10, 11.75 ], "texture": "#mesh_atlas" },
				"north": { "uv": [ 10, 11.625, 8.5, 11.75 ], "texture": "#mesh_atlas" },
				"south": { "uv": [ 14.5, 14, 16, 14.125 ], "texture": "#mesh_atlas" },
				"west": { "uv": [ 15.5, 14.875, 15.625, 15 ], "texture": "#mesh_atlas" },
				"east": { "uv": [ 15.75, 14.875, 15.625, 15 ], "texture": "#mesh_atlas" }
			}
		},
		{
			"__comment": "Voxels",
			"from": [ 2, 13, 5 ],
			"to": [ 14, 14, 11 ],
			"faces": {
				"down": { "uv": [ 2, 15.25, 3.5, 16 ], "texture": "#mesh_atlas" },
				"up": { "uv": [ 2, 15.25, 3.5, 14.5 ], "texture": "#mesh_atlas" },
				"north": { "uv": [ 10, 11.5, 8.5, 11.625 ], "texture": "#mesh_atlas" },
				"south": { "uv": [ 8.5, 11.375, 10, 11.5 ], "texture": "#mesh_atlas" },
				"west": { "uv": [ 10, 8.875, 10.75, 9 ], "texture": "#mesh_atlas" },
				"east": { "uv": [ 10.75, 8.75, 10, 8.875 ], "texture": "#mesh_atlas" }
			}
		},
		{
			"__comment": "Voxels",
			"from": [ 3, 1, 5 ],
			"to": [ 13, 2, 11 ],
			"faces": {
				"down": { "uv": [ 2, 11.5, 3.25, 12.25 ], "texture": "#mesh_atlas" },
				"up": { "uv": [ 2, 13, 3.25, 12.25 ], "texture": "#mesh_atlas" },
				"north": { "uv": [ 9.75, 10.125, 8.5, 10.25 ], "texture": "#mesh_atlas" },
				"south": { "uv": [ 7.25, 10.375, 8.5, 10.5 ], "texture": "#mesh_atlas" },
				"west": { "uv": [ 10, 8.625, 10.75, 8.75 ], "texture": "#mesh_atlas" },
				"east": { "uv": [ 10.75, 8.5, 10, 8.625 ], "texture": "#mesh_atlas" }
			}
		},
		{
			"__comment": "Voxels",
			"from": [ 3, 2, 3 ],
			"to": [ 13, 3, 5 ],
			"faces": {
				"down": { "uv": [ 14.25, 15.5, 15.5, 15.75 ], "texture": "#mesh_atlas" },
				"up": { "uv": [ 7.25, 15.5, 8.5, 15.25 ], "texture": "#mesh_atlas" },
				"north": { "uv": [ 8.5, 10, 7.25, 10.125 ], "texture": "#mesh_atlas" },
				"south": { "uv": [ 7.25, 9.875, 8.5, 10 ], "texture": "#mesh_atlas" },
				"west": { "uv": [ 6.875, 8.375, 7.125, 8.5 ], "texture": "#mesh_atlas" },
				"east": { "uv": [ 7, 8.5, 6.75, 8.625 ], "texture": "#mesh_atlas" }
			}
		},
		{
			"__comment": "Voxels",
			"from": [ 3, 2, 11 ],
			"to": [ 13, 3, 13 ],
			"faces": {
				"down": { "uv": [ 7.25, 14, 8.5, 14.25 ], "texture": "#mesh_atlas" },
				"up": { "uv": [ 7.25, 14, 8.5, 13.75 ], "texture": "#mesh_atlas" },
				"north": { "uv": [ 8.5, 9.5, 7.25, 9.625 ], "texture": "#mesh_atlas" },
				"south": { "uv": [ 7.25, 8.25, 8.5, 8.375 ], "texture": "#mesh_atlas" },
				"west": { "uv": [ 6.75, 9.125, 7, 9.25 ], "texture": "#mesh_atlas" },
				"east": { "uv": [ 3.5, 13, 3.25, 13.125 ], "texture": "#mesh_atlas" }
			}
		},
		{
			"__comment": "Voxels",
			"from": [ 3, 3, 2 ],
			"to": [ 13, 5, 3 ],
			"faces": {
				"down": { "uv": [ 7.25, 9.125, 8.5, 9.25 ], "texture": "#mesh_atlas" },
				"up": { "uv": [ 7.25, 9.125, 8.5, 9 ], "texture": "#mesh_atlas" },
				"north": { "uv": [ 8.5, 12, 7.25, 12.25 ], "texture": "#mesh_atlas" },
				"south": { "uv": [ 7.25, 11.75, 8.5, 12 ], "texture": "#mesh_atlas" },
				"west": { "uv": [ 7.125, 12.75, 7.25, 13 ], "texture": "#mesh_atlas" },
				"east": { "uv": [ 6.875, 8.25, 6.75, 8.5 ], "texture": "#mesh_atlas" }
			}
		},
		{
			"__comment": "Voxels",
			"from": [ 3, 3, 13 ],
			"to": [ 13, 5, 14 ],
			"faces": {
				"down": { "uv": [ 7.25, 8.625, 8.5, 8.75 ], "texture": "#mesh_atlas" },
				"up": { "uv": [ 7.25, 8.625, 8.5, 8.5 ], "texture": "#mesh_atlas" },
				"north": { "uv": [ 8.5, 10.5, 7.25, 10.75 ], "texture": "#mesh_atlas" },
				"south": { "uv": [ 14.75, 15.75, 16, 16 ], "texture": "#mesh_atlas" },
				"west": { "uv": [ 7.125, 8.5, 7.25, 8.75 ], "texture": "#mesh_atlas" },
				"east": { "uv": [ 6.875, 8, 6.75, 8.25 ], "texture": "#mesh_atlas" }
			}
		},
		{
			"__comment": "Voxels",
			"from": [ 3, 5, 1 ],
			"to": [ 13, 7, 2 ],
			"faces": {
				"down": { "uv": [ 7.25, 10.25, 8.5, 10.375 ], "texture": "#mesh_atlas" },
				"up": { "uv": [ 7.25, 10.25, 8.5, 10.125 ], "texture": "#mesh_atlas" },
				"north": { "uv": [ 8.5, 14.5, 7.25, 14.75 ], "texture": "#mesh_atlas" },
				"south": { "uv": [ 7.25, 14.25, 8.5, 14.5 ], "texture": "#mesh_atlas" },
				"west": { "uv": [ 6.875, 8.125, 7, 8.375 ], "texture": "#mesh_atlas" },
				"east": { "uv": [ 7.125, 9.25, 7, 9.5 ], "texture": "#mesh_atlas" }
			}
		},
		{
			"__comment": "Voxels",
			"from": [ 3, 5, 14 ],
			"to": [ 13, 7, 15 ],
			"faces": {
				"down": { "uv": [ 7.25, 9.25, 8.5, 9.375 ], "texture": "#mesh_atlas" },
				"up": { "uv": [ 7.25, 9, 8.5, 8.875 ], "texture": "#mesh_atlas" },
				"north": { "uv": [ 8.5, 12.5, 7.25, 12.75 ], "texture": "#mesh_atlas" },
				"south": { "uv": [ 7.25, 12.25, 8.5, 12.5 ], "texture": "#mesh_atlas" },
				"west": { "uv": [ 7.125, 12.25, 7.25, 12.5 ], "texture": "#mesh_atlas" },
				"east": { "uv": [ 7.125, 12.25, 7, 12.5 ], "texture": "#mesh_atlas" }
			}
		},
		{
			"__comment": "Voxels",
			"from": [ 3, 9, 1 ],
			"to": [ 13, 11, 2 ],
			"faces": {
				"down": { "uv": [ 7.25, 8.125, 8.5, 8.25 ], "texture": "#mesh_atlas" },
				"up": { "uv": [ 7.25, 9.5, 8.5, 9.375 ], "texture": "#mesh_atlas" },
				"north": { "uv": [ 8.5, 10.75, 7.25, 11 ], "texture": "#mesh_atlas" },
				"south": { "uv": [ 11.75, 15.5, 13, 15.75 ], "texture": "#mesh_atlas" },
				"west": { "uv": [ 7, 8.125, 7.125, 8.375 ], "texture": "#mesh_atlas" },
				"east": { "uv": [ 15.625, 15.5, 15.5, 15.75 ], "texture": "#mesh_atlas" }
			}
		},
		{
			"__comment": "Voxels",
			"from": [ 3, 9, 14 ],
			"to": [ 13, 11, 15 ],
			"faces": {
				"down": { "uv": [ 7.25, 8, 8.5, 8.125 ], "texture": "#mesh_atlas" },
				"up": { "uv": [ 8.5, 10.375, 9.75, 10.25 ], "texture": "#mesh_atlas" },
				"north": { "uv": [ 14.25, 15.5, 13, 15.75 ], "texture": "#mesh_atlas" },
				"south": { "uv": [ 7.25, 15, 8.5, 15.25 ], "texture": "#mesh_atlas" },
				"west": { "uv": [ 7.125, 8.125, 7.25, 8.375 ], "texture": "#mesh_atlas" },
				"east": { "uv": [ 7.25, 9.25, 7.125, 9.5 ], "texture": "#mesh_atlas" }
			}
		},
		{
			"__comment": "Voxels",
			"from": [ 3, 11, 2 ],
			"to": [ 13, 13, 3 ],
			"faces": {
				"down": { "uv": [ 8.5, 10.625, 9.75, 10.75 ], "texture": "#mesh_atlas" },
				"up": { "uv": [ 8.5, 10.125, 9.75, 10 ], "texture": "#mesh_atlas" },
				"north": { "uv": [ 8.5, 14.75, 7.25, 15 ], "texture": "#mesh_atlas" },
				"south": { "uv": [ 7.25, 13.5, 8.5, 13.75 ], "texture": "#mesh_atlas" },
				"west": { "uv": [ 7, 8.75, 7.125, 9 ], "texture": "#mesh_atlas" },
				"east": { "uv": [ 7, 8.75, 6.875, 9 ], "texture": "#mesh_atlas" }
			}
		},
		{
			"__comment": "Voxels",
			"from": [ 3, 11, 13 ],
			"to": [ 13, 13, 14 ],
			"faces": {
				"down": { "uv": [ 7.25, 8.75, 8.5, 8.875 ], "texture": "#mesh_atlas" },
				"up": { "uv": [ 7.25, 8.5, 8.5, 8.375 ], "texture": "#mesh_atlas" },
				"north": { "uv": [ 8.5, 13.25, 7.25, 13.5 ], "texture": "#mesh_atlas" },
				"south": { "uv": [ 7.25, 13, 8.5, 13.25 ], "texture": "#mesh_atlas" },
				"west": { "uv": [ 7, 8.5, 7.125, 8.75 ], "texture": "#mesh_atlas" },
				"east": { "uv": [ 7.25, 8.75, 7.125, 9 ], "texture": "#mesh_atlas" }
			}
		},
		{
			"__comment": "Voxels",
			"from": [ 3, 13, 3 ],
			"to": [ 13, 14, 5 ],
			"faces": {
				"down": { "uv": [ 7.25, 12.75, 8.5, 13 ], "texture": "#mesh_atlas" },
				"up": { "uv": [ 7.25, 11.75, 8.5, 11.5 ], "texture": "#mesh_atlas" },
				"north": { "uv": [ 8.5, 9.75, 7.25, 9.875 ], "texture": "#mesh_atlas" },
				"south": { "uv": [ 7.25, 9.625, 8.5, 9.75 ], "texture": "#mesh_atlas" },
				"west": { "uv": [ 6.75, 8.625, 7, 8.75 ], "texture": "#mesh_atlas" },
				"east": { "uv": [ 7, 9, 6.75, 9.125 ], "texture": "#mesh_atlas" }
			}
		},
		{
			"__comment": "Voxels",
			"from": [ 3, 13, 11 ],
			"to": [ 13, 14, 13 ],
			"faces": {
				"down": { "uv": [ 7.25, 11.25, 8.5, 11.5 ], "texture": "#mesh_atlas" },
				"up": { "uv": [ 7.25, 11.25, 8.5, 11 ], "texture": "#mesh_atlas" },
				"north": { "uv": [ 9.75, 9.875, 8.5, 10 ], "texture": "#mesh_atlas" },
				"south": { "uv": [ 8.5, 9.75, 9.75, 9.875 ], "texture": "#mesh_atlas" },
				"west": { "uv": [ 7, 9, 7.25, 9.125 ], "texture": "#mesh_atlas" },
				"east": { "uv": [ 7.25, 9.125, 7, 9.25 ], "texture": "#mesh_atlas" }
			}
		},
		{
			"__comment": "Voxels",
			"from": [ 3, 14, 5 ],
			"to": [ 13, 15, 11 ],
			"faces": {
				"down": { "uv": [ 2, 13, 3.25, 13.75 ], "texture": "#mesh_atlas" },
				"up": { "uv": [ 2, 14.5, 3.25, 13.75 ], "texture": "#mesh_atlas" },
				"north": { "uv": [ 9.75, 10.5, 8.5, 10.625 ], "texture": "#mesh_atlas" },
				"south": { "uv": [ 8.5, 10.375, 9.75, 10.5 ], "texture": "#mesh_atlas" },
				"west": { "uv": [ 10, 8.375, 10.75, 8.5 ], "texture": "#mesh_atlas" },
				"east": { "uv": [ 10.75, 8.25, 10, 8.375 ], "texture": "#mesh_atlas" }
			}
		},
		{
			"__comment": "Voxels",
			"from": [ 4, 0, 6 ],
			"to": [ 12, 1, 10 ],
			"faces": {
				"down": { "uv": [ 2, 8, 3, 8.5 ], "texture": "#mesh_atlas" },
				"up": { "uv": [ 2, 9, 3, 8.5 ], "texture": "#mesh_atlas" },
				"north": { "uv": [ 11, 13.375, 10, 13.5 ], "texture": "#mesh_atlas" },
				"south": { "uv": [ 12, 13.5, 13, 13.625 ], "texture": "#mesh_atlas" },
				"west": { "uv": [ 3, 10.25, 3.5, 10.375 ], "texture": "#mesh_atlas" },
				"east": { "uv": [ 3.5, 10.375, 3, 10.5 ], "texture": "#mesh_atlas" }
			}
		},
		{
			"__comment": "Voxels",
			"from": [ 4, 1, 4 ],
			"to": [ 12, 2, 5 ],
			"faces": {
				"down": { "uv": [ 8.5, 8.5, 9.5, 8.625 ], "texture": "#mesh_atlas" },
				"up": { "uv": [ 8.5, 8.5, 9.5, 8.375 ], "texture": "#mesh_atlas" },
				"north": { "uv": [ 9.5, 8, 8.5, 8.125 ], "texture": "#mesh_atlas" },
				"south": { "uv": [ 10, 13.875, 11, 14 ], "texture": "#mesh_atlas" },
				"west": { "uv": [ 7, 8, 7.125, 8.125 ], "texture": "#mesh_atlas" },
				"east": { "uv": [ 9.75, 8.875, 9.625, 9 ], "texture": "#mesh_atlas" }
			}
		},
		{
			"__comment": "Voxels",
			"from": [ 4, 1, 11 ],
			"to": [ 12, 2, 12 ],
			"faces": {
				"down": { "uv": [ 11, 13.75, 12, 13.875 ], "texture": "#mesh_atlas" },
				"up": { "uv": [ 12, 13.875, 13, 13.75 ], "texture": "#mesh_atlas" },
				"north": { "uv": [ 12, 13.625, 11, 13.75 ], "texture": "#mesh_atlas" },
				"south": { "uv": [ 12, 13.625, 13, 13.75 ], "texture": "#mesh_atlas" },
				"west": { "uv": [ 9.5, 8.875, 9.625, 9 ], "texture": "#mesh_atlas" },
				"east": { "uv": [ 9.625, 9.375, 9.5, 9.5 ], "texture": "#mesh_atlas" }
			}
		},
		{
			"__comment": "Voxels",
			"from": [ 4, 4, 1 ],
			"to": [ 12, 5, 2 ],
			"faces": {
				"down": { "uv": [ 14, 13.5, 15, 13.625 ], "texture": "#mesh_atlas" },
				"up": { "uv": [ 15, 13.625, 16, 13.5 ], "texture": "#mesh_atlas" },
				"north": { "uv": [ 9.5, 8.875, 8.5, 9 ], "texture": "#mesh_atlas" },
				"south": { "uv": [ 8.5, 8.75, 9.5, 8.875 ], "texture": "#mesh_atlas" },
				"west": { "uv": [ 9.875, 9.5, 10, 9.625 ], "texture": "#mesh_atlas" },
				"east": { "uv": [ 9.875, 9.5, 9.75, 9.625 ], "texture": "#mesh_atlas" }
			}
		},
		{
			"__comment": "Voxels",
			"from": [ 4, 4, 14 ],
			"to": [ 12, 5, 15 ],
			"faces": {
				"down": { "uv": [ 15, 13.625, 16, 13.75 ], "texture": "#mesh_atlas" },
				"up": { "uv": [ 14, 13.875, 15, 13.75 ], "texture": "#mesh_atlas" },
				"north": { "uv": [ 13, 13.875, 12, 14 ], "texture": "#mesh_atlas" },
				"south": { "uv": [ 11, 13.5, 12, 13.625 ], "texture": "#mesh_atlas" },
				"west": { "uv": [ 9.625, 9.375, 9.75, 9.5 ], "texture": "#mesh_atlas" },
				"east": { "uv": [ 10, 9.125, 9.875, 9.25 ], "texture": "#mesh_atlas" }
			}
		},
		{
			"__comment": "Voxels",
			"from": [ 4, 6, 0 ],
			"to": [ 12, 10, 1 ],
			"faces": {
				"down": { "uv": [ 10, 13.5, 11, 13.625 ], "texture": "#mesh_atlas" },
				"up": { "uv": [ 14, 14, 15, 13.875 ], "texture": "#mesh_atlas" },
				"north": { "uv": [ 4.5, 11.5, 3.5, 12 ], "texture": "#mesh_atlas" },
				"south": { "uv": [ 2, 9.5, 3, 10 ], "texture": "#mesh_atlas" },
				"west": { "uv": [ 3.25, 14, 3.375, 14.5 ], "texture": "#mesh_atlas" },
				"east": { "uv": [ 3.5, 13.25, 3.375, 13.75 ], "texture": "#mesh_atlas" }
			}
		},
		{
			"__comment": "Voxels",
			"from": [ 4, 6, 15 ],
			"to": [ 12, 10, 16 ],
			"faces": {
				"down": { "uv": [ 8.5, 9, 9.5, 9.125 ], "texture": "#mesh_atlas" },
				"up": { "uv": [ 14, 13.75, 15, 13.625 ], "texture": "#mesh_atlas" },
				"north": { "uv": [ 3, 10, 2, 10.5 ], "texture": "#mesh_atlas" },
				"south": { "uv": [ 3.5, 11, 4.5, 11.5 ], "texture": "#mesh_atlas" },
				"west": { "uv": [ 3.375, 14, 3.5, 14.5 ], "texture": "#mesh_atlas" },
				"east": { "uv": [ 3.375, 13.25, 3.25, 13.75 ], "texture": "#mesh_atlas" }
			}
		},
		{
			"__comment": "Voxels",
			"from": [ 4, 11, 1 ],
			"to": [ 12, 12, 2 ],
			"faces": {
				"down": { "uv": [ 13, 13.75, 14, 13.875 ], "texture": "#mesh_atlas" },
				"up": { "uv": [ 13, 13.625, 14, 13.5 ], "texture": "#mesh_atlas" },
				"north": { "uv": [ 11, 13.625, 10, 13.75 ], "texture": "#mesh_atlas" },
				"south": { "uv": [ 15, 13.875, 16, 14 ], "texture": "#mesh_atlas" },
				"west": { "uv": [ 15.75, 14.75, 15.875, 14.875 ], "texture": "#mesh_atlas" },
				"east": { "uv": [ 16, 14.75, 15.875, 14.875 ], "texture": "#mesh_atlas" }
			}
		},
		{
			"__comment": "Voxels",
			"from": [ 4, 11, 14 ],
			"to": [ 12, 12, 15 ],
			"faces": {
				"down": { "uv": [ 8.5, 8.125, 9.5, 8.25 ], "texture": "#mesh_atlas" },
				"up": { "uv": [ 8.5, 8.375, 9.5, 8.25 ], "texture": "#mesh_atlas" },
				"north": { "uv": [ 9.5, 9.125, 8.5, 9.25 ], "texture": "#mesh_atlas" },
				"south": { "uv": [ 8.5, 9.25, 9.5, 9.375 ], "texture": "#mesh_atlas" },
				"west": { "uv": [ 15.75, 14.375, 15.875, 14.5 ], "texture": "#mesh_atlas" },
				"east": { "uv": [ 16, 14.375, 15.875, 14.5 ], "texture": "#mesh_atlas" }
			}
		},
		{
			"__comment": "Voxels",
			"from": [ 4, 14, 4 ],
			"to": [ 12, 15, 5 ],
			"faces": {
				"down": { "uv": [ 8.5, 9.375, 9.5, 9.5 ], "texture": "#mesh_atlas" },
				"up": { "uv": [ 8.5, 9.625, 9.5, 9.5 ], "texture": "#mesh_atlas" },
				"north": { "uv": [ 9.5, 9.625, 8.5, 9.75 ], "texture": "#mesh_atlas" },
				"south": { "uv": [ 15, 14.25, 16, 14.375 ], "texture": "#mesh_atlas" },
				"west": { "uv": [ 9.75, 10.375, 9.875, 10.5 ], "texture": "#mesh_atlas" },
				"east": { "uv": [ 10, 10.375, 9.875, 10.5 ], "texture": "#mesh_atlas" }
			}
		},
		{
			"__comment": "Voxels",
			"from": [ 4, 14, 11 ],
			"to": [ 12, 15, 12 ],
			"faces": {
				"down": { "uv": [ 13, 13.625, 14, 13.75 ], "texture": "#mesh_atlas" },
				"up": { "uv": [ 15, 13.875, 16, 13.75 ], "texture": "#mesh_atlas" },
				"north": { "uv": [ 11, 13.75, 10, 13.875 ], "texture": "#mesh_atlas" },
				"south": { "uv": [ 13, 13.875, 14, 14 ], "texture": "#mesh_atlas" },
				"west": { "uv": [ 9.75, 9.875, 9.875, 10 ], "texture": "#mesh_atlas" },
				"east": { "uv": [ 10, 9.875, 9.875, 10 ], "texture": "#mesh_atlas" }
			}
		},
		{
			"__comment": "Voxels",
			"from": [ 4, 15, 6 ],
			"to": [ 12, 16, 10 ],
			"faces": {
				"down": { "uv": [ 3.5, 12, 4.5, 12.5 ], "texture": "#mesh_atlas" },
				"up": { "uv": [ 2, 9.5, 3, 9 ], "texture": "#mesh_atlas" },
				"north": { "uv": [ 12, 13.875, 11, 14 ], "texture": "#mesh_atlas" },
				"south": { "uv": [ 8.5, 8.625, 9.5, 8.75 ], "texture": "#mesh_atlas" },
				"west": { "uv": [ 3, 10.875, 3.5, 11 ], "texture": "#mesh_atlas" },
				"east": { "uv": [ 3.5, 10.75, 3, 10.875 ], "texture": "#mesh_atlas" }
			}
		},
		{
			"__comment": "Voxels",
			"from": [ 5, 0, 5 ],
			"to": [ 11, 1, 6 ],
			"faces": {
				"down": { "uv": [ 10, 8, 10.75, 8.125 ], "texture": "#mesh_atlas" },
				"up": { "uv": [ 10.75, 13.25, 11.5, 13.125 ], "texture": "#mesh_atlas" },
				"north": { "uv": [ 12.25, 13.125, 11.5, 13.25 ], "texture": "#mesh_atlas" },
				"south": { "uv": [ 12.25, 13.125, 13, 13.25 ], "texture": "#mesh_atlas" },
				"west": { "uv": [ 9.75, 9.25, 9.875, 9.375 ], "texture": "#mesh_atlas" },
				"east": { "uv": [ 10, 9.25, 9.875, 9.375 ], "texture": "#mesh_atlas" }
			}
		},
		{
			"__comment": "Voxels",
			"from": [ 5, 0, 10 ],
			"to": [ 11, 1, 11 ],
			"faces": {
				"down": { "uv": [ 10, 8.125, 10.75, 8.25 ], "texture": "#mesh_atlas" },
				"up": { "uv": [ 13, 13.25, 13.75, 13.125 ], "texture": "#mesh_atlas" },
				"north": { "uv": [ 14.5, 13.125, 13.75, 13.25 ], "texture": "#mesh_atlas" },
				"south": { "uv": [ 14.5, 13.125, 15.25, 13.25 ], "texture": "#mesh_atlas" },
				"west": { "uv": [ 9.75, 8.875, 9.875, 9 ], "texture": "#mesh_atlas" },
				"east": { "uv": [ 10, 8.875, 9.875, 9 ], "texture": "#mesh_atlas" }
			}
		},
		{
			"__comment": "Voxels",
			"from": [ 5, 1, 3 ],
			"to": [ 11, 2, 4 ],
			"faces": {
				"down": { "uv": [ 15.25, 13.125, 16, 13.25 ], "texture": "#mesh_atlas" },
				"up": { "uv": [ 10.75, 13.125, 11.5, 13 ], "texture": "#mesh_atlas" },
				"north": { "uv": [ 12.25, 13, 11.5, 13.125 ], "texture": "#mesh_atlas" },
				"south": { "uv": [ 12.25, 13, 13, 13.125 ], "texture": "#mesh_atlas" },
				"west": { "uv": [ 15.75, 15.5, 15.875, 15.625 ], "texture": "#mesh_atlas" },
				"east": { "uv": [ 16, 15.5, 15.875, 15.625 ], "texture": "#mesh_atlas" }
			}
		},
		{
			"__comment": "Voxels",
			"from": [ 5, 1, 12 ],
			"to": [ 11, 2, 13 ],
			"faces": {
				"down": { "uv": [ 13, 13, 13.75, 13.125 ], "texture": "#mesh_atlas" },
				"up": { "uv": [ 13.75, 13.125, 14.5, 13 ], "texture": "#mesh_atlas" },
				"north": { "uv": [ 15.25, 13, 14.5, 13.125 ], "texture": "#mesh_atlas" },
				"south": { "uv": [ 15.25, 13, 16, 13.125 ], "texture": "#mesh_atlas" },
				"west": { "uv": [ 15.75, 14.875, 15.875, 15 ], "texture": "#mesh_atlas" },
				"east": { "uv": [ 16, 14.875, 15.875, 15 ], "texture": "#mesh_atlas" }
			}
		},
		{
			"__comment": "Voxels",
			"from": [ 5, 2, 2 ],
			"to": [ 11, 3, 3 ],
			"faces": {
				"down": { "uv": [ 10.75, 12.875, 11.5, 13 ], "texture": "#mesh_atlas" },
				"up": { "uv": [ 11.5, 13, 12.25, 12.875 ], "texture": "#mesh_atlas" },
				"north": { "uv": [ 13, 12.875, 12.25, 13 ], "texture": "#mesh_atlas" },
				"south": { "uv": [ 13, 12.875, 13.75, 13 ], "texture": "#mesh_atlas" },
				"west": { "uv": [ 15.5, 14.5, 15.625, 14.625 ], "texture": "#mesh_atlas" },
				"east": { "uv": [ 15.75, 14.5, 15.625, 14.625 ], "texture": "#mesh_atlas" }
			}
		},
		{
			"__comment": "Voxels",
			"from": [ 5, 2, 13 ],
			"to": [ 11, 3, 14 ],
			"faces": {
				"down": { "uv": [ 13.75, 12.875, 14.5, 13 ], "texture": "#mesh_atlas" },
				"up": { "uv": [ 14.5, 13, 15.25, 12.875 ], "texture": "#mesh_atlas" },
				"north": { "uv": [ 5.25, 12.375, 4.5, 12.5 ], "texture": "#mesh_atlas" },
				"south": { "uv": [ 4.5, 12.25, 5.25, 12.375 ], "texture": "#mesh_atlas" },
				"west": { "uv": [ 15.5, 14.625, 15.625, 14.75 ], "texture": "#mesh_atlas" },
				"east": { "uv": [ 15.75, 14.625, 15.625, 14.75 ], "texture": "#mesh_atlas" }
			}
		},
		{
			"__comment": "Voxels",
			"from": [ 5, 3, 1 ],
			"to": [ 11, 4, 2 ],
			"faces": {
				"down": { "uv": [ 4.5, 12.125, 5.25, 12.25 ], "texture": "#mesh_atlas" },
				"up": { "uv": [ 4.5, 12.125, 5.25, 12 ], "texture": "#mesh_atlas" },
				"north": { "uv": [ 5.25, 11.875, 4.5, 12 ], "texture": "#mesh_atlas" },
				"south": { "uv": [ 4.5, 11.75, 5.25, 11.875 ], "texture": "#mesh_atlas" },
				"west": { "uv": [ 15.75, 14.5, 15.875, 14.625 ], "texture": "#mesh_atlas" },
				"east": { "uv": [ 16, 14.5, 15.875, 14.625 ], "texture": "#mesh_atlas" }
			}
		},
		{
			"__comment": "Voxels",
			"from": [ 5, 3, 14 ],
			"to": [ 11, 4, 15 ],
			"faces": {
				"down": { "uv": [ 4.5, 11.625, 5.25, 11.75 ], "texture": "#mesh_atlas" },
				"up": { "uv": [ 4.5, 11.625, 5.25, 11.5 ], "texture": "#mesh_atlas" },
				"north": { "uv": [ 5.25, 11.375, 4.5, 11.5 ], "texture": "#mesh_atlas" },
				"south": { "uv": [ 4.5, 11.25, 5.25, 11.375 ], "texture": "#mesh_atlas" },
				"west": { "uv": [ 9.75, 10.625, 9.875, 10.75 ], "texture": "#mesh_atlas" },
				"east": { "uv": [ 10, 10.625, 9.875, 10.75 ], "texture": "#mesh_atlas" }
			}
		},
		{
			"__comment": "Voxels",
			"from": [ 5, 5, 0 ],
			"to": [ 11, 6, 1 ],
			"faces": {
				"down": { "uv": [ 4.5, 11.125, 5.25, 11.25 ], "texture": "#mesh_atlas" },
				"up": { "uv": [ 4.5, 11.125, 5.25, 11 ], "texture": "#mesh_atlas" },
				"north": { "uv": [ 11.75, 13.375, 11, 13.5 ], "texture": "#mesh_atlas" },
				"south": { "uv": [ 11.75, 13.375, 12.5, 13.5 ], "texture": "#mesh_atlas" },
				"west": { "uv": [ 9.75, 10.25, 9.875, 10.375 ], "texture": "#mesh_atlas" },
				"east": { "uv": [ 10, 10.25, 9.875, 10.375 ], "texture": "#mesh_atlas" }
			}
		},
		{
			"__comment": "Voxels",
			"from": [ 5, 5, 15 ],
			"to": [ 11, 6, 16 ],
			"faces": {
				"down": { "uv": [ 12.5, 13.375, 13.25, 13.5 ], "texture": "#mesh_atlas" },
				"up": { "uv": [ 13.25, 13.5, 14, 13.375 ], "texture": "#mesh_atlas" },
				"north": { "uv": [ 14.75, 13.375, 14, 13.5 ], "texture": "#mesh_atlas" },
				"south": { "uv": [ 14.75, 13.375, 15.5, 13.5 ], "texture": "#mesh_atlas" },
				"west": { "uv": [ 9.75, 10, 9.875, 10.125 ], "texture": "#mesh_atlas" },
				"east": { "uv": [ 10, 10, 9.875, 10.125 ], "texture": "#mesh_atlas" }
			}
		},
		{
			"__comment": "Voxels",
			"from": [ 5, 10, 0 ],
			"to": [ 11, 11, 1 ],
			"faces": {
				"down": { "uv": [ 10, 13.25, 10.75, 13.375 ], "texture": "#mesh_atlas" },
				"up": { "uv": [ 10.75, 13.375, 11.5, 13.25 ], "texture": "#mesh_atlas" },
				"north": { "uv": [ 12.25, 13.25, 11.5, 13.375 ], "texture": "#mesh_atlas" },
				"south": { "uv": [ 12.25, 13.25, 13, 13.375 ], "texture": "#mesh_atlas" },
				"west": { "uv": [ 9.5, 9.625, 9.625, 9.75 ], "texture": "#mesh_atlas" },
				"east": { "uv": [ 9.75, 9.625, 9.625, 9.75 ], "texture": "#mesh_atlas" }
			}
		},
		{
			"__comment": "Voxels",
			"from": [ 5, 10, 15 ],
			"to": [ 11, 11, 16 ],
			"faces": {
				"down": { "uv": [ 13, 13.25, 13.75, 13.375 ], "texture": "#mesh_atlas" },
				"up": { "uv": [ 13.75, 13.375, 14.5, 13.25 ], "texture": "#mesh_atlas" },
				"north": { "uv": [ 15.25, 13.25, 14.5, 13.375 ], "texture": "#mesh_atlas" },
				"south": { "uv": [ 15.25, 13.25, 16, 13.375 ], "texture": "#mesh_atlas" },
				"west": { "uv": [ 9.75, 9.625, 9.875, 9.75 ], "texture": "#mesh_atlas" },
				"east": { "uv": [ 10, 9.625, 9.875, 9.75 ], "texture": "#mesh_atlas" }
			}
		},
		{
			"__comment": "Voxels",
			"from": [ 5, 12, 1 ],
			"to": [ 11, 13, 2 ],
			"faces": {
				"down": { "uv": [ 10, 13.125, 10.75, 13.25 ], "texture": "#mesh_atlas" },
				"up": { "uv": [ 10, 13.125, 10.75, 13 ], "texture": "#mesh_atlas" },
				"north": { "uv": [ 10.75, 12.875, 10, 13 ], "texture": "#mesh_atlas" },
				"south": { "uv": [ 10, 12.5, 10.75, 12.625 ], "texture": "#mesh_atlas" },
				"west": { "uv": [ 9.5, 9.25, 9.625, 9.375 ], "texture": "#mesh_atlas" },
				"east": { "uv": [ 9.75, 9.25, 9.625, 9.375 ], "texture": "#mesh_atlas" }
			}
		},
		{
			"__comment": "Voxels",
			"from": [ 5, 12, 14 ],
			"to": [ 11, 13, 15 ],
			"faces": {
				"down": { "uv": [ 10, 12.375, 10.75, 12.5 ], "texture": "#mesh_atlas" },
				"up": { "uv": [ 10, 12.375, 10.75, 12.25 ], "texture": "#mesh_atlas" },
				"north": { "uv": [ 10.75, 12.125, 10, 12.25 ], "texture": "#mesh_atlas" },
				"south": { "uv": [ 10, 12, 10.75, 12.125 ], "texture": "#mesh_atlas" },
				"west": { "uv": [ 9.5, 9, 9.625, 9.125 ], "texture": "#mesh_atlas" },
				"east": { "uv": [ 9.75, 9, 9.625, 9.125 ], "texture": "#mesh_atlas" }
			}
		},
		{
			"__comment": "Voxels",
			"from": [ 5, 13, 2 ],
			"to": [ 11, 14, 3 ],
			"faces": {
				"down": { "uv": [ 10, 11.875, 10.75, 12 ], "texture": "#mesh_atlas" },
				"up": { "uv": [ 10, 11.875, 10.75, 11.75 ], "texture": "#mesh_atlas" },
				"north": { "uv": [ 10.75, 11.625, 10, 11.75 ], "texture": "#mesh_atlas" },
				"south": { "uv": [ 10, 11.5, 10.75, 11.625 ], "texture": "#mesh_atlas" },
				"west": { "uv": [ 7.125, 8.375, 7.25, 8.5 ], "texture": "#mesh_atlas" },
				"east": { "uv": [ 7, 8, 6.875, 8.125 ], "texture": "#mesh_atlas" }
			}
		},
		{
			"__comment": "Voxels",
			"from": [ 5, 13, 13 ],
			"to": [ 11, 14, 14 ],
			"faces": {
				"down": { "uv": [ 10, 11.375, 10.75, 11.5 ], "texture": "#mesh_atlas" },
				"up": { "uv": [ 10, 11.375, 10.75, 11.25 ], "texture": "#mesh_atlas" },
				"north": { "uv": [ 10.75, 11.125, 10, 11.25 ], "texture": "#mesh_atlas" },
				"south": { "uv": [ 10, 11, 10.75, 11.125 ], "texture": "#mesh_atlas" },
				"west": { "uv": [ 15.75, 15.625, 15.875, 15.75 ], "texture": "#mesh_atlas" },
				"east": { "uv": [ 16, 15.625, 15.875, 15.75 ], "texture": "#mesh_atlas" }
			}
		},
		{
			"__comment": "Voxels",
			"from": [ 5, 14, 3 ],
			"to": [ 11, 15, 4 ],
			"faces": {
				"down": { "uv": [ 10, 10.875, 10.75, 11 ], "texture": "#mesh_atlas" },
				"up": { "uv": [ 10, 10.875, 10.75, 10.75 ], "texture": "#mesh_atlas" },
				"north": { "uv": [ 10.75, 10.625, 10, 10.75 ], "texture": "#mesh_atlas" },
				"south": { "uv": [ 10, 10.5, 10.75, 10.625 ], "texture": "#mesh_atlas" },
				"west": { "uv": [ 15.75, 15, 15.875, 15.125 ], "texture": "#mesh_atlas" },
				"east": { "uv": [ 16, 15, 15.875, 15.125 ], "texture": "#mesh_atlas" }
			}
		},
		{
			"__comment": "Voxels",
			"from": [ 5, 14, 12 ],
			"to": [ 11, 15, 13 ],
			"faces": {
				"down": { "uv": [ 10, 10.375, 10.75, 10.5 ], "texture": "#mesh_atlas" },
				"up": { "uv": [ 10, 10.375, 10.75, 10.25 ], "texture": "#mesh_atlas" },
				"north": { "uv": [ 10.75, 10.125, 10, 10.25 ], "texture": "#mesh_atlas" },
				"south": { "uv": [ 10, 10, 10.75, 10.125 ], "texture": "#mesh_atlas" },
				"west": { "uv": [ 15.5, 14.75, 15.625, 14.875 ], "texture": "#mesh_atlas" },
				"east": { "uv": [ 15.75, 14.75, 15.625, 14.875 ], "texture": "#mesh_atlas" }
			}
		},
		{
			"__comment": "Voxels",
			"from": [ 5, 15, 5 ],
			"to": [ 11, 16, 6 ],
			"faces": {
				"down": { "uv": [ 10, 9.875, 10.75, 10 ], "texture": "#mesh_atlas" },
				"up": { "uv": [ 10, 9.875, 10.75, 9.75 ], "texture": "#mesh_atlas" },
				"north": { "uv": [ 10.75, 9.625, 10, 9.75 ], "texture": "#mesh_atlas" },
				"south": { "uv": [ 10, 9.5, 10.75, 9.625 ], "texture": "#mesh_atlas" },
				"west": { "uv": [ 15.75, 14.625, 15.875, 14.75 ], "texture": "#mesh_atlas" },
				"east": { "uv": [ 16, 14.625, 15.875, 14.75 ], "texture": "#mesh_atlas" }
			}
		},
		{
			"__comment": "Voxels",
			"from": [ 5, 15, 10 ],
			"to": [ 11, 16, 11 ],
			"faces": {
				"down": { "uv": [ 10, 9.375, 10.75, 9.5 ], "texture": "#mesh_atlas" },
				"up": { "uv": [ 10, 9.375, 10.75, 9.25 ], "texture": "#mesh_atlas" },
				"north": { "uv": [ 10.75, 9.125, 10, 9.25 ], "texture": "#mesh_atlas" },
				"south": { "uv": [ 10, 9, 10.75, 9.125 ], "texture": "#mesh_atlas" },
				"west": { "uv": [ 15.5, 14.375, 15.625, 14.5 ], "texture": "#mesh_atlas" },
				"east": { "uv": [ 15.75, 14.375, 15.625, 14.5 ], "texture": "#mesh_atlas" }
			}
		},
		{
			"__comment": "Voxels",
			"from": [ 6, 0, 4 ],
			"to": [ 10, 1, 5 ],
			"faces": {
				"down": { "uv": [ 3, 10.125, 3.5, 10.25 ], "texture": "#mesh_atlas" },
				"up": { "uv": [ 3, 10.125, 3.5, 10 ], "texture": "#mesh_atlas" },
				"north": { "uv": [ 3.5, 9.875, 3, 10 ], "texture": "#mesh_atlas" },
				"south": { "uv": [ 3, 9.75, 3.5, 9.875 ], "texture": "#mesh_atlas" },
				"west": { "uv": [ 9.75, 10.5, 9.875, 10.625 ], "texture": "#mesh_atlas" },
				"east": { "uv": [ 10, 10.5, 9.875, 10.625 ], "texture": "#mesh_atlas" }
			}
		},
		{
			"__comment": "Voxels",
			"from": [ 6, 0, 11 ],
			"to": [ 10, 1, 12 ],
			"faces": {
				"down": { "uv": [ 3, 9.625, 3.5, 9.75 ], "texture": "#mesh_atlas" },
				"up": { "uv": [ 3, 9.625, 3.5, 9.5 ], "texture": "#mesh_atlas" },
				"north": { "uv": [ 3.5, 9.125, 3, 9.25 ], "texture": "#mesh_atlas" },
				"south": { "uv": [ 3, 9, 3.5, 9.125 ], "texture": "#mesh_atlas" },
				"west": { "uv": [ 9.75, 10.125, 9.875, 10.25 ], "texture": "#mesh_atlas" },
				"east": { "uv": [ 10, 10.125, 9.875, 10.25 ], "texture": "#mesh_atlas" }
			}
		},
		{
			"__comment": "Voxels",
			"from": [ 6, 4, 0 ],
			"to": [ 10, 5, 1 ],
			"faces": {
				"down": { "uv": [ 3, 8.875, 3.5, 9 ], "texture": "#mesh_atlas" },
				"up": { "uv": [ 3, 8.875, 3.5, 8.75 ], "texture": "#mesh_atlas" },
				"north": { "uv": [ 3.5, 8.625, 3, 8.75 ], "texture": "#mesh_atlas" },
				"south": { "uv": [ 3, 8.5, 3.5, 8.625 ], "texture": "#mesh_atlas" },
				"west": { "uv": [ 9.75, 9.75, 9.875, 9.875 ], "texture": "#mesh_atlas" },
				"east": { "uv": [ 10, 9.75, 9.875, 9.875 ], "texture": "#mesh_atlas" }
			}
		},
		{
			"__comment": "Voxels",
			"from": [ 6, 4, 15 ],
			"to": [ 10, 5, 16 ],
			"faces": {
				"down": { "uv": [ 3, 8.375, 3.5, 8.5 ], "texture": "#mesh_atlas" },
				"up": { "uv": [ 3, 8.375, 3.5, 8.25 ], "texture": "#mesh_atlas" },
				"north": { "uv": [ 3.5, 8.125, 3, 8.25 ], "texture": "#mesh_atlas" },
				"south": { "uv": [ 3, 8, 3.5, 8.125 ], "texture": "#mesh_atlas" },
				"west": { "uv": [ 9.5, 9.5, 9.625, 9.625 ], "texture": "#mesh_atlas" },
				"east": { "uv": [ 9.75, 9.5, 9.625, 9.625 ], "texture": "#mesh_atlas" }
			}
		},
		{
			"__comment": "Voxels",
			"from": [ 6, 11, 0 ],
			"to": [ 10, 12, 1 ],
			"faces": {
				"down": { "uv": [ 6.75, 10.875, 7.25, 11 ], "texture": "#mesh_atlas" },
				"up": { "uv": [ 3, 10.625, 3.5, 10.5 ], "texture": "#mesh_atlas" },
				"north": { "uv": [ 7.25, 10.75, 6.75, 10.875 ], "texture": "#mesh_atlas" },
				"south": { "uv": [ 6.75, 10.625, 7.25, 10.75 ], "texture": "#mesh_atlas" },
				"west": { "uv": [ 9.75, 9.375, 9.875, 9.5 ], "texture": "#mesh_atlas" },
				"east": { "uv": [ 10, 9.375, 9.875, 9.5 ], "texture": "#mesh_atlas" }
			}
		},
		{
			"__comment": "Voxels",
			"from": [ 6, 11, 15 ],
			"to": [ 10, 12, 16 ],
			"faces": {
				"down": { "uv": [ 6.75, 10.5, 7.25, 10.625 ], "texture": "#mesh_atlas" },
				"up": { "uv": [ 6.75, 10.5, 7.25, 10.375 ], "texture": "#mesh_atlas" },
				"north": { "uv": [ 7.25, 10.25, 6.75, 10.375 ], "texture": "#mesh_atlas" },
				"south": { "uv": [ 6.75, 10.125, 7.25, 10.25 ], "texture": "#mesh_atlas" },
				"west": { "uv": [ 9.5, 9.125, 9.625, 9.25 ], "texture": "#mesh_atlas" },
				"east": { "uv": [ 9.75, 9.125, 9.625, 9.25 ], "texture": "#mesh_atlas" }
			}
		},
		{
			"__comment": "Voxels",
			"from": [ 6, 15, 4 ],
			"to": [ 10, 16, 5 ],
			"faces": {
				"down": { "uv": [ 6.75, 10, 7.25, 10.125 ], "texture": "#mesh_atlas" },
				"up": { "uv": [ 6.75, 10, 7.25, 9.875 ], "texture": "#mesh_atlas" },
				"north": { "uv": [ 7.25, 9.75, 6.75, 9.875 ], "texture": "#mesh_atlas" },
				"south": { "uv": [ 3, 11.375, 3.5, 11.5 ], "texture": "#mesh_atlas" },
				"west": { "uv": [ 9.75, 9, 9.875, 9.125 ], "texture": "#mesh_atlas" },
				"east": { "uv": [ 10, 9, 9.875, 9.125 ], "texture": "#mesh_atlas" }
			}
		},
		{
			"__comment": "Voxels",
			"from": [ 6, 15, 11 ],
			"to": [ 10, 16, 12 ],
			"faces": {
				"down": { "uv": [ 3, 11.25, 3.5, 11.375 ], "texture": "#mesh_atlas" },
				"up": { "uv": [ 3, 11.25, 3.5, 11.125 ], "texture": "#mesh_atlas" },
				"north": { "uv": [ 3.5, 11, 3, 11.125 ], "texture": "#mesh_atlas" },
				"south": { "uv": [ 3, 10.625, 3.5, 10.75 ], "texture": "#mesh_atlas" },
				"west": { "uv": [ 9.5, 8.75, 9.625, 8.875 ], "texture": "#mesh_atlas" },
				"east": { "uv": [ 9.75, 8.75, 9.625, 8.875 ], "texture": "#mesh_atlas" }
			}
		}
	],
	"display": {
		"thirdperson_righthand": {
			"scale":  [ 0.15, 0.15, 0.15 ]
		},
		"thirdperson_lefthand": {
			"scale":  [ 0.15, 0.15, 0.15 ]
		},
		"firstperson_righthand": {
			"translation":  [ 0, 2, 0 ],
			"scale":  [ 0.25, 0.25, 0.25 ]
		},
		"firstperson_lefthand": {
			"translation":  [ 0, 2, 0 ],
			"scale":  [ 0.25, 0.25, 0.25 ]
		},
		"gui": {
			"scale":  [ 0.35, 0.35, 0.35 ]
		},
		"ground": {
			"translation":  [ 0, 2, 0 ],
			"scale":  [ 0.25, 0.25, 0.25 ]
		},
		"fixed": {
			"scale":  [ 0.25, 0.25, 0.25 ]
		}
	}
}