{
	"credit": "Made with Blockbench, Pompier15 www.matrice-software.fr",
	"texture_size": [32, 32],
	"textures": {
		"0": "block/crimson_trapdoor",
		"1": "ctm/trapdoors/crimson/crimson_sides",
		"particle": "block/crimson_trapdoor"
	},
	"elements": [
		{
			"from": [0, 13, 0],
			"to": [16, 16, 2.5],
			"faces": {
				"north": {"uv": [0, 0, 16, 3], "texture": "#1"},
				"east": {"uv": [13.5, 0, 16, 3], "texture": "#1"},
				"south": {"uv": [0, 0, 16, 3], "texture": "#1"},
				"west": {"uv": [0, 0, 2.5, 3], "texture": "#1"},
				"up": {"uv": [0, 0, 16, 2.5], "texture": "#0"},
				"down": {"uv": [0, 13.5, 16, 16], "texture": "#0"}
			}
		},
		{
			"from": [0, 13, 13.5],
			"to": [16, 16, 16],
			"faces": {
				"north": {"uv": [0, 0, 16, 3], "texture": "#1"},
				"east": {"uv": [0, 0, 2.5, 3], "texture": "#1"},
				"south": {"uv": [0, 0, 16, 3], "texture": "#1"},
				"west": {"uv": [13.5, 0, 16, 3], "texture": "#1"},
				"up": {"uv": [0, 13.5, 16, 16], "texture": "#0"},
				"down": {"uv": [0, 0, 16, 2.5], "texture": "#0"}
			}
		},
		{
			"from": [0, 13, 2.5],
			"to": [2.5, 16, 13.5],
			"faces": {
				"north": {"uv": [0, 0, 1.5, 1.5], "texture": "#missing"},
				"east": {"uv": [2.5, 4, 13.5, 6.5], "texture": "#0"},
				"south": {"uv": [0, 0, 1.5, 1.5], "texture": "#missing"},
				"west": {"uv": [2.5, 0, 13.5, 3], "texture": "#1"},
				"up": {"uv": [0, 2.5, 2.5, 13.5], "texture": "#0"},
				"down": {"uv": [0, 2.5, 2.5, 13.5], "texture": "#0"}
			}
		},
		{
			"from": [13.5, 13, 2.5],
			"to": [16, 16, 13.5],
			"faces": {
				"north": {"uv": [0, 0, 1.5, 1.5], "texture": "#missing"},
				"east": {"uv": [2.5, 0, 13.5, 3], "texture": "#1"},
				"south": {"uv": [0, 0, 1.5, 1.5], "texture": "#missing"},
				"west": {"uv": [2.5, 0, 13.5, 3], "texture": "#1"},
				"up": {"uv": [13.5, 2.5, 16, 13.5], "texture": "#0"},
				"down": {"uv": [13.5, 2.5, 16, 13.5], "texture": "#0"}
			}
		},
		{
			"from": [2.5, 13, 4],
			"to": [13.5, 16, 6.5],
			"faces": {
				"north": {"uv": [2.5, 0, 13.5, 3], "texture": "#1"},
				"east": {"uv": [0, 0, 1, 1.5], "texture": "#missing"},
				"south": {"uv": [2.5, 0, 13.5, 3], "texture": "#1"},
				"west": {"uv": [0, 0, 1, 1.5], "texture": "#missing"},
				"up": {"uv": [2.5, 4, 13.5, 6.5], "texture": "#0"},
				"down": {"uv": [2.5, 4, 13.5, 6.5], "texture": "#0"}
			}
		},
		{
			"from": [2.5, 13, 9.5],
			"to": [13.5, 16, 12],
			"faces": {
				"north": {"uv": [2.5, 0, 13.5, 3], "texture": "#1"},
				"east": {"uv": [0, 0, 1, 1.5], "texture": "#missing"},
				"south": {"uv": [2.5, 0, 13.5, 3], "texture": "#1"},
				"west": {"uv": [0, 0, 1, 1.5], "texture": "#missing"},
				"up": {"uv": [2.5, 9.5, 13.5, 12], "texture": "#0"},
				"down": {"uv": [2.5, 9.5, 13.5, 12], "texture": "#0"}
			}
		}
	],
	"groups": [
		{
			"name": "group",
			"origin": [8, 8, 8],
			"color": 0,
			"children": [0, 1, 2, 3, 4, 5]
		}
	]
}