{
	"credit": "Made with Blockbench, Pompier15 www.matrice-software.fr",
	"textures": {
		"particle": "block/birch_door_bottom",
		"texture": "block/birch_door_bottom",
		"texture1": "ctm/doors/birch/front",
		"texture2": "ctm/doors/birch/side"
	},
	"elements": [
		{
			"name": "Box1",
			"from": [0.5, 0, 0],
			"to": [2.5, 16, 16],
			"faces": {
				"north": {"uv": [1, 0, 2.5, 16], "texture": "#texture"},
				"east": {"uv": [0, 0, 16, 16], "texture": "#texture"},
				"south": {"uv": [13.5, 0, 15.5, 16], "texture": "#texture2"},
				"west": {"uv": [0, 0, 16, 16], "texture": "#texture"},
				"down": {"uv": [0, 0.5, 16, 2.5], "rotation": 90, "texture": "#texture1"}
			}
		},
		{
			"name": "Box1",
			"from": [0, 0, 0],
			"to": [0.5, 12, 16],
			"faces": {
				"north": {"uv": [0, 4, 0.5, 16], "texture": "#texture"},
				"east": {"uv": [0, 0, 16, 16], "texture": "#texture"},
				"south": {"uv": [15.5, 0, 16, 16], "texture": "#texture"},
				"west": {"uv": [0, 4, 16, 16], "texture": "#texture"},
				"up": {"uv": [0, 4, 16, 4.5], "rotation": 90, "texture": "#texture"},
				"down": {"uv": [0, 2.5, 16, 3], "rotation": 90, "texture": "#texture1"}
			}
		},
		{
			"name": "Box1",
			"from": [2.5, 0, 0],
			"to": [3, 12, 16],
			"faces": {
				"north": {"uv": [0, 4, 0.5, 16], "texture": "#texture"},
				"east": {"uv": [16, 4, 0, 16], "texture": "#texture"},
				"south": {"uv": [15.5, 0, 16, 16], "texture": "#texture"},
				"west": {"uv": [0, 0, 16, 16], "texture": "#texture"},
				"up": {"uv": [16, 4, 0, 4.5], "rotation": 270, "texture": "#texture"},
				"down": {"uv": [0, 2.5, 16, 3], "rotation": 90, "texture": "#texture1"}
			}
		},
		{
			"name": "Box1",
			"from": [2.5, 12, 0],
			"to": [3, 16, 3],
			"faces": {
				"north": {"uv": [0, 0, 0.5, 4], "texture": "#texture"},
				"east": {"uv": [3, 0, 0, 4], "texture": "#texture"},
				"south": {"uv": [2.5, 0, 3, 4], "texture": "#texture"},
				"west": {"uv": [0, 0, 16, 16], "texture": "#texture"},
				"down": {"uv": [0, 2.5, 16, 3], "rotation": 90, "texture": "#texture1"}
			}
		},
		{
			"name": "Box1",
			"from": [2.5, 12, 13],
			"to": [3, 16, 16],
			"faces": {
				"north": {"uv": [13, 0, 13.5, 4], "texture": "#texture"},
				"east": {"uv": [16, 0, 13, 4], "texture": "#texture"},
				"south": {"uv": [15.5, 0, 16, 4], "texture": "#texture"},
				"west": {"uv": [0, 0, 16, 16], "texture": "#texture"},
				"down": {"uv": [0, 2.5, 16, 3], "rotation": 90, "texture": "#texture1"}
			}
		},
		{
			"name": "Box1",
			"from": [0, 12, 0],
			"to": [0.5, 16, 3],
			"faces": {
				"north": {"uv": [0, 0, 0.5, 4], "texture": "#texture"},
				"east": {"uv": [3, 0, 0, 4], "texture": "#texture"},
				"south": {"uv": [2.5, 0, 3, 4], "texture": "#texture"},
				"west": {"uv": [0, 0, 3, 4], "texture": "#texture"},
				"down": {"uv": [0, 2.5, 16, 3], "rotation": 90, "texture": "#texture1"}
			}
		},
		{
			"name": "Box1",
			"from": [0, 12, 13],
			"to": [0.5, 16, 16],
			"faces": {
				"north": {"uv": [13, 0, 13.5, 4], "texture": "#texture"},
				"east": {"uv": [3, 0, 0, 4], "texture": "#texture"},
				"south": {"uv": [15.5, 0, 16, 4], "texture": "#texture"},
				"west": {"uv": [13, 0, 16, 4], "texture": "#texture"},
				"down": {"uv": [0, 2.5, 16, 3], "rotation": 90, "texture": "#texture1"}
			}
		},
		{
			"from": [-0.25, 4, -0.25],
			"to": [1, 6, 1],
			"faces": {
				"north": {"uv": [0, 10, 0.5, 12], "texture": "#texture"},
				"east": {"uv": [1, 10, 0, 12], "texture": "#texture"},
				"south": {"uv": [0.5, 10, 1, 12], "texture": "#texture"},
				"west": {"uv": [0, 10, 1, 12], "texture": "#texture"},
				"up": {"uv": [0, 10, 1, 10.5], "texture": "#texture"},
				"down": {"uv": [0, 11.5, 1, 12], "texture": "#texture"}
			}
		},
		{
			"from": [2, 4, -0.25],
			"to": [3.25, 6, 1],
			"faces": {
				"north": {"uv": [0, 10, 0.5, 12], "texture": "#texture"},
				"east": {"uv": [1, 10, 0, 12], "texture": "#texture"},
				"south": {"uv": [0.5, 10, 1, 12], "texture": "#texture"},
				"west": {"uv": [0, 10, 1, 12], "texture": "#texture"},
				"up": {"uv": [0, 10, 1, 10.5], "texture": "#texture"},
				"down": {"uv": [0, 11.5, 1, 12], "texture": "#texture"}
			}
		},
		{
			"from": [-0.25, 15, -0.25],
			"to": [1, 16, 1],
			"faces": {
				"north": {"uv": [0, 0, 0.5, 1], "texture": "#texture"},
				"east": {"uv": [1, 0, 0, 1], "texture": "#texture"},
				"south": {"uv": [0, 0, 1, 1], "texture": "#texture"},
				"west": {"uv": [0, 0, 1, 1], "texture": "#texture"},
				"up": {"uv": [0, 0, 1, 1], "texture": "#texture"},
				"down": {"uv": [0, 0, 1, 1], "texture": "#texture"}
			}
		},
		{
			"from": [2, 15, -0.25],
			"to": [3.25, 16, 1],
			"faces": {
				"north": {"uv": [0, 0, 0.5, 1], "texture": "#texture"},
				"east": {"uv": [1, 0, 0, 1], "texture": "#texture"},
				"south": {"uv": [0, 0, 1, 1], "texture": "#texture"},
				"west": {"uv": [0, 0, 1, 1], "texture": "#texture"},
				"up": {"uv": [0, 0, 1, 1], "texture": "#texture"},
				"down": {"uv": [0, 0, 1, 1], "texture": "#texture"}
			}
		}
	],
	"groups": [
		{
			"name": "group",
			"origin": [8, 8, 8],
			"color": 0,
			"children": [0, 1, 2, 3, 4, 5, 6, 7, 8, 9, 10]
		}
	]
}