{
	"credit": "Made with Blockbench",
	"textures": {
		"0": "entity/fox/fox",
		"particle": "entity/fox/fox"
	},
	"elements": [
		{
			"from": [4, 8.75, -1],
			"to": [12, 14.75, 5],
			"rotation": {"angle": 0, "axis": "y", "origin": [0, 0, -2]},
			"faces": {
				"north": {"uv": [2.33333, 5.5, 5, 8.5], "texture": "#0"},
				"east": {"uv": [7, 5.5, 5, 8.5], "texture": "#0"},
				"south": {"uv": [7, 5.5, 9.66667, 8.5], "texture": "#0"},
				"west": {"uv": [5, 5.5, 7, 8.5], "texture": "#0"},
				"up": {"uv": [2.33333, 5.5, 5, 2.5], "texture": "#0"},
				"down": {"uv": [5, 2.5, 7.66667, 5.5], "texture": "#0"}
			}
		},
		{
			"from": [4, 14.75, 0],
			"to": [6, 16.75, 1],
			"rotation": {"angle": 0, "axis": "y", "origin": [0, 0, -2]},
			"faces": {
				"north": {"uv": [5.33333, 1, 6, 2], "texture": "#0"},
				"east": {"uv": [5, 1, 5.33333, 2], "texture": "#0"},
				"south": {"uv": [6.16667, 1, 7, 2], "texture": "#0"},
				"west": {"uv": [6, 1, 6.16667, 2], "texture": "#0"},
				"up": {"uv": [5.33333, 0.5, 6.66667, 1], "texture": "#0"},
				"down": {"uv": [0, 0, 2, 1], "texture": "#missing"}
			}
		},
		{
			"from": [10, 14.75, 0],
			"to": [12, 16.75, 1],
			"rotation": {"angle": 0, "axis": "y", "origin": [0, 0, -2]},
			"faces": {
				"north": {"uv": [3, 1, 3.66667, 2], "texture": "#0"},
				"east": {"uv": [5, 1, 5.33333, 2], "texture": "#0"},
				"south": {"uv": [6.33333, 1, 7, 2], "texture": "#0"},
				"west": {"uv": [6, 1, 6.33333, 2], "texture": "#0"},
				"up": {"uv": [5.33333, 0.5, 6, 1], "texture": "#0"},
				"down": {"uv": [0, 0, 2, 1], "texture": "#missing"}
			}
		},
		{
			"from": [6, 8.75, -4],
			"to": [10, 10.75, -1],
			"rotation": {"angle": 0, "axis": "y", "origin": [0, 0, -2]},
			"faces": {
				"north": {"uv": [3, 10.5, 4.33333, 11.5], "texture": "#0"},
				"east": {"uv": [2, 10.5, 3, 11.5], "texture": "#0"},
				"south": {"uv": [0, 0, 4, 2], "texture": "#missing"},
				"west": {"uv": [4.33333, 10.5, 5.33333, 11.5], "texture": "#0"},
				"up": {"uv": [3, 9, 4.33333, 10.5], "texture": "#0"},
				"down": {"uv": [4.33333, 9, 5.66667, 10.5], "texture": "#0"}
			}
		},
		{
			"from": [6, 6, 11],
			"to": [10, 10, 20],
			"rotation": {"angle": 22.5, "axis": "x", "origin": [0, 0, -2]},
			"faces": {
				"north": {"uv": [11.66667, 0, 13, 2.5], "texture": "#0"},
				"east": {"uv": [10, 2.5, 11.66667, 7], "rotation": 90, "texture": "#0"},
				"south": {"uv": [13, 0, 14.33333, 2.5], "texture": "#0"},
				"west": {"uv": [14.66667, 7, 13, 2.5], "rotation": 90, "texture": "#0"},
				"up": {"uv": [14.66667, 2.5, 16, 7], "texture": "#0"},
				"down": {"uv": [11.66667, 7, 13, 2.5], "texture": "#0"}
			}
		},
		{
			"from": [5, 8, -6],
			"to": [11, 14, 7],
			"rotation": {"angle": 45, "axis": "x", "origin": [0, 0, -2]},
			"faces": {
				"north": {"uv": [10, 7.5, 12, 10.5], "texture": "#0"},
				"east": {"uv": [8, 10.5, 10, 16], "rotation": 90, "texture": "#0"},
				"south": {"uv": [12, 7.5, 14, 10.5], "texture": "#0"},
				"west": {"uv": [14, 16, 12, 10.5], "rotation": 90, "texture": "#0"},
				"up": {"uv": [14, 10.5, 16, 16], "texture": "#0"},
				"down": {"uv": [10, 16, 12, 10.5], "texture": "#0"}
			}
		},
		{
			"from": [4.75, 0, 4.5],
			"to": [6.75, 5, 6.5],
			"rotation": {"angle": 0, "axis": "y", "origin": [0, 0, -2]},
			"faces": {
				"north": {"uv": [2, 13, 2.66667, 16], "texture": "#0"},
				"east": {"uv": [1.33333, 13, 2, 16], "texture": "#0"},
				"south": {"uv": [3.33333, 13, 4, 16], "texture": "#0"},
				"west": {"uv": [2.66667, 13, 3.33333, 16], "texture": "#0"},
				"up": {"uv": [2, 12, 2.66667, 13], "texture": "#0"},
				"down": {"uv": [2.66667, 12, 3.33333, 13], "texture": "#0"}
			}
		},
		{
			"from": [4.75, -4.25, 7],
			"to": [6.75, -2.25, 12],
			"rotation": {"angle": -22.5, "axis": "x", "origin": [0, 0, -2]},
			"faces": {
				"north": {"uv": [2.66667, 12, 3.33333, 13], "rotation": 180, "texture": "#0"},
				"east": {"uv": [1.33333, 13, 2, 16], "rotation": 270, "texture": "#0"},
				"south": {"uv": [2, 12, 2.66667, 13], "texture": "#0"},
				"west": {"uv": [2.66667, 13, 3.33333, 16], "rotation": 90, "texture": "#0"},
				"up": {"uv": [2, 13, 2.66667, 16], "rotation": 180, "texture": "#0"},
				"down": {"uv": [3.33333, 13, 4, 16], "texture": "#0"}
			}
		},
		{
			"from": [9.25, -4.25, 7],
			"to": [11.25, -2.25, 12],
			"rotation": {"angle": -22.5, "axis": "x", "origin": [0, 0, -2]},
			"faces": {
				"north": {"uv": [2.66667, 12, 3.33333, 13], "rotation": 180, "texture": "#0"},
				"east": {"uv": [2.66667, 13, 3.33333, 16], "rotation": 270, "texture": "#0"},
				"south": {"uv": [2, 12, 2.66667, 13], "texture": "#0"},
				"west": {"uv": [1.33333, 13, 2, 16], "rotation": 90, "texture": "#0"},
				"up": {"uv": [2, 13, 2.66667, 16], "rotation": 180, "texture": "#0"},
				"down": {"uv": [3.33333, 13, 4, 16], "texture": "#0"}
			}
		},
		{
			"from": [9.25, 0, 4.25],
			"to": [11.25, 5, 6.25],
			"rotation": {"angle": 0, "axis": "y", "origin": [0, 0, -2]},
			"faces": {
				"north": {"uv": [2.66667, 13, 2, 16], "texture": "#0"},
				"east": {"uv": [2.66667, 13, 3.33333, 16], "texture": "#0"},
				"south": {"uv": [3.33333, 13, 4, 16], "texture": "#0"},
				"west": {"uv": [1.33333, 13, 2, 16], "texture": "#0"},
				"up": {"uv": [2, 12, 2.66667, 13], "texture": "#0"},
				"down": {"uv": [2.66667, 12, 3.33333, 13], "texture": "#0"}
			}
		}
	],
	"display": {
		"thirdperson_righthand": {
			"rotation": [74.38, 8.05, -0.33],
			"translation": [1.5, 0, 17.25],
			"scale": [0.666, 0.666, 0.666]
		},
		"thirdperson_lefthand": {
			"rotation": [74.38, 8.05, -0.33],
			"translation": [1.5, 0, 17.25],
			"scale": [0.666, 0.666, 0.666]
		},
		"firstperson_righthand": {
			"translation": [4.75, 0, 2.5],
			"scale": [0.666, 0.666, 0.666]
		},
		"firstperson_lefthand": {
			"translation": [4.75, 0, 2.5],
			"scale": [0.666, 0.666, 0.666]
		},
		"ground": {
			"translation": [0, 5.25, 0]
		},
		"gui": {
			"rotation": [-180, -29, -180],
			"scale": [0.666, 0.666, 0.666]
		},
		"head": {
			"translation": [0, 13, 0]
		}
	},
	"groups": [
		{
			"name": "group",
			"origin": [8, 8, 8],
			"color": 0,
			"children": [
				{
					"name": "head",
					"origin": [0, 0, 0],
					"color": 0,
					"children": [0, 1, 2, 3]
				},
				4,
				5,
				6,
				7,
				8,
				9
			]
		}
	]
}