{
	"credit": "Made with Blockbench Pompier15 www.matrice-software.fr",
	"texture_size": [32, 32],
	"textures": {
		"0": "block/fire_coral_block",
		"2": "block/anvil",
		"3": "block/stripped_spruce_log",
		"particle": "block/fire_coral_block"
	},
	"elements": [
		{
			"from": [6.75, 5, 11],
			"to": [9.25, 7.5, 12.5],
			"rotation": {"angle": 22.5, "axis": "x", "origin": [0, 0, 0]},
			"faces": {
				"north": {"uv": [0.5, 1.5, 2.5, 3.5], "texture": "#0"},
				"east": {"uv": [9.5, 5.5, 10.5, 7.5], "texture": "#0"},
				"south": {"uv": [0.5, 1.5, 2.5, 3.5], "texture": "#0"},
				"west": {"uv": [8, 1, 9, 3], "texture": "#0"},
				"up": {"uv": [5.5, 2, 7.5, 3], "texture": "#0"},
				"down": {"uv": [4, 5.5, 6, 6.5], "texture": "#0"}
			}
		},
		{
			"from": [4.75, 2.75, -3.25],
			"to": [5, 3.25, -0.75],
			"rotation": {"angle": 22.5, "axis": "x", "origin": [0, 0, 0]},
			"faces": {
				"north": {"uv": [8, 1, 8.5, 1.5], "texture": "#0"},
				"east": {"uv": [8, 1, 8.5, 1.5], "texture": "#0"},
				"south": {"uv": [8, 1, 8.5, 1.5], "texture": "#0"},
				"west": {"uv": [8, 1, 8.5, 1.5], "texture": "#0"},
				"up": {"uv": [8, 1, 8.5, 1.5], "texture": "#0"},
				"down": {"uv": [8, 1, 8.5, 1.5], "texture": "#0"}
			}
		},
		{
			"from": [4.75, 4.25, -2.75],
			"to": [5, 4.75, -2.25],
			"rotation": {"angle": 22.5, "axis": "x", "origin": [0, 0, 0]},
			"faces": {
				"north": {"uv": [8, 1, 8.5, 1.5], "texture": "#0"},
				"east": {"uv": [8, 1, 8.5, 1.5], "texture": "#0"},
				"south": {"uv": [8, 1, 8.5, 1.5], "texture": "#0"},
				"west": {"uv": [8, 1, 8.5, 1.5], "texture": "#0"},
				"up": {"uv": [8, 1, 8.5, 1.5], "texture": "#0"},
				"down": {"uv": [8, 1, 8.5, 1.5], "texture": "#0"}
			}
		},
		{
			"from": [4.75, 4.25, -1.75],
			"to": [5, 4.75, -1.25],
			"rotation": {"angle": 22.5, "axis": "x", "origin": [0, 0, 0]},
			"faces": {
				"north": {"uv": [8, 1, 8.5, 1.5], "texture": "#0"},
				"east": {"uv": [8, 1, 8.5, 1.5], "texture": "#0"},
				"south": {"uv": [8, 1, 8.5, 1.5], "texture": "#0"},
				"west": {"uv": [8, 1, 8.5, 1.5], "texture": "#0"},
				"up": {"uv": [8, 1, 8.5, 1.5], "texture": "#0"},
				"down": {"uv": [8, 1, 8.5, 1.5], "texture": "#0"}
			}
		},
		{
			"from": [4.75, 3.25, -3.25],
			"to": [5, 4.25, -2.75],
			"rotation": {"angle": 22.5, "axis": "x", "origin": [0, 0, 0]},
			"faces": {
				"north": {"uv": [8, 1, 8.5, 1.5], "texture": "#0"},
				"east": {"uv": [8, 1, 8.5, 1.5], "texture": "#0"},
				"south": {"uv": [8, 1, 8.5, 1.5], "texture": "#0"},
				"west": {"uv": [8, 1, 8.5, 1.5], "texture": "#0"},
				"up": {"uv": [8, 1, 8.5, 1.5], "texture": "#0"},
				"down": {"uv": [8, 1, 8.5, 1.5], "texture": "#0"}
			}
		},
		{
			"from": [4.75, 3.25, -2.25],
			"to": [5, 4.25, -1.75],
			"rotation": {"angle": 22.5, "axis": "x", "origin": [0, 0, 0]},
			"faces": {
				"north": {"uv": [8, 1, 8.5, 1.5], "texture": "#0"},
				"east": {"uv": [8, 1, 8.5, 1.5], "texture": "#0"},
				"south": {"uv": [8, 1, 8.5, 1.5], "texture": "#0"},
				"west": {"uv": [8, 1, 8.5, 1.5], "texture": "#0"},
				"up": {"uv": [8, 1, 8.5, 1.5], "texture": "#0"},
				"down": {"uv": [8, 1, 8.5, 1.5], "texture": "#0"}
			}
		},
		{
			"from": [4.75, 3.25, -1.25],
			"to": [5, 4.25, -0.75],
			"rotation": {"angle": 22.5, "axis": "x", "origin": [0, 0, 0]},
			"faces": {
				"north": {"uv": [8, 1, 8.5, 1.5], "texture": "#0"},
				"east": {"uv": [8, 1, 8.5, 1.5], "texture": "#0"},
				"south": {"uv": [8, 1, 8.5, 1.5], "texture": "#0"},
				"west": {"uv": [8, 1, 8.5, 1.5], "texture": "#0"},
				"up": {"uv": [8, 1, 8.5, 1.5], "texture": "#0"},
				"down": {"uv": [8, 1, 8.5, 1.5], "texture": "#0"}
			}
		},
		{
			"from": [4.75, 5.25, -2.75],
			"to": [5, 5.75, -0.75],
			"rotation": {"angle": 22.5, "axis": "x", "origin": [0, 0, 0]},
			"faces": {
				"north": {"uv": [8, 1, 8.5, 1.5], "texture": "#0"},
				"east": {"uv": [8, 1, 8.5, 1.5], "texture": "#0"},
				"south": {"uv": [8, 1, 8.5, 1.5], "texture": "#0"},
				"west": {"uv": [8, 1, 8.5, 1.5], "texture": "#0"},
				"up": {"uv": [8, 1, 8.5, 1.5], "texture": "#0"},
				"down": {"uv": [8, 1, 8.5, 1.5], "texture": "#0"}
			}
		},
		{
			"from": [4.75, 6.75, -2.75],
			"to": [5, 7.25, -0.75],
			"rotation": {"angle": 22.5, "axis": "x", "origin": [0, 0, 0]},
			"faces": {
				"north": {"uv": [8, 1, 8.5, 1.5], "texture": "#0"},
				"east": {"uv": [8, 1, 8.5, 1.5], "texture": "#0"},
				"south": {"uv": [8, 1, 8.5, 1.5], "texture": "#0"},
				"west": {"uv": [8, 1, 8.5, 1.5], "texture": "#0"},
				"up": {"uv": [8, 1, 8.5, 1.5], "texture": "#0"},
				"down": {"uv": [8, 1, 8.5, 1.5], "texture": "#0"}
			}
		},
		{
			"from": [4.75, 5.75, -3.25],
			"to": [5, 6.75, -2.75],
			"rotation": {"angle": 22.5, "axis": "x", "origin": [0, 0, 0]},
			"faces": {
				"north": {"uv": [8, 1, 8.5, 1.5], "texture": "#0"},
				"east": {"uv": [8, 1, 8.5, 1.5], "texture": "#0"},
				"south": {"uv": [8, 1, 8.5, 1.5], "texture": "#0"},
				"west": {"uv": [8, 1, 8.5, 1.5], "texture": "#0"},
				"up": {"uv": [8, 1, 8.5, 1.5], "texture": "#0"},
				"down": {"uv": [8, 1, 8.5, 1.5], "texture": "#0"}
			}
		},
		{
			"from": [4.75, 5.75, -2.25],
			"to": [5, 6.75, -1.75],
			"rotation": {"angle": 22.5, "axis": "x", "origin": [0, 0, 0]},
			"faces": {
				"north": {"uv": [8, 1, 8.5, 1.5], "texture": "#0"},
				"east": {"uv": [8, 1, 8.5, 1.5], "texture": "#0"},
				"south": {"uv": [8, 1, 8.5, 1.5], "texture": "#0"},
				"west": {"uv": [8, 1, 8.5, 1.5], "texture": "#0"},
				"up": {"uv": [8, 1, 8.5, 1.5], "texture": "#0"},
				"down": {"uv": [8, 1, 8.5, 1.5], "texture": "#0"}
			}
		},
		{
			"from": [4.75, 7.75, -3.25],
			"to": [5, 8.25, -0.75],
			"rotation": {"angle": 22.5, "axis": "x", "origin": [0, 0, 0]},
			"faces": {
				"north": {"uv": [8, 1, 8.5, 1.5], "texture": "#0"},
				"east": {"uv": [8, 1, 8.5, 1.5], "texture": "#0"},
				"south": {"uv": [8, 1, 8.5, 1.5], "texture": "#0"},
				"west": {"uv": [8, 1, 8.5, 1.5], "texture": "#0"},
				"up": {"uv": [8, 1, 8.5, 1.5], "texture": "#0"},
				"down": {"uv": [8, 1, 8.5, 1.5], "texture": "#0"}
			}
		},
		{
			"from": [4.75, 9.75, -3.25],
			"to": [5, 10.25, -0.75],
			"rotation": {"angle": 22.5, "axis": "x", "origin": [0, 0, 0]},
			"faces": {
				"north": {"uv": [8, 1, 8.5, 1.5], "texture": "#0"},
				"east": {"uv": [8, 1, 8.5, 1.5], "texture": "#0"},
				"south": {"uv": [8, 1, 8.5, 1.5], "texture": "#0"},
				"west": {"uv": [8, 1, 8.5, 1.5], "texture": "#0"},
				"up": {"uv": [8, 1, 8.5, 1.5], "texture": "#0"},
				"down": {"uv": [8, 1, 8.5, 1.5], "texture": "#0"}
			}
		},
		{
			"from": [4.75, 8.25, -2.75],
			"to": [5, 8.75, -2.25],
			"rotation": {"angle": 22.5, "axis": "x", "origin": [0, 0, 0]},
			"faces": {
				"north": {"uv": [8, 1, 8.5, 1.5], "texture": "#0"},
				"east": {"uv": [8, 1, 8.5, 1.5], "texture": "#0"},
				"south": {"uv": [8, 1, 8.5, 1.5], "texture": "#0"},
				"west": {"uv": [8, 1, 8.5, 1.5], "texture": "#0"},
				"up": {"uv": [8, 1, 8.5, 1.5], "texture": "#0"},
				"down": {"uv": [8, 1, 8.5, 1.5], "texture": "#0"}
			}
		},
		{
			"from": [4.75, 8.75, -2.25],
			"to": [5, 9.25, -1.75],
			"rotation": {"angle": 22.5, "axis": "x", "origin": [0, 0, 0]},
			"faces": {
				"north": {"uv": [8, 1, 8.5, 1.5], "texture": "#0"},
				"east": {"uv": [8, 1, 8.5, 1.5], "texture": "#0"},
				"south": {"uv": [8, 1, 8.5, 1.5], "texture": "#0"},
				"west": {"uv": [8, 1, 8.5, 1.5], "texture": "#0"},
				"up": {"uv": [8, 1, 8.5, 1.5], "texture": "#0"},
				"down": {"uv": [8, 1, 8.5, 1.5], "texture": "#0"}
			}
		},
		{
			"from": [4.75, 9.25, -1.75],
			"to": [5, 9.75, -1.25],
			"rotation": {"angle": 22.5, "axis": "x", "origin": [0, 0, 0]},
			"faces": {
				"north": {"uv": [8, 1, 8.5, 1.5], "texture": "#0"},
				"east": {"uv": [8, 1, 8.5, 1.5], "texture": "#0"},
				"south": {"uv": [8, 1, 8.5, 1.5], "texture": "#0"},
				"west": {"uv": [8, 1, 8.5, 1.5], "texture": "#0"},
				"up": {"uv": [8, 1, 8.5, 1.5], "texture": "#0"},
				"down": {"uv": [8, 1, 8.5, 1.5], "texture": "#0"}
			}
		},
		{
			"from": [11, 9.75, -3.25],
			"to": [11.25, 10.25, -0.75],
			"rotation": {"angle": 22.5, "axis": "x", "origin": [0, 0, 0]},
			"faces": {
				"north": {"uv": [8, 1, 8.5, 1.5], "texture": "#0"},
				"east": {"uv": [8, 1, 8.5, 1.5], "texture": "#0"},
				"south": {"uv": [8, 1, 8.5, 1.5], "texture": "#0"},
				"west": {"uv": [8, 1, 8.5, 1.5], "texture": "#0"},
				"up": {"uv": [8, 1, 8.5, 1.5], "texture": "#0"},
				"down": {"uv": [8, 1, 8.5, 1.5], "texture": "#0"}
			}
		},
		{
			"from": [11, 2.75, -3.25],
			"to": [11.25, 3.25, -0.75],
			"rotation": {"angle": 22.5, "axis": "x", "origin": [0, 0, 0]},
			"faces": {
				"north": {"uv": [8, 1, 8.5, 1.5], "texture": "#0"},
				"east": {"uv": [8, 1, 8.5, 1.5], "texture": "#0"},
				"south": {"uv": [8, 1, 8.5, 1.5], "texture": "#0"},
				"west": {"uv": [8, 1, 8.5, 1.5], "texture": "#0"},
				"up": {"uv": [8, 1, 8.5, 1.5], "texture": "#0"},
				"down": {"uv": [8, 1, 8.5, 1.5], "texture": "#0"}
			}
		},
		{
			"from": [11, 4.25, -2.75],
			"to": [11.25, 4.75, -2.25],
			"rotation": {"angle": 22.5, "axis": "x", "origin": [0, 0, 0]},
			"faces": {
				"north": {"uv": [8, 1, 8.5, 1.5], "texture": "#0"},
				"east": {"uv": [8, 1, 8.5, 1.5], "texture": "#0"},
				"south": {"uv": [8, 1, 8.5, 1.5], "texture": "#0"},
				"west": {"uv": [8, 1, 8.5, 1.5], "texture": "#0"},
				"up": {"uv": [8, 1, 8.5, 1.5], "texture": "#0"},
				"down": {"uv": [8, 1, 8.5, 1.5], "texture": "#0"}
			}
		},
		{
			"from": [11, 8.25, -1.75],
			"to": [11.25, 8.75, -1.25],
			"rotation": {"angle": 22.5, "axis": "x", "origin": [0, 0, 0]},
			"faces": {
				"north": {"uv": [8, 1, 8.5, 1.5], "texture": "#0"},
				"east": {"uv": [8, 1, 8.5, 1.5], "texture": "#0"},
				"south": {"uv": [8, 1, 8.5, 1.5], "texture": "#0"},
				"west": {"uv": [8, 1, 8.5, 1.5], "texture": "#0"},
				"up": {"uv": [8, 1, 8.5, 1.5], "texture": "#0"},
				"down": {"uv": [8, 1, 8.5, 1.5], "texture": "#0"}
			}
		},
		{
			"from": [11, 8.75, -3.25],
			"to": [11.25, 9.75, -2.75],
			"rotation": {"angle": 22.5, "axis": "x", "origin": [0, 0, 0]},
			"faces": {
				"north": {"uv": [8, 1, 8.5, 1.5], "texture": "#0"},
				"east": {"uv": [8, 1, 8.5, 1.5], "texture": "#0"},
				"south": {"uv": [8, 1, 8.5, 1.5], "texture": "#0"},
				"west": {"uv": [8, 1, 8.5, 1.5], "texture": "#0"},
				"up": {"uv": [8, 1, 8.5, 1.5], "texture": "#0"},
				"down": {"uv": [8, 1, 8.5, 1.5], "texture": "#0"}
			}
		},
		{
			"from": [11, 8.75, -2.25],
			"to": [11.25, 9.75, -1.75],
			"rotation": {"angle": 22.5, "axis": "x", "origin": [0, 0, 0]},
			"faces": {
				"north": {"uv": [8, 1, 8.5, 1.5], "texture": "#0"},
				"east": {"uv": [8, 1, 8.5, 1.5], "texture": "#0"},
				"south": {"uv": [8, 1, 8.5, 1.5], "texture": "#0"},
				"west": {"uv": [8, 1, 8.5, 1.5], "texture": "#0"},
				"up": {"uv": [8, 1, 8.5, 1.5], "texture": "#0"},
				"down": {"uv": [8, 1, 8.5, 1.5], "texture": "#0"}
			}
		},
		{
			"from": [11, 8.75, -1.25],
			"to": [11.25, 9.75, -0.75],
			"rotation": {"angle": 22.5, "axis": "x", "origin": [0, 0, 0]},
			"faces": {
				"north": {"uv": [8, 1, 8.5, 1.5], "texture": "#0"},
				"east": {"uv": [8, 1, 8.5, 1.5], "texture": "#0"},
				"south": {"uv": [8, 1, 8.5, 1.5], "texture": "#0"},
				"west": {"uv": [8, 1, 8.5, 1.5], "texture": "#0"},
				"up": {"uv": [8, 1, 8.5, 1.5], "texture": "#0"},
				"down": {"uv": [8, 1, 8.5, 1.5], "texture": "#0"}
			}
		},
		{
			"from": [11, 5.75, -2.75],
			"to": [11.25, 6.25, -0.75],
			"rotation": {"angle": 22.5, "axis": "x", "origin": [0, 0, 0]},
			"faces": {
				"north": {"uv": [8, 1, 8.5, 1.5], "texture": "#0"},
				"east": {"uv": [8, 1, 8.5, 1.5], "texture": "#0"},
				"south": {"uv": [8, 1, 8.5, 1.5], "texture": "#0"},
				"west": {"uv": [8, 1, 8.5, 1.5], "texture": "#0"},
				"up": {"uv": [8, 1, 8.5, 1.5], "texture": "#0"},
				"down": {"uv": [8, 1, 8.5, 1.5], "texture": "#0"}
			}
		},
		{
			"from": [11, 7.25, -2.75],
			"to": [11.25, 7.75, -0.75],
			"rotation": {"angle": 22.5, "axis": "x", "origin": [0, 0, 0]},
			"faces": {
				"north": {"uv": [8, 1, 8.5, 1.5], "texture": "#0"},
				"east": {"uv": [8, 1, 8.5, 1.5], "texture": "#0"},
				"south": {"uv": [8, 1, 8.5, 1.5], "texture": "#0"},
				"west": {"uv": [8, 1, 8.5, 1.5], "texture": "#0"},
				"up": {"uv": [8, 1, 8.5, 1.5], "texture": "#0"},
				"down": {"uv": [8, 1, 8.5, 1.5], "texture": "#0"}
			}
		},
		{
			"from": [11, 6.25, -3.25],
			"to": [11.25, 7.25, -2.75],
			"rotation": {"angle": 22.5, "axis": "x", "origin": [0, 0, 0]},
			"faces": {
				"north": {"uv": [8, 1, 8.5, 1.5], "texture": "#0"},
				"east": {"uv": [8, 1, 8.5, 1.5], "texture": "#0"},
				"south": {"uv": [8, 1, 8.5, 1.5], "texture": "#0"},
				"west": {"uv": [8, 1, 8.5, 1.5], "texture": "#0"},
				"up": {"uv": [8, 1, 8.5, 1.5], "texture": "#0"},
				"down": {"uv": [8, 1, 8.5, 1.5], "texture": "#0"}
			}
		},
		{
			"from": [11, 6.25, -2.25],
			"to": [11.25, 7.25, -1.75],
			"rotation": {"angle": 22.5, "axis": "x", "origin": [0, 0, 0]},
			"faces": {
				"north": {"uv": [8, 1, 8.5, 1.5], "texture": "#0"},
				"east": {"uv": [8, 1, 8.5, 1.5], "texture": "#0"},
				"south": {"uv": [8, 1, 8.5, 1.5], "texture": "#0"},
				"west": {"uv": [8, 1, 8.5, 1.5], "texture": "#0"},
				"up": {"uv": [8, 1, 8.5, 1.5], "texture": "#0"},
				"down": {"uv": [8, 1, 8.5, 1.5], "texture": "#0"}
			}
		},
		{
			"from": [11, 4.75, -3.25],
			"to": [11.25, 5.25, -0.75],
			"rotation": {"angle": 22.5, "axis": "x", "origin": [0, 0, 0]},
			"faces": {
				"north": {"uv": [8, 1, 8.5, 1.5], "texture": "#0"},
				"east": {"uv": [8, 1, 8.5, 1.5], "texture": "#0"},
				"south": {"uv": [8, 1, 8.5, 1.5], "texture": "#0"},
				"west": {"uv": [8, 1, 8.5, 1.5], "texture": "#0"},
				"up": {"uv": [8, 1, 8.5, 1.5], "texture": "#0"},
				"down": {"uv": [8, 1, 8.5, 1.5], "texture": "#0"}
			}
		},
		{
			"from": [11, 8.25, -2.75],
			"to": [11.25, 8.75, -2.25],
			"rotation": {"angle": 22.5, "axis": "x", "origin": [0, 0, 0]},
			"faces": {
				"north": {"uv": [8, 1, 8.5, 1.5], "texture": "#0"},
				"east": {"uv": [8, 1, 8.5, 1.5], "texture": "#0"},
				"south": {"uv": [8, 1, 8.5, 1.5], "texture": "#0"},
				"west": {"uv": [8, 1, 8.5, 1.5], "texture": "#0"},
				"up": {"uv": [8, 1, 8.5, 1.5], "texture": "#0"},
				"down": {"uv": [8, 1, 8.5, 1.5], "texture": "#0"}
			}
		},
		{
			"from": [11, 3.75, -2.25],
			"to": [11.25, 4.25, -1.75],
			"rotation": {"angle": 22.5, "axis": "x", "origin": [0, 0, 0]},
			"faces": {
				"north": {"uv": [8, 1, 8.5, 1.5], "texture": "#0"},
				"east": {"uv": [8, 1, 8.5, 1.5], "texture": "#0"},
				"south": {"uv": [8, 1, 8.5, 1.5], "texture": "#0"},
				"west": {"uv": [8, 1, 8.5, 1.5], "texture": "#0"},
				"up": {"uv": [8, 1, 8.5, 1.5], "texture": "#0"},
				"down": {"uv": [8, 1, 8.5, 1.5], "texture": "#0"}
			}
		},
		{
			"from": [11, 3.25, -1.75],
			"to": [11.25, 3.75, -1.25],
			"rotation": {"angle": 22.5, "axis": "x", "origin": [0, 0, 0]},
			"faces": {
				"north": {"uv": [8, 1, 8.5, 1.5], "texture": "#0"},
				"east": {"uv": [8, 1, 8.5, 1.5], "texture": "#0"},
				"south": {"uv": [8, 1, 8.5, 1.5], "texture": "#0"},
				"west": {"uv": [8, 1, 8.5, 1.5], "texture": "#0"},
				"up": {"uv": [8, 1, 8.5, 1.5], "texture": "#0"},
				"down": {"uv": [8, 1, 8.5, 1.5], "texture": "#0"}
			}
		},
		{
			"from": [7, 5.25, 2],
			"to": [9, 7.25, 11],
			"rotation": {"angle": 22.5, "axis": "x", "origin": [0, 0, 0]},
			"faces": {
				"north": {"uv": [0, 2, 9, 4], "texture": "#missing"},
				"east": {"uv": [0, 4, 9, 2], "texture": "#3"},
				"south": {"uv": [0, 2, 9, 4], "texture": "#missing"},
				"west": {"uv": [0, 2, 9, 4], "texture": "#3"},
				"up": {"uv": [0, 4, 9, 2], "rotation": 90, "texture": "#3"},
				"down": {"uv": [0, 4, 9, 2], "rotation": 270, "texture": "#3"}
			}
		},
		{
			"from": [6.75, 5, 1],
			"to": [9.25, 7.5, 2.25],
			"rotation": {"angle": 22.5, "axis": "x", "origin": [0, 0, 0]},
			"faces": {
				"north": {"uv": [2, 1.5, 2.5, 1.875], "texture": "#0"},
				"east": {"uv": [2, 1.5, 2.5, 1.875], "texture": "#0"},
				"south": {"uv": [2, 1.5, 2.5, 1.875], "texture": "#0"},
				"west": {"uv": [2, 1.5, 2.5, 1.875], "texture": "#0"},
				"up": {"uv": [2, 1.5, 2.5, 1.875], "texture": "#0"},
				"down": {"uv": [2, 1.5, 2.5, 1.875], "texture": "#0"}
			}
		},
		{
			"from": [7, 5.5, 2],
			"to": [9, 7.5, 3],
			"faces": {
				"north": {"uv": [0, 0, 2, 2], "texture": "#missing"},
				"east": {"uv": [0, 0, 1, 2], "texture": "#missing"},
				"south": {"uv": [0, 0, 2, 2], "texture": "#missing"},
				"west": {"uv": [0, 0, 1, 2], "texture": "#missing"},
				"up": {"uv": [0, 0, 2, 1], "texture": "#missing"},
				"down": {"uv": [0, 0, 2, 1], "texture": "#missing"}
			}
		},
		{
			"from": [6, 2, -4],
			"to": [10, 11, 0],
			"rotation": {"angle": 22.5, "axis": "x", "origin": [0, 0, 0]},
			"faces": {
				"north": {"uv": [0, 0, 4, 9], "texture": "#2"},
				"east": {"uv": [0, 0, 4, 9], "texture": "#2"},
				"south": {"uv": [0, 0, 4, 9], "texture": "#2"},
				"west": {"uv": [0, 0, 4, 9], "texture": "#2"},
				"up": {"uv": [4, 4, 12, 12], "texture": "#2"},
				"down": {"uv": [12, 12, 4, 4], "texture": "#2"}
			}
		},
		{
			"from": [5, 2, -3.5],
			"to": [6, 11, -0.5],
			"rotation": {"angle": 22.5, "axis": "x", "origin": [0, 0, 0]},
			"faces": {
				"north": {"uv": [14, 10, 16, 16], "texture": "#2"},
				"east": {"uv": [0, 0, 3, 9], "texture": "#2"},
				"south": {"uv": [0, 0, 2, 9], "texture": "#2"},
				"west": {"uv": [0, 0, 3, 9], "texture": "#2"},
				"up": {"uv": [1.5, 4.5, 3.5, 10.5], "texture": "#2"},
				"down": {"uv": [1.5, 10.5, 3.5, 4.5], "texture": "#2"}
			}
		},
		{
			"from": [6.5, 2, -5],
			"to": [9.5, 11, -4],
			"rotation": {"angle": 22.5, "axis": "x", "origin": [0, 0, 0]},
			"faces": {
				"north": {"uv": [0, 0, 3, 9], "texture": "#2"},
				"east": {"uv": [0, 0, 2, 9], "texture": "#2"},
				"south": {"uv": [0, 0, 3, 9], "texture": "#2"},
				"west": {"uv": [0, 0, 2, 9], "texture": "#2"},
				"up": {"uv": [5, 2, 11, 4], "texture": "#2"},
				"down": {"uv": [11, 4, 5, 2], "texture": "#2"}
			}
		},
		{
			"from": [6.5, 2, 0],
			"to": [9.5, 11, 1],
			"rotation": {"angle": 22.5, "axis": "x", "origin": [0, 0, 0]},
			"faces": {
				"north": {"uv": [0, 0, 3, 9], "texture": "#2"},
				"east": {"uv": [0, 0, 3, 9], "texture": "#2"},
				"south": {"uv": [0, 0, 3, 9], "texture": "#2"},
				"west": {"uv": [0, 0, 3, 9], "texture": "#2"},
				"up": {"uv": [5, 12, 11, 14], "texture": "#2"},
				"down": {"uv": [5, 14, 11, 12], "texture": "#2"}
			}
		},
		{
			"from": [10, 2, -3.5],
			"to": [11, 11, -0.5],
			"rotation": {"angle": 22.5, "axis": "x", "origin": [0, 0, 0]},
			"faces": {
				"north": {"uv": [12, 5, 14, 11], "texture": "#2"},
				"east": {"uv": [0, 0, 3, 9], "texture": "#2"},
				"south": {"uv": [0, 0, 3, 9], "texture": "#2"},
				"west": {"uv": [0, 0, 3, 9], "texture": "#2"},
				"up": {"uv": [12, 5, 14, 11], "texture": "#2"},
				"down": {"uv": [14, 11, 12, 5], "texture": "#2"}
			}
		}
	],
	"display": {
		"thirdperson_righthand": {
			"rotation": [67, 0, 0],
			"translation": [0, 1.75, 5.75]
		},
		"thirdperson_lefthand": {
			"rotation": [67, 0, 0],
			"translation": [0, 1.75, 5.75]
		},
		"firstperson_righthand": {
			"rotation": [45, 0, 0],
			"translation": [9, -2.25, 0]
		},
		"firstperson_lefthand": {
			"rotation": [45, 0, 0],
			"translation": [9, -2.25, 0]
		},
		"ground": {
			"translation": [0, 4, 0]
		},
		"gui": {
			"rotation": [90, 65.5, -57],
			"translation": [3.5, 0.75, 0],
			"scale": [0.9, 0.9, 0.9]
		},
		"head": {
			"rotation": [-90, 31.25, 90],
			"translation": [3.5, 17.25, 0]
		},
		"fixed": {
			"rotation": [90, 56, -88],
			"translation": [4.75, 1.25, 0]
		}
	}
}