{
	"credit": "Made with Blockbench",
	"textures": {
		"0": "./chicken",
		"particle": "./chicken"
	},
	"elements": [
		{
			"from": [2, 0, 5],
			"to": [6, 0.5, 6],
			"faces": {
				"north": {"uv": [9, 2, 9.25, 2.5], "texture": "#0"},
				"east": {"uv": [5, 0.25, 6, 0.75], "texture": "#0"},
				"south": {"uv": [9, 2, 9.25, 2.5], "texture": "#0"},
				"west": {"uv": [5, 0.25, 6, 0.75], "texture": "#0"},
				"up": {"uv": [9, 1.59375, 9.25, 1.875], "texture": "#0"},
				"down": {"uv": [9, 2.625, 9.25, 3.625], "texture": "#0"}
			}
		},
		{
			"from": [4.75, 0, 6],
			"to": [5.25, 0.5, 6.5],
			"faces": {
				"north": {"uv": [9, 2, 9.25, 2.5], "texture": "#0"},
				"east": {"uv": [9, 2, 9.25, 2.5], "texture": "#0"},
				"south": {"uv": [9, 2, 9.25, 2.5], "texture": "#0"},
				"west": {"uv": [9, 2, 9.25, 2.5], "texture": "#0"},
				"up": {"uv": [9, 2, 9.25, 2.5], "texture": "#0"},
				"down": {"uv": [9, 2, 9.25, 2.5], "texture": "#0"}
			}
		},
		{
			"from": [2.75, 0, 6],
			"to": [3.25, 0.5, 6.5],
			"faces": {
				"north": {"uv": [9, 1.5, 9.25, 2], "texture": "#0"},
				"east": {"uv": [9, 1.5, 9.25, 2], "texture": "#0"},
				"south": {"uv": [9, 1.5, 9.25, 2], "texture": "#0"},
				"west": {"uv": [9, 1.5, 9.25, 2], "texture": "#0"},
				"up": {"uv": [9, 1.5, 9.25, 2], "texture": "#0"},
				"down": {"uv": [9, 1.5, 9.25, 2], "texture": "#0"}
			}
		},
		{
			"from": [4.75, 0, 6.5],
			"to": [5.25, 2.5, 7],
			"faces": {
				"north": {"uv": [9, 1.5, 9.25, 4], "texture": "#0"},
				"east": {"uv": [9, 1.5, 9.25, 4], "texture": "#0"},
				"south": {"uv": [9, 1.5, 9.25, 4], "texture": "#0"},
				"west": {"uv": [9, 1.5, 9.25, 4], "texture": "#0"},
				"up": {"uv": [9, 1.5, 9.25, 4], "texture": "#0"},
				"down": {"uv": [9, 1.5, 9.25, 1.75], "texture": "#0"}
			}
		},
		{
			"from": [2.75, 0, 6.5],
			"to": [3.25, 2.5, 7],
			"faces": {
				"north": {"uv": [9, 1.5, 9.25, 4], "texture": "#0"},
				"east": {"uv": [9, 1.5, 9.25, 4], "texture": "#0"},
				"south": {"uv": [9, 1.5, 9.25, 4], "texture": "#0"},
				"west": {"uv": [9, 1.5, 9.25, 4], "texture": "#0"},
				"up": {"uv": [9, 1.5, 9.25, 4], "texture": "#0"},
				"down": {"uv": [9, 1.5, 9.25, 1.875], "texture": "#0"}
			}
		},
		{
			"from": [2.25, 2.5, 4.5],
			"to": [5.75, 5.5, 9],
			"faces": {
				"north": {"uv": [1.5, 8.5, 5, 11.5], "texture": "#0"},
				"east": {"uv": [1.5, 8.5, 5, 11.5], "texture": "#0"},
				"south": {"uv": [1.5, 8.5, 5, 11.5], "texture": "#0"},
				"west": {"uv": [1.5, 8.5, 5, 11.5], "texture": "#0"},
				"up": {"uv": [1.5, 8.5, 5, 11.5], "texture": "#0"},
				"down": {"uv": [1.5, 8.5, 5, 11.5], "texture": "#0"}
			}
		},
		{
			"from": [1.75, 3.5, 5.25],
			"to": [2.25, 5.5, 8.5],
			"faces": {
				"north": {"uv": [1.5, 7.5, 4.5, 9.5], "texture": "#0"},
				"east": {"uv": [1.5, 7.5, 4.5, 9.5], "texture": "#0"},
				"south": {"uv": [1.5, 7.5, 4.5, 9.5], "texture": "#0"},
				"west": {"uv": [1.5, 7.5, 4.5, 9.5], "texture": "#0"},
				"up": {"uv": [1.5, 7.5, 4.5, 9.5], "texture": "#0"},
				"down": {"uv": [1.5, 7.5, 4.5, 9.5], "texture": "#0"}
			}
		},
		{
			"from": [5.75, 3.5, 5.25],
			"to": [6.25, 5.5, 8.5],
			"faces": {
				"north": {"uv": [1.5, 8.375, 4.5, 9.5], "texture": "#0"},
				"east": {"uv": [1.5, 7.5, 4.5, 9.5], "texture": "#0"},
				"south": {"uv": [1.5, 7.5, 4.5, 9.5], "texture": "#0"},
				"west": {"uv": [1.5, 7.5, 4.5, 9.5], "texture": "#0"},
				"up": {"uv": [1.5, 7.5, 4.5, 9.5], "texture": "#0"},
				"down": {"uv": [1.5, 7.5, 4.5, 9.5], "texture": "#0"}
			}
		},
		{
			"from": [2, 5, 3.25],
			"to": [6, 10, 6.25],
			"faces": {
				"north": {"uv": [0.625, 1.5, 1.875, 4.5], "texture": "#0"},
				"east": {"uv": [2.375, 1.5, 3.5, 4.5], "texture": "#0"},
				"south": {"uv": [2.5, 1.5, 3.5, 4.5], "texture": "#0"},
				"west": {"uv": [2.375, 1.5, 3.5, 4.5], "texture": "#0"},
				"up": {"uv": [0.75, 0, 1.75, 1.5], "texture": "#0"},
				"down": {"uv": [0.75, 0, 1.75, 1.5], "texture": "#0"}
			}
		},
		{
			"from": [2, 6.5, 1.25],
			"to": [6, 8, 3.25],
			"faces": {
				"north": {"uv": [3.5, 1, 5.5, 2], "texture": "#0"},
				"east": {"uv": [5, 0, 6, 1], "texture": "#0"},
				"south": {"uv": [0, 0, 4, 1.5], "texture": "#missing"},
				"west": {"uv": [5.5, 1, 6.5, 2], "texture": "#0"},
				"up": {"uv": [4, 0, 5, 1], "texture": "#0"},
				"down": {"uv": [5.5, 1, 6.5, 2], "texture": "#0"}
			}
		},
		{
			"from": [3, 5, 2.25],
			"to": [5, 6.5, 3.25],
			"faces": {
				"north": {"uv": [4, 2, 5, 2.96875], "texture": "#0"},
				"east": {"uv": [4, 2, 5, 2.96875], "texture": "#0"},
				"south": {"uv": [4, 2, 5, 2.96875], "texture": "#0"},
				"west": {"uv": [4, 2, 5, 2.96875], "texture": "#0"},
				"up": {"uv": [4, 2, 5, 2.96875], "texture": "#0"},
				"down": {"uv": [4, 2, 5, 2.96875], "texture": "#0"}
			}
		}
	],
	"display": {
		"thirdperson_righthand": {
			"rotation": [64.75, 0, 0],
			"translation": [4, -0.75, 18.5],
			"scale": [0.77344, 0.77344, 0.77344]
		},
		"thirdperson_lefthand": {
			"rotation": [63.25, 0, 0],
			"translation": [-2.25, 0, 18.25],
			"scale": [0.777, 0.777, 0.777]
		},
		"firstperson_righthand": {
			"translation": [8.75, 5, 1.25],
			"scale": [0.777, 0.777, 0.777]
		},
		"firstperson_lefthand": {
			"translation": [0, 5.5, 1.75],
			"scale": [0.777, 0.777, 0.77]
		},
		"ground": {
			"translation": [4, 3.75, -0.25]
		},
		"gui": {
			"rotation": [-180, -29, -180],
			"translation": [-3.5, 2.75, 0]
		},
		"head": {
			"translation": [3.75, 14.5, 1.25]
		},
		"fixed": {
			"translation": [3.75, 4, 0]
		}
	},
	"groups": [
		{
			"name": "group",
			"origin": [8, 8, 8],
			"color": 0,
			"children": [0, 1, 2, 3, 4, 5, 6, 7, 8, 9, 10]
		}
	]
}