{
	"credit": "Made with Blockbench",
	"textures": {
		"0": "./coalchan",
		"particle": "./coalchan"
	},
	"elements": [
		{
			"from": [4, 0, 4],
			"to": [12, 8, 12],
			"faces": {
				"north": {"uv": [2, 2, 4, 4], "texture": "#0"},
				"east": {"uv": [6, 2, 8, 4], "texture": "#0"},
				"south": {"uv": [4, 2, 6, 4], "texture": "#0"},
				"west": {"uv": [0, 2, 2, 4], "texture": "#0"},
				"up": {"uv": [2, 0, 4, 2], "texture": "#0"},
				"down": {"uv": [4, 0, 6, 2], "texture": "#0"}
			}
		},
		{
			"from": [7, 0, 3.75],
			"to": [9, 1, 4],
			"faces": {
				"north": {"uv": [2.75, 3.75, 3.25, 4], "texture": "#0"},
				"east": {"uv": [2.75, 3.75, 3.25, 4], "texture": "#0"},
				"south": {"uv": [2.75, 3.75, 3.25, 4], "texture": "#0"},
				"west": {"uv": [2.75, 3.75, 3.25, 4], "texture": "#0"},
				"up": {"uv": [2.75, 3.75, 3.25, 4], "texture": "#0"},
				"down": {"uv": [2.75, 3.75, 3.25, 4], "texture": "#0"}
			}
		},
		{
			"from": [10, 2, 3.75],
			"to": [12, 3, 4],
			"faces": {
				"north": {"uv": [2, 3.25, 2.5, 3.5], "texture": "#0"},
				"east": {"uv": [2, 3.25, 2.5, 3.5], "texture": "#0"},
				"south": {"uv": [2, 3.25, 2.5, 3.5], "texture": "#0"},
				"west": {"uv": [2, 3.25, 2.5, 3.5], "texture": "#0"},
				"up": {"uv": [2, 3.25, 2.5, 3.5], "texture": "#0"},
				"down": {"uv": [2, 3.25, 2.5, 3.5], "texture": "#0"}
			}
		},
		{
			"from": [4, 2, 3.75],
			"to": [6, 3, 4],
			"faces": {
				"north": {"uv": [3.5, 3.25, 4, 3.5], "texture": "#0"},
				"east": {"uv": [3.5, 3.25, 4, 3.5], "texture": "#0"},
				"south": {"uv": [3.5, 3.25, 4, 3.5], "texture": "#0"},
				"west": {"uv": [3.5, 3.25, 4, 3.5], "texture": "#0"},
				"up": {"uv": [3.5, 3.25, 4, 3.5], "texture": "#0"},
				"down": {"uv": [3.5, 3.25, 4, 3.5], "texture": "#0"}
			}
		},
		{
			"from": [5, 7, 3.75],
			"to": [7, 8, 4],
			"faces": {
				"north": {"uv": [3.25, 2, 3.75, 2.25], "texture": "#0"},
				"east": {"uv": [3.25, 2, 3.75, 2.25], "texture": "#0"},
				"south": {"uv": [3.25, 2, 3.75, 2.25], "texture": "#0"},
				"west": {"uv": [3.25, 2, 3.75, 2.25], "texture": "#0"},
				"up": {"uv": [3.25, 2, 3.75, 2.25], "texture": "#0"},
				"down": {"uv": [3.25, 2, 3.75, 2.25], "texture": "#0"}
			}
		},
		{
			"from": [9, 7, 3.75],
			"to": [11, 8, 4],
			"faces": {
				"north": {"uv": [2.25, 2, 2.75, 2.25], "texture": "#0"},
				"east": {"uv": [2.25, 2, 2.75, 2.25], "texture": "#0"},
				"south": {"uv": [2.25, 2, 2.75, 2.25], "texture": "#0"},
				"west": {"uv": [2.25, 2, 2.75, 2.25], "texture": "#0"},
				"up": {"uv": [2.25, 2, 2.75, 2.25], "texture": "#0"},
				"down": {"uv": [2.25, 2, 2.75, 2.25], "texture": "#0"}
			}
		},
		{
			"from": [11, 5, 3.75],
			"to": [12, 7, 4],
			"faces": {
				"north": {"uv": [2, 2.25, 2.25, 2.75], "texture": "#0"},
				"east": {"uv": [2, 2.25, 2.25, 2.75], "texture": "#0"},
				"south": {"uv": [2, 2.25, 2.25, 2.75], "texture": "#0"},
				"west": {"uv": [2, 2.25, 2.25, 2.75], "texture": "#0"},
				"up": {"uv": [2, 2.25, 2.25, 2.75], "texture": "#0"},
				"down": {"uv": [2, 2.25, 2.25, 2.75], "texture": "#0"}
			}
		},
		{
			"from": [4, 5, 3.75],
			"to": [5, 7, 4],
			"faces": {
				"north": {"uv": [3.75, 2.25, 4, 2.75], "texture": "#0"},
				"east": {"uv": [3.75, 2.25, 4, 2.75], "texture": "#0"},
				"south": {"uv": [3.75, 2.25, 4, 2.75], "texture": "#0"},
				"west": {"uv": [3.75, 2.25, 4, 2.75], "texture": "#0"},
				"up": {"uv": [3.75, 2.25, 4, 2.75], "texture": "#0"},
				"down": {"uv": [3.75, 2.25, 4, 2.75], "texture": "#0"}
			}
		}
	],
	"display": {
		"thirdperson_righthand": {
			"rotation": [62, 0, 0],
			"translation": [0.5, 1.75, 15],
			"scale": [0.5, 0.5, 0.5]
		},
		"thirdperson_lefthand": {
			"rotation": [62, 0, 0],
			"translation": [0.5, 1.75, 15],
			"scale": [0.5, 0.5, 0.5]
		},
		"firstperson_righthand": {
			"rotation": [0, 90, 0],
			"translation": [7.75, 4, -1.75],
			"scale": [0.666, 0.666, 0.66]
		},
		"firstperson_lefthand": {
			"rotation": [0, 90, 0],
			"translation": [7.75, 4, -1.75],
			"scale": [0.666, 0.666, 0.666]
		},
		"ground": {
			"translation": [0, 4.5, 0]
		},
		"gui": {
			"rotation": [-180, -29, -180],
			"translation": [0, 3.25, 0]
		},
		"head": {
			"translation": [0, 11.75, 0],
			"scale": [0.666, 0.666, 0.666]
		},
		"fixed": {
			"translation": [0, 4, 0]
		}
	},
	"groups": [
		{
			"name": "group",
			"origin": [8, 8, 8],
			"color": 0,
			"children": [0]
		},
		1,
		2,
		3,
		4,
		5,
		6,
		7
	]
}