{
	"credit": "Made with Blockbench, Pompier15 www.matrice-software.fr",
	"textures": {
		"0": "./mona_wooden_axe",
		"particle": "./mona_wooden_axe"
	},
	"elements": [
		{
			"from": [8, 0, 4.5],
			"to": [9, 2, 5],
			"rotation": {"angle": 0, "axis": "y", "origin": [8.5, 0, 9]},
			"faces": {
				"north": {"uv": [7.5, 6, 8.5, 6.5], "texture": "#0"},
				"east": {"uv": [2.5, 13, 3, 15], "texture": "#0"},
				"south": {"uv": [0, 0, 1, 2], "texture": "#missing"},
				"west": {"uv": [2.5, 13, 3, 15], "texture": "#0"},
				"up": {"uv": [7.5, 6, 8.5, 6.5], "rotation": 180, "texture": "#0"},
				"down": {"uv": [10, 1, 11, 1.5], "rotation": 180, "texture": "#0"}
			}
		},
		{
			"from": [8, 0.5, 4],
			"to": [9, 1.5, 4.5],
			"rotation": {"angle": 0, "axis": "y", "origin": [8.5, 0, 9]},
			"faces": {
				"north": {"uv": [2, 13.5, 2.5, 14.5], "texture": "#0"},
				"east": {"uv": [2, 13.5, 2.5, 14.5], "texture": "#0"},
				"south": {"uv": [0, 0, 1, 1], "texture": "#missing"},
				"west": {"uv": [2, 13.5, 2.5, 14.5], "texture": "#0"},
				"up": {"uv": [7.5, 6, 8.5, 6.5], "rotation": 180, "texture": "#0"},
				"down": {"uv": [7.5, 6, 8.5, 6.5], "rotation": 180, "texture": "#0"}
			}
		},
		{
			"from": [8, 0, 5],
			"to": [9, 2.5, 5.5],
			"rotation": {"angle": 0, "axis": "y", "origin": [8.5, 0, 9]},
			"faces": {
				"north": {"uv": [7.5, 6, 8.5, 6.5], "texture": "#0"},
				"east": {"uv": [3, 12.5, 3.5, 15], "texture": "#0"},
				"south": {"uv": [11, 1.5, 11.5, 4], "texture": "#0"},
				"west": {"uv": [3, 12.5, 3.5, 15], "texture": "#0"},
				"up": {"uv": [10, 1, 11, 1.5], "rotation": 180, "texture": "#0"},
				"down": {"uv": [10, 1, 11, 1.5], "rotation": 180, "texture": "#0"}
			}
		},
		{
			"from": [8, 0.5, 5.5],
			"to": [9, 3, 6],
			"rotation": {"angle": 0, "axis": "y", "origin": [8.5, 0, 9]},
			"faces": {
				"north": {"uv": [7, 4, 8, 4.5], "texture": "#0"},
				"east": {"uv": [3.5, 12, 4, 14.5], "texture": "#0"},
				"south": {"uv": [11, 1.5, 11.5, 4], "texture": "#0"},
				"west": {"uv": [3.5, 12, 4, 14.5], "texture": "#0"},
				"up": {"uv": [10, 1, 11, 1.5], "rotation": 180, "texture": "#0"},
				"down": {"uv": [10, 1, 11, 1.5], "rotation": 180, "texture": "#0"}
			}
		},
		{
			"from": [8, 1, 6],
			"to": [9, 3.5, 6.5],
			"rotation": {"angle": 0, "axis": "y", "origin": [8.5, 0, 9]},
			"faces": {
				"north": {"uv": [7.5, 6, 8.5, 6.5], "texture": "#0"},
				"east": {"uv": [4, 11.5, 4.5, 14], "texture": "#0"},
				"south": {"uv": [11, 1.5, 11.5, 4], "texture": "#0"},
				"west": {"uv": [4, 11.5, 4.5, 14], "texture": "#0"},
				"up": {"uv": [10, 1, 11, 1.5], "rotation": 180, "texture": "#0"},
				"down": {"uv": [10, 1, 11, 1.5], "rotation": 180, "texture": "#0"}
			}
		},
		{
			"from": [8, 1.5, 6.5],
			"to": [9, 4, 7],
			"rotation": {"angle": 0, "axis": "y", "origin": [8.5, 0, 9]},
			"faces": {
				"north": {"uv": [7.5, 6, 8.5, 6.5], "texture": "#0"},
				"east": {"uv": [4.5, 11, 5, 13.5], "texture": "#0"},
				"south": {"uv": [11, 1.5, 11.5, 4], "texture": "#0"},
				"west": {"uv": [4.5, 11, 5, 13.5], "texture": "#0"},
				"up": {"uv": [10, 1, 11, 1.5], "rotation": 180, "texture": "#0"},
				"down": {"uv": [10, 1, 11, 1.5], "rotation": 180, "texture": "#0"}
			}
		},
		{
			"from": [8, 2, 7],
			"to": [9, 4.5, 7.5],
			"rotation": {"angle": 0, "axis": "y", "origin": [8.5, 0, 9]},
			"faces": {
				"north": {"uv": [7.5, 6, 8.5, 6.5], "texture": "#0"},
				"east": {"uv": [5, 10.5, 5.5, 13], "texture": "#0"},
				"south": {"uv": [11, 1.5, 11.5, 4], "texture": "#0"},
				"west": {"uv": [5, 10.5, 5.5, 13], "texture": "#0"},
				"up": {"uv": [10, 1, 11, 1.5], "rotation": 180, "texture": "#0"},
				"down": {"uv": [10, 1, 11, 1.5], "rotation": 180, "texture": "#0"}
			}
		},
		{
			"from": [8, 2.5, 7.5],
			"to": [9, 5, 8],
			"rotation": {"angle": 0, "axis": "y", "origin": [8.5, 0, 9]},
			"faces": {
				"north": {"uv": [7.5, 6, 8.5, 6.5], "texture": "#0"},
				"east": {"uv": [5.5, 10, 6, 12.5], "texture": "#0"},
				"south": {"uv": [11, 1.5, 11.5, 4], "texture": "#0"},
				"west": {"uv": [5.5, 10, 6, 12.5], "texture": "#0"},
				"up": {"uv": [10, 1, 11, 1.5], "rotation": 180, "texture": "#0"},
				"down": {"uv": [10, 1, 11, 1.5], "rotation": 180, "texture": "#0"}
			}
		},
		{
			"from": [8, 3, 8],
			"to": [9, 5.5, 8.5],
			"rotation": {"angle": 0, "axis": "y", "origin": [8.5, 0, 9]},
			"faces": {
				"north": {"uv": [7.5, 6, 8.5, 6.5], "texture": "#0"},
				"east": {"uv": [6, 9.5, 6.5, 12], "texture": "#0"},
				"south": {"uv": [11, 1.5, 11.5, 4], "texture": "#0"},
				"west": {"uv": [6, 9.5, 6.5, 12], "texture": "#0"},
				"up": {"uv": [10, 1, 11, 1.5], "rotation": 180, "texture": "#0"},
				"down": {"uv": [10, 1, 11, 1.5], "rotation": 180, "texture": "#0"}
			}
		},
		{
			"from": [8, 3.5, 8.5],
			"to": [9, 6, 9],
			"rotation": {"angle": 0, "axis": "y", "origin": [8.5, 0, 9]},
			"faces": {
				"north": {"uv": [7.5, 6, 8.5, 6.5], "texture": "#0"},
				"east": {"uv": [6.5, 9, 7, 11.5], "texture": "#0"},
				"south": {"uv": [11, 1.5, 11.5, 4], "texture": "#0"},
				"west": {"uv": [6.5, 9, 7, 11.5], "texture": "#0"},
				"up": {"uv": [10, 1, 11, 1.5], "rotation": 180, "texture": "#0"},
				"down": {"uv": [10, 1, 11, 1.5], "rotation": 180, "texture": "#0"}
			}
		},
		{
			"from": [8, 4, 9],
			"to": [9, 6.5, 9.5],
			"rotation": {"angle": 0, "axis": "y", "origin": [8.5, 0, 9]},
			"faces": {
				"north": {"uv": [7.5, 6, 8.5, 6.5], "texture": "#0"},
				"east": {"uv": [7, 8.5, 7.5, 11], "texture": "#0"},
				"south": {"uv": [11, 1.5, 11.5, 4], "texture": "#0"},
				"west": {"uv": [7, 8.5, 7.5, 11], "texture": "#0"},
				"up": {"uv": [10, 1, 11, 1.5], "rotation": 180, "texture": "#0"},
				"down": {"uv": [10, 1, 11, 1.5], "rotation": 180, "texture": "#0"}
			}
		},
		{
			"from": [8, 4.5, 9.5],
			"to": [9, 7, 10],
			"rotation": {"angle": 0, "axis": "y", "origin": [8.5, 0, 9]},
			"faces": {
				"north": {"uv": [7.5, 6, 8.5, 6.5], "texture": "#0"},
				"east": {"uv": [7.5, 8, 8, 10.5], "texture": "#0"},
				"south": {"uv": [11, 1.5, 11.5, 4], "texture": "#0"},
				"west": {"uv": [7.5, 8, 8, 10.5], "texture": "#0"},
				"up": {"uv": [10, 1, 11, 1.5], "rotation": 180, "texture": "#0"},
				"down": {"uv": [10, 1, 11, 1.5], "rotation": 180, "texture": "#0"}
			}
		},
		{
			"from": [8, 5, 10],
			"to": [9, 7.5, 10.5],
			"rotation": {"angle": 0, "axis": "y", "origin": [8.5, 0, 9]},
			"faces": {
				"north": {"uv": [7.5, 6, 8.5, 6.5], "texture": "#0"},
				"east": {"uv": [8, 7.5, 8.5, 10], "texture": "#0"},
				"south": {"uv": [11, 1.5, 11.5, 4], "texture": "#0"},
				"west": {"uv": [8, 7.5, 8.5, 10], "texture": "#0"},
				"up": {"uv": [10, 1, 11, 1.5], "rotation": 180, "texture": "#0"},
				"down": {"uv": [10, 1, 11, 1.5], "rotation": 180, "texture": "#0"}
			}
		},
		{
			"from": [8, 5.5, 10.5],
			"to": [9, 8, 11],
			"rotation": {"angle": 0, "axis": "y", "origin": [8.5, 0, 9]},
			"faces": {
				"north": {"uv": [7.5, 6, 8.5, 6.5], "texture": "#0"},
				"east": {"uv": [8.5, 7, 9, 9.5], "texture": "#0"},
				"south": {"uv": [11, 1.5, 11.5, 4], "texture": "#0"},
				"west": {"uv": [8.5, 7, 9, 9.5], "texture": "#0"},
				"up": {"uv": [10, 1, 11, 1.5], "rotation": 180, "texture": "#0"},
				"down": {"uv": [10, 1, 11, 1.5], "rotation": 180, "texture": "#0"}
			}
		},
		{
			"from": [8, 6, 11],
			"to": [9, 8.5, 11.5],
			"rotation": {"angle": 0, "axis": "y", "origin": [8.5, 0, 9]},
			"faces": {
				"north": {"uv": [7.5, 6, 8.5, 6.5], "texture": "#0"},
				"east": {"uv": [9, 6.5, 9.5, 9], "texture": "#0"},
				"south": {"uv": [11, 1.5, 11.5, 4], "texture": "#0"},
				"west": {"uv": [9, 6.5, 9.5, 9], "texture": "#0"},
				"up": {"uv": [0, 0, 1, 0.5], "rotation": 180, "texture": "#missing"},
				"down": {"uv": [10, 1, 11, 1.5], "rotation": 180, "texture": "#0"}
			}
		},
		{
			"from": [8, 6.5, 11.5],
			"to": [9, 8.5, 12],
			"rotation": {"angle": 0, "axis": "y", "origin": [8.5, 0, 9]},
			"faces": {
				"north": {"uv": [0, 0, 1, 2.5], "texture": "#missing"},
				"east": {"uv": [9.5, 6.5, 10, 8.5], "texture": "#0"},
				"south": {"uv": [11, 1.5, 11.5, 4], "texture": "#0"},
				"west": {"uv": [9.5, 6.5, 10, 8.5], "texture": "#0"},
				"up": {"uv": [0, 0, 1, 0.5], "rotation": 180, "texture": "#missing"},
				"down": {"uv": [10, 1, 11, 1.5], "rotation": 180, "texture": "#0"}
			}
		},
		{
			"from": [8, 8, 12],
			"to": [9, 9, 15],
			"rotation": {"angle": 0, "axis": "y", "origin": [8.5, 0, 9]},
			"faces": {
				"north": {"uv": [0, 0, 1, 1], "texture": "#missing"},
				"east": {"uv": [13, 6, 10, 7], "texture": "#0"},
				"south": {"uv": [11, 1.5, 11.5, 2.5], "texture": "#0"},
				"west": {"uv": [10, 6, 13, 7], "texture": "#0"},
				"up": {"uv": [11, 1.5, 11.5, 5], "rotation": 180, "texture": "#0"},
				"down": {"uv": [0, 0, 1, 3.5], "rotation": 180, "texture": "#missing"}
			}
		},
		{
			"from": [8, 9, 13],
			"to": [9, 10.5, 14.5],
			"rotation": {"angle": 0, "axis": "y", "origin": [8.5, 0, 9]},
			"faces": {
				"north": {"uv": [0, 0, 1, 1], "texture": "#missing"},
				"east": {"uv": [12.5, 4.5, 11, 6], "texture": "#0"},
				"south": {"uv": [11, 1.5, 11.5, 2.5], "texture": "#0"},
				"west": {"uv": [11, 4.5, 12.5, 6], "texture": "#0"},
				"up": {"uv": [0, 0, 1, 3.5], "rotation": 180, "texture": "#missing"},
				"down": {"uv": [0, 0, 1, 3.5], "rotation": 180, "texture": "#missing"}
			}
		},
		{
			"from": [8, 7, 13],
			"to": [9, 8, 15.5],
			"rotation": {"angle": 0, "axis": "y", "origin": [8.5, 0, 9]},
			"faces": {
				"north": {"uv": [10, 1, 11, 1.5], "texture": "#0"},
				"east": {"uv": [13.5, 7, 11, 8], "texture": "#0"},
				"south": {"uv": [11, 2, 11.5, 3], "texture": "#0"},
				"west": {"uv": [11, 7, 13.5, 8], "texture": "#0"},
				"up": {"uv": [0, 0, 1, 3.5], "rotation": 180, "texture": "#missing"},
				"down": {"uv": [11, 1.5, 11.5, 5], "rotation": 180, "texture": "#0"}
			}
		},
		{
			"from": [8, 9, 8.5],
			"to": [9, 10.5, 13],
			"rotation": {"angle": 0, "axis": "y", "origin": [8.5, 0, 9]},
			"faces": {
				"north": {"uv": [7.5, 6, 8.5, 6.5], "texture": "#0"},
				"east": {"uv": [11, 4.5, 6.5, 6], "texture": "#0"},
				"south": {"uv": [0, 0, 1, 1], "texture": "#missing"},
				"west": {"uv": [6.5, 4.5, 11, 6], "texture": "#0"},
				"up": {"uv": [11, 1.5, 11.5, 4.5], "rotation": 180, "texture": "#0"},
				"down": {"uv": [7.5, 6, 8.5, 6.5], "rotation": 180, "texture": "#0"}
			}
		},
		{
			"from": [8, 10.5, 9],
			"to": [9, 11, 13],
			"rotation": {"angle": 0, "axis": "y", "origin": [8.5, 0, 9]},
			"faces": {
				"north": {"uv": [11, 1.5, 11.5, 2.5], "texture": "#0"},
				"east": {"uv": [11, 4, 7, 4.5], "texture": "#0"},
				"south": {"uv": [0, 0, 1, 1], "texture": "#missing"},
				"west": {"uv": [7, 4, 11, 4.5], "texture": "#0"},
				"up": {"uv": [7, 4, 8, 4.5], "rotation": 180, "texture": "#0"},
				"down": {"uv": [0, 0, 1, 3.5], "rotation": 180, "texture": "#missing"}
			}
		},
		{
			"from": [8, 10.5, 13],
			"to": [9, 13.5, 13.5],
			"rotation": {"angle": 0, "axis": "y", "origin": [8.5, 0, 9]},
			"faces": {
				"north": {"uv": [0, 0, 1, 1], "texture": "#missing"},
				"east": {"uv": [11, 1.5, 11.5, 4.5], "texture": "#0"},
				"south": {"uv": [11, 1.5, 11.5, 2.5], "texture": "#0"},
				"west": {"uv": [11, 1.5, 11.5, 4.5], "texture": "#0"},
				"up": {"uv": [11, 1.5, 11.5, 4.5], "rotation": 180, "texture": "#0"},
				"down": {"uv": [0, 0, 1, 3.5], "rotation": 180, "texture": "#missing"}
			}
		},
		{
			"from": [8, 7, 12],
			"to": [9, 8, 12.5],
			"rotation": {"angle": 0, "axis": "y", "origin": [8.5, 0, 9]},
			"faces": {
				"north": {"uv": [0, 0, 1, 1], "texture": "#missing"},
				"east": {"uv": [10, 7, 10.5, 8], "texture": "#0"},
				"south": {"uv": [10, 1, 11, 1.5], "texture": "#0"},
				"west": {"uv": [10, 7, 10.5, 8], "texture": "#0"},
				"up": {"uv": [0, 0, 1, 0.5], "rotation": 180, "texture": "#missing"},
				"down": {"uv": [10, 1, 11, 1.5], "rotation": 180, "texture": "#0"}
			}
		},
		{
			"from": [8, 7.5, 12.5],
			"to": [9, 8, 13],
			"rotation": {"angle": 0, "axis": "y", "origin": [8.5, 0, 9]},
			"faces": {
				"north": {"uv": [0, 0, 1, 0.5], "texture": "#missing"},
				"east": {"uv": [10.5, 7, 11, 7.5], "texture": "#0"},
				"south": {"uv": [0, 0, 1, 0.5], "texture": "#missing"},
				"west": {"uv": [10.5, 7, 11, 7.5], "texture": "#0"},
				"up": {"uv": [0, 0, 1, 0.5], "rotation": 180, "texture": "#missing"},
				"down": {"uv": [10, 1, 11, 1.5], "rotation": 180, "texture": "#0"}
			}
		},
		{
			"from": [8, 9.5, 8],
			"to": [9, 10, 8.5],
			"rotation": {"angle": 0, "axis": "y", "origin": [8.5, 0, 9]},
			"faces": {
				"north": {"uv": [7.5, 6, 8.5, 6.5], "texture": "#0"},
				"east": {"uv": [6, 5, 6.5, 5.5], "texture": "#0"},
				"south": {"uv": [0, 0, 1, 0.5], "texture": "#missing"},
				"west": {"uv": [6, 5, 6.5, 5.5], "texture": "#0"},
				"up": {"uv": [10, 1, 11, 1.5], "rotation": 180, "texture": "#0"},
				"down": {"uv": [7.5, 6, 8.5, 6.5], "rotation": 180, "texture": "#0"}
			}
		},
		{
			"from": [8, 8.5, 9.5],
			"to": [9, 9, 12],
			"rotation": {"angle": 0, "axis": "y", "origin": [8.5, 0, 9]},
			"faces": {
				"north": {"uv": [7.5, 6, 8.5, 6.5], "texture": "#0"},
				"east": {"uv": [7.5, 6, 10, 6.5], "texture": "#0"},
				"south": {"uv": [0, 0, 1, 0.5], "texture": "#missing"},
				"west": {"uv": [7.5, 6, 10, 6.5], "texture": "#0"},
				"up": {"uv": [0, 0, 1, 0.5], "rotation": 180, "texture": "#missing"},
				"down": {"uv": [7.5, 6, 8.5, 6.5], "rotation": 180, "texture": "#0"}
			}
		},
		{
			"from": [8, 8, 15],
			"to": [9, 8.5, 15.5],
			"rotation": {"angle": 0, "axis": "y", "origin": [8.5, 0, 9]},
			"faces": {
				"north": {"uv": [0, 0, 1, 0.5], "texture": "#missing"},
				"east": {"uv": [13, 6.5, 13.5, 7], "texture": "#0"},
				"south": {"uv": [10, 1, 11, 1.5], "texture": "#0"},
				"west": {"uv": [13, 6.5, 13.5, 7], "texture": "#0"},
				"up": {"uv": [10, 1, 11, 1.5], "rotation": 180, "texture": "#0"},
				"down": {"uv": [0, 0, 1, 0.5], "rotation": 180, "texture": "#missing"}
			}
		},
		{
			"from": [8, 6.5, 13.5],
			"to": [9, 7, 15],
			"rotation": {"angle": 0, "axis": "y", "origin": [8.5, 0, 9]},
			"faces": {
				"north": {"uv": [10, 1, 11, 1.5], "texture": "#0"},
				"east": {"uv": [11.5, 8, 13, 8.5], "texture": "#0"},
				"south": {"uv": [10, 1, 11, 1.5], "texture": "#0"},
				"west": {"uv": [11.5, 8, 13, 8.5], "texture": "#0"},
				"up": {"uv": [0, 0, 1, 1.5], "rotation": 180, "texture": "#missing"},
				"down": {"uv": [11, 2, 11.5, 3.5], "rotation": 180, "texture": "#0"}
			}
		},
		{
			"from": [8, 11, 10],
			"to": [9, 12, 13],
			"rotation": {"angle": 0, "axis": "y", "origin": [8.5, 0, 9]},
			"faces": {
				"north": {"uv": [7.5, 6, 8.5, 6.5], "texture": "#0"},
				"east": {"uv": [11, 3, 8, 4], "texture": "#0"},
				"south": {"uv": [0, 0, 1, 1], "texture": "#missing"},
				"west": {"uv": [8, 3, 11, 4], "texture": "#0"},
				"up": {"uv": [11, 1.5, 11.5, 4.5], "rotation": 180, "texture": "#0"},
				"down": {"uv": [0, 0, 1, 3], "rotation": 180, "texture": "#missing"}
			}
		},
		{
			"from": [8, 12, 10.5],
			"to": [9, 12.5, 13],
			"rotation": {"angle": 0, "axis": "y", "origin": [8.5, 0, 9]},
			"faces": {
				"north": {"uv": [7.5, 6, 8.5, 6.5], "texture": "#0"},
				"east": {"uv": [11, 2.5, 8.5, 3], "texture": "#0"},
				"south": {"uv": [0, 0, 1, 1], "texture": "#missing"},
				"west": {"uv": [8.5, 2.5, 11, 3], "texture": "#0"},
				"up": {"uv": [11, 1.5, 11.5, 4.5], "rotation": 180, "texture": "#0"},
				"down": {"uv": [0, 0, 1, 3], "rotation": 180, "texture": "#missing"}
			}
		},
		{
			"from": [8, 12.5, 11],
			"to": [9, 13, 13],
			"rotation": {"angle": 0, "axis": "y", "origin": [8.5, 0, 9]},
			"faces": {
				"north": {"uv": [7.5, 6, 8.5, 6.5], "texture": "#0"},
				"east": {"uv": [11, 2, 9, 2.5], "texture": "#0"},
				"south": {"uv": [0, 0, 1, 1], "texture": "#missing"},
				"west": {"uv": [9, 2, 11, 2.5], "texture": "#0"},
				"up": {"uv": [11, 1.5, 11.5, 4.5], "rotation": 180, "texture": "#0"},
				"down": {"uv": [0, 0, 1, 3], "rotation": 180, "texture": "#missing"}
			}
		},
		{
			"from": [8, 13, 11.5],
			"to": [9, 13.5, 13],
			"rotation": {"angle": 0, "axis": "y", "origin": [8.5, 0, 9]},
			"faces": {
				"north": {"uv": [7.5, 6, 8.5, 6.5], "texture": "#0"},
				"east": {"uv": [11, 1.5, 9.5, 2], "texture": "#0"},
				"south": {"uv": [0, 0, 1, 1], "texture": "#missing"},
				"west": {"uv": [9.5, 1.5, 11, 2], "texture": "#0"},
				"up": {"uv": [11, 1.5, 11.5, 4.5], "rotation": 180, "texture": "#0"},
				"down": {"uv": [0, 0, 1, 3], "rotation": 180, "texture": "#missing"}
			}
		},
		{
			"from": [8, 13.5, 12],
			"to": [9, 14, 13],
			"rotation": {"angle": 0, "axis": "y", "origin": [8.5, 0, 9]},
			"faces": {
				"north": {"uv": [10, 1, 11, 1.5], "texture": "#0"},
				"east": {"uv": [10, 1, 11, 1.5], "texture": "#0"},
				"south": {"uv": [10, 1, 11, 1.5], "texture": "#0"},
				"west": {"uv": [10, 1, 11, 1.5], "texture": "#0"},
				"up": {"uv": [10, 1, 11, 1.5], "rotation": 180, "texture": "#0"},
				"down": {"uv": [0, 0, 1, 3], "rotation": 180, "texture": "#0"}
			}
		},
		{
			"from": [7.75, 10.5, 13.5],
			"to": [9.25, 11, 14.5],
			"rotation": {"angle": 0, "axis": "y", "origin": [8.5, 0, 9]},
			"faces": {
				"north": {"uv": [11.5, 4, 12.5, 4.5], "texture": "#0"},
				"east": {"uv": [11.5, 4, 12.5, 4.5], "texture": "#0"},
				"south": {"uv": [12.5, 4, 11.5, 4.5], "texture": "#0"},
				"west": {"uv": [11.5, 4, 12.5, 4.5], "texture": "#0"},
				"up": {"uv": [11.5, 4, 12.5, 4.5], "rotation": 180, "texture": "#0"},
				"down": {"uv": [11.5, 4, 12.5, 4.5], "rotation": 180, "texture": "#0"}
			}
		},
		{
			"from": [7.75, 11, 14],
			"to": [9.25, 11.5, 14.5],
			"rotation": {"angle": 0, "axis": "y", "origin": [8.5, 0, 9]},
			"faces": {
				"north": {"uv": [12, 3.5, 12.5, 4], "texture": "#0"},
				"east": {"uv": [12, 3.5, 12.5, 4], "texture": "#0"},
				"south": {"uv": [12, 3.5, 12.5, 4], "texture": "#0"},
				"west": {"uv": [12, 3.5, 12.5, 4], "texture": "#0"},
				"up": {"uv": [12, 3.5, 12.5, 4], "rotation": 180, "texture": "#0"},
				"down": {"uv": [12, 3.5, 12.5, 4], "rotation": 180, "texture": "#0"}
			}
		},
		{
			"from": [7.75, 9.5, 14.5],
			"to": [9.25, 10.5, 15],
			"rotation": {"angle": 0, "axis": "y", "origin": [8.5, 0, 9]},
			"faces": {
				"north": {"uv": [12.5, 4.5, 13, 5.5], "texture": "#0"},
				"east": {"uv": [12.5, 4.5, 13, 5.5], "texture": "#0"},
				"south": {"uv": [12.5, 4.5, 13, 5.5], "texture": "#0"},
				"west": {"uv": [12.5, 4.5, 13, 5.5], "texture": "#0"},
				"up": {"uv": [12.5, 4.5, 13, 5], "rotation": 180, "texture": "#0"},
				"down": {"uv": [12.5, 4.5, 13, 5.5], "rotation": 180, "texture": "#0"}
			}
		},
		{
			"from": [7.75, 10, 15],
			"to": [9.25, 10.5, 15.5],
			"rotation": {"angle": 0, "axis": "y", "origin": [8.5, 0, 9]},
			"faces": {
				"north": {"uv": [13, 4.5, 13.5, 5], "texture": "#0"},
				"east": {"uv": [13, 4.5, 13.5, 5], "texture": "#0"},
				"south": {"uv": [13, 4.5, 13.5, 5], "texture": "#0"},
				"west": {"uv": [13, 4.5, 13.5, 5], "texture": "#0"},
				"up": {"uv": [13, 4.5, 13.5, 5], "rotation": 180, "texture": "#0"},
				"down": {"uv": [13, 4.5, 13.5, 5], "rotation": 180, "texture": "#0"}
			}
		}
	],
	"gui_light": "front",
	"display": {
		"thirdperson_righthand": {
			"rotation": [-40.75, 0, 0],
			"translation": [0, 2, 0]
		},
		"thirdperson_lefthand": {
			"rotation": [-40.75, 0, 0],
			"translation": [0, 2, 0]
		},
		"firstperson_righthand": {
			"rotation": [-35.75, 0, 0],
			"translation": [2, 3.25, -0.25],
			"scale": [0.777, 0.777, 0.777]
		},
		"firstperson_lefthand": {
			"rotation": [-35.75, 0, 0],
			"translation": [2, 3.25, -0.25],
			"scale": [0.777, 0.777, 0.777]
		},
		"gui": {
			"rotation": [0, 90, 0],
			"translation": [-2.5, 0.75, 0]
		},
		"head": {
			"rotation": [-45.5, 0, 0],
			"translation": [0, 12, 0]
		},
		"fixed": {
			"rotation": [180, 90, 180],
			"translation": [-2.25, 0, 0.5]
		}
	},
	"groups": [
		{
			"name": "group",
			"origin": [8, 8, 8],
			"color": 0,
			"children": [0, 1, 2, 3, 4, 5, 6, 7, 8, 9, 10, 11, 12, 13, 14, 15, 16, 17, 18, 19, 20, 21, 22, 23, 24, 25, 26, 27, 28, 29, 30, 31, 32, 33, 34, 35, 36]
		}
	]
}