{
	"credit": "Made with Blockbench",
	"texture_size": [8, 8],
	"textures": {
		"0": "./texture3dssw",
		"1": "./textureblanche",
		"2": "./texturecoeur",
		"particle": "./texture3dssw"
	},
	"elements": [
		{
			"from": [12, 7, 0],
			"to": [16, 8, 1],
			"faces": {
				"north": {"uv": [0, 0, 2, 1], "texture": "#0"},
				"east": {"uv": [0, 0, 2, 1], "texture": "#0"},
				"south": {"uv": [0, 0, 2, 1], "texture": "#0"},
				"west": {"uv": [0, 0, 2, 1], "texture": "#0"},
				"up": {"uv": [0, 0, 2, 1], "texture": "#0"},
				"down": {"uv": [0, 0, 2, 1], "texture": "#0"}
			}
		},
		{
			"from": [12, 4, 0],
			"to": [16, 5, 1],
			"faces": {
				"north": {"uv": [0, 0, 1.5, 1], "texture": "#0"},
				"east": {"uv": [0, 0, 1.5, 1], "texture": "#0"},
				"south": {"uv": [0, 0, 1.5, 1], "texture": "#0"},
				"west": {"uv": [0, 0, 1.5, 1], "texture": "#0"},
				"up": {"uv": [0, 0, 1.5, 1], "texture": "#0"},
				"down": {"uv": [0, 0, 1.5, 1], "texture": "#0"}
			}
		},
		{
			"from": [12, 1, 0],
			"to": [16, 2, 1],
			"faces": {
				"north": {"uv": [0, 0, 1, 1], "texture": "#0"},
				"east": {"uv": [0, 0, 1, 1], "texture": "#0"},
				"south": {"uv": [0, 0, 1, 1], "texture": "#0"},
				"west": {"uv": [0, 0, 1, 1], "texture": "#0"},
				"up": {"uv": [0, 0, 1, 1], "texture": "#0"},
				"down": {"uv": [0, 0, 1, 1], "texture": "#0"}
			}
		},
		{
			"from": [4, 2, 0],
			"to": [5, 4, 1],
			"faces": {
				"north": {"uv": [7.5, 0, 8.5, 2], "texture": "#0"},
				"east": {"uv": [7.5, 0, 8.5, 2], "texture": "#0"},
				"south": {"uv": [7.5, 0, 8.5, 2], "texture": "#0"},
				"west": {"uv": [7.5, 0, 8.5, 2], "texture": "#0"},
				"up": {"uv": [7.5, 0, 8.5, 1], "texture": "#0"},
				"down": {"uv": [7.5, 0, 8.5, 1], "texture": "#0"}
			}
		},
		{
			"from": [9, 5, 0],
			"to": [10, 7, 1],
			"faces": {
				"north": {"uv": [4, 0, 5, 2], "texture": "#0"},
				"east": {"uv": [4, 0, 5, 2], "texture": "#0"},
				"south": {"uv": [4, 0, 5, 2], "texture": "#0"},
				"west": {"uv": [4, 0, 5, 2], "texture": "#0"},
				"up": {"uv": [4, 0, 5, 2], "texture": "#0"},
				"down": {"uv": [4, 0, 5, 2], "texture": "#0"}
			}
		},
		{
			"from": [5, 7, 0],
			"to": [9, 8, 1],
			"faces": {
				"north": {"uv": [5, 0, 6, 1], "texture": "#0"},
				"east": {"uv": [5, 0, 6, 1], "texture": "#0"},
				"south": {"uv": [5, 0, 6, 1], "texture": "#0"},
				"west": {"uv": [5, 0, 6, 1], "texture": "#0"},
				"up": {"uv": [5, 0, 6, 1], "texture": "#0"},
				"down": {"uv": [5, 0, 6, 1], "texture": "#0"}
			}
		},
		{
			"from": [5, 4, 0],
			"to": [9, 5, 1],
			"faces": {
				"north": {"uv": [5, 0, 6, 1], "texture": "#0"},
				"east": {"uv": [5, 0, 6, 1], "texture": "#0"},
				"south": {"uv": [5, 0, 6, 1], "texture": "#0"},
				"west": {"uv": [5, 0, 6, 1], "texture": "#0"},
				"up": {"uv": [5, 0, 6, 1], "texture": "#0"},
				"down": {"uv": [5, 0, 6, 1], "texture": "#0"}
			}
		},
		{
			"from": [5, 1, 0],
			"to": [9, 2, 1],
			"faces": {
				"north": {"uv": [5, 0, 6, 1], "texture": "#0"},
				"east": {"uv": [5, 0, 6, 1], "texture": "#0"},
				"south": {"uv": [5, 0, 6, 1], "texture": "#0"},
				"west": {"uv": [5, 0, 6, 1], "texture": "#0"},
				"up": {"uv": [5, 0, 6, 1], "texture": "#0"},
				"down": {"uv": [5, 0, 6, 1], "texture": "#0"}
			}
		},
		{
			"from": [16, 5, 0],
			"to": [17, 7, 1],
			"faces": {
				"north": {"uv": [0, 0, 1, 2], "texture": "#0"},
				"east": {"uv": [0, 0, 1, 2], "texture": "#0"},
				"south": {"uv": [0, 0, 1, 2], "texture": "#0"},
				"west": {"uv": [0, 0, 1, 2], "texture": "#0"},
				"up": {"uv": [0, 0, 1, 2], "texture": "#0"},
				"down": {"uv": [0, 0, 1, 2], "texture": "#0"}
			}
		},
		{
			"from": [11, 2, 0],
			"to": [12, 4, 1],
			"faces": {
				"north": {"uv": [0, 0, 1, 2], "texture": "#0"},
				"east": {"uv": [0, 0, 1, 2], "texture": "#0"},
				"south": {"uv": [0, 0, 1, 2], "texture": "#0"},
				"west": {"uv": [0, 0, 1, 2], "texture": "#0"},
				"up": {"uv": [0, 0, 1, 1], "texture": "#0"},
				"down": {"uv": [0, 0, 1, 1], "texture": "#0"}
			}
		},
		{
			"from": [-4, 7, 0],
			"to": [-3, 8, 1],
			"faces": {
				"north": {"uv": [14.5, 0, 15.5, 1], "texture": "#0"},
				"east": {"uv": [14.5, 0, 15.5, 1], "texture": "#0"},
				"south": {"uv": [14.5, 0, 15.5, 1], "texture": "#0"},
				"west": {"uv": [14.5, 0, 15.5, 1], "texture": "#0"},
				"up": {"uv": [14.5, 0, 15.5, 1], "texture": "#0"},
				"down": {"uv": [14.5, 0, 15.5, 1], "texture": "#0"}
			}
		},
		{
			"from": [-4, 3, 0],
			"to": [-3, 5, 1],
			"faces": {
				"north": {"uv": [14.5, 0, 15.5, 1], "texture": "#0"},
				"east": {"uv": [14.5, 0, 15.5, 1], "texture": "#0"},
				"south": {"uv": [14.5, 0, 15.5, 1], "texture": "#0"},
				"west": {"uv": [14.5, 0, 15.5, 1], "texture": "#0"},
				"up": {"uv": [14.5, 0, 15.5, 1], "texture": "#0"},
				"down": {"uv": [14.5, 0, 15.5, 1], "texture": "#0"}
			}
		},
		{
			"from": [-8, 7, 0],
			"to": [-7, 8, 1],
			"faces": {
				"north": {"uv": [15, 0, 16, 1], "texture": "#0"},
				"east": {"uv": [15, 0, 16, 1], "texture": "#0"},
				"south": {"uv": [15, 0, 16, 1], "texture": "#0"},
				"west": {"uv": [15, 0, 16, 1], "texture": "#0"},
				"up": {"uv": [15, 0, 16, 1], "texture": "#0"},
				"down": {"uv": [15, 0, 16, 1], "texture": "#0"}
			}
		},
		{
			"from": [-2, 7, 0],
			"to": [-1, 8, 1],
			"faces": {
				"north": {"uv": [11.5, 0, 12.5, 1], "texture": "#0"},
				"east": {"uv": [11.5, 0, 12.5, 1], "texture": "#0"},
				"south": {"uv": [11.5, 0, 12.5, 1], "texture": "#0"},
				"west": {"uv": [11.5, 0, 12.5, 1], "texture": "#0"},
				"up": {"uv": [11.5, 0, 12.5, 1], "texture": "#0"},
				"down": {"uv": [11.5, 0, 12.5, 1], "texture": "#0"}
			}
		},
		{
			"from": [-2, 3, 0],
			"to": [-1, 5, 1],
			"faces": {
				"north": {"uv": [11.5, 0, 12.5, 1], "texture": "#0"},
				"east": {"uv": [11.5, 0, 12.5, 1], "texture": "#0"},
				"south": {"uv": [11.5, 0, 12.5, 1], "texture": "#0"},
				"west": {"uv": [11.5, 0, 12.5, 1], "texture": "#0"},
				"up": {"uv": [11.5, 0, 12.5, 1], "texture": "#0"},
				"down": {"uv": [11.5, 0, 12.5, 1], "texture": "#0"}
			}
		},
		{
			"from": [2, 7, 0],
			"to": [3, 8, 1],
			"faces": {
				"north": {"uv": [10.5, 0, 11.5, 1], "texture": "#0"},
				"east": {"uv": [10.5, 0, 11.5, 1], "texture": "#0"},
				"south": {"uv": [10.5, 0, 11.5, 1], "texture": "#0"},
				"west": {"uv": [10.5, 0, 11.5, 1], "texture": "#0"},
				"up": {"uv": [10.5, 0, 11.5, 1], "texture": "#0"},
				"down": {"uv": [10.5, 0, 11.5, 1], "texture": "#0"}
			}
		},
		{
			"from": [1, 5, 0],
			"to": [2, 7, 1],
			"faces": {
				"north": {"uv": [10.5, 0, 11.5, 2], "texture": "#0"},
				"east": {"uv": [10.5, 0, 11.5, 2], "texture": "#0"},
				"south": {"uv": [10.5, 0, 11.5, 2], "texture": "#0"},
				"west": {"uv": [10.5, 0, 11.5, 2], "texture": "#0"},
				"up": {"uv": [10.5, 0, 11.5, 1], "texture": "#0"},
				"down": {"uv": [10.5, 0, 11.5, 1], "texture": "#0"}
			}
		},
		{
			"from": [0, 3, 0],
			"to": [1, 5, 1],
			"faces": {
				"north": {"uv": [10.5, 0, 11.5, 2], "texture": "#0"},
				"east": {"uv": [10.5, 0, 11.5, 2], "texture": "#0"},
				"south": {"uv": [10.5, 0, 11.5, 2], "texture": "#0"},
				"west": {"uv": [10.5, 0, 11.5, 2], "texture": "#0"},
				"up": {"uv": [10.5, 0, 11.5, 1], "texture": "#0"},
				"down": {"uv": [10.5, 0, 11.5, 1], "texture": "#0"}
			}
		},
		{
			"from": [-1, 1, 0],
			"to": [0, 3, 1],
			"faces": {
				"north": {"uv": [10.5, 0, 11.5, 2], "texture": "#0"},
				"east": {"uv": [10.5, 0, 11.5, 2], "texture": "#0"},
				"south": {"uv": [10.5, 0, 11.5, 2], "texture": "#0"},
				"west": {"uv": [10.5, 0, 11.5, 2], "texture": "#0"},
				"up": {"uv": [10.5, 0, 11.5, 1], "texture": "#0"},
				"down": {"uv": [10.5, 0, 11.5, 1], "texture": "#0"}
			}
		},
		{
			"from": [-3, 5, 0],
			"to": [-2, 7, 1],
			"faces": {
				"north": {"uv": [13.5, 0, 14.5, 2], "texture": "#0"},
				"east": {"uv": [13.5, 0, 14.5, 2], "texture": "#0"},
				"south": {"uv": [13.5, 0, 14.5, 2], "texture": "#0"},
				"west": {"uv": [13.5, 0, 14.5, 2], "texture": "#0"},
				"up": {"uv": [13.5, 0, 14.5, 1], "texture": "#0"},
				"down": {"uv": [13.5, 0, 14.5, 1], "texture": "#0"}
			}
		},
		{
			"from": [-5, 1, 0],
			"to": [-4, 3, 1],
			"faces": {
				"north": {"uv": [14.5, 0, 15.5, 2], "texture": "#0"},
				"east": {"uv": [14.5, 0, 15.5, 2], "texture": "#0"},
				"south": {"uv": [14.5, 0, 15.5, 2], "texture": "#0"},
				"west": {"uv": [14.5, 0, 15.5, 2], "texture": "#0"},
				"up": {"uv": [14.5, 0, 15.5, 1], "texture": "#0"},
				"down": {"uv": [14.5, 0, 15.5, 1], "texture": "#0"}
			}
		},
		{
			"from": [-7, 5, 0],
			"to": [-6, 7, 1],
			"faces": {
				"north": {"uv": [15, 0, 16, 2], "texture": "#0"},
				"east": {"uv": [15, 0, 16, 2], "texture": "#0"},
				"south": {"uv": [15, 0, 16, 2], "texture": "#0"},
				"west": {"uv": [15, 0, 16, 2], "texture": "#0"},
				"up": {"uv": [15, 0, 16, 1], "texture": "#0"},
				"down": {"uv": [15, 0, 16, 1], "texture": "#0"}
			}
		},
		{
			"from": [-6, 3, 0],
			"to": [-5, 5, 1],
			"faces": {
				"north": {"uv": [15, 0, 16, 2], "texture": "#0"},
				"east": {"uv": [15, 0, 16, 2], "texture": "#0"},
				"south": {"uv": [15, 0, 16, 2], "texture": "#0"},
				"west": {"uv": [15, 0, 16, 2], "texture": "#0"},
				"up": {"uv": [15, 0, 16, 1], "texture": "#0"},
				"down": {"uv": [15, 0, 16, 1], "texture": "#0"}
			}
		},
		{
			"from": [9, 13, 0],
			"to": [10, 18, 1],
			"faces": {
				"north": {"uv": [0, 0, 2, 10], "texture": "#1"},
				"east": {"uv": [2, 0, 4, 10], "texture": "#1"},
				"south": {"uv": [4, 0, 6, 10], "texture": "#1"},
				"west": {"uv": [6, 0, 8, 10], "texture": "#1"},
				"up": {"uv": [10, 2, 8, 0], "texture": "#1"},
				"down": {"uv": [10, 2, 8, 4], "texture": "#1"}
			}
		},
		{
			"from": [8, 18, 0],
			"to": [11, 19, 1],
			"faces": {
				"north": {"uv": [0, 0, 6, 2], "texture": "#1"},
				"east": {"uv": [0, 0, 2, 2], "texture": "#1"},
				"south": {"uv": [0, 0, 6, 2], "texture": "#1"},
				"west": {"uv": [0, 0, 2, 2], "texture": "#1"},
				"up": {"uv": [0, 0, 6, 2], "texture": "#1"},
				"down": {"uv": [0, 0, 6, 2], "texture": "#1"}
			}
		},
		{
			"from": [8, 12, 0],
			"to": [11, 13, 1],
			"faces": {
				"north": {"uv": [0, 0, 6, 2], "texture": "#1"},
				"east": {"uv": [0, 0, 2, 2], "texture": "#1"},
				"south": {"uv": [0, 0, 6, 2], "texture": "#1"},
				"west": {"uv": [0, 0, 2, 2], "texture": "#1"},
				"up": {"uv": [0, 0, 6, 2], "texture": "#1"},
				"down": {"uv": [0, 0, 6, 2], "texture": "#1"}
			}
		},
		{
			"from": [3, 18, 0],
			"to": [4, 19, 1],
			"faces": {
				"north": {"uv": [0, 0, 2, 2], "texture": "#2"},
				"east": {"uv": [0, 0, 2, 2], "texture": "#2"},
				"south": {"uv": [0, 0, 2, 2], "texture": "#2"},
				"west": {"uv": [0, 0, 2, 2], "texture": "#2"},
				"up": {"uv": [0, 0, 2, 2], "texture": "#2"},
				"down": {"uv": [0, 0, 2, 2], "texture": "#2"}
			}
		},
		{
			"from": [-1, 18, 0],
			"to": [0, 19, 1],
			"faces": {
				"north": {"uv": [0, 0, 2, 2], "texture": "#2"},
				"east": {"uv": [0, 0, 2, 2], "texture": "#2"},
				"south": {"uv": [0, 0, 2, 2], "texture": "#2"},
				"west": {"uv": [0, 0, 2, 2], "texture": "#2"},
				"up": {"uv": [0, 0, 2, 2], "texture": "#2"},
				"down": {"uv": [0, 0, 2, 2], "texture": "#2"}
			}
		},
		{
			"from": [2, 17, 0],
			"to": [5, 18, 1],
			"faces": {
				"north": {"uv": [0, 0, 6, 2], "texture": "#2"},
				"east": {"uv": [0, 0, 2, 2], "texture": "#2"},
				"south": {"uv": [0, 0, 6, 2], "texture": "#2"},
				"west": {"uv": [0, 0, 2, 2], "texture": "#2"},
				"up": {"uv": [0, 0, 6, 2], "texture": "#2"},
				"down": {"uv": [0, 0, 6, 2], "texture": "#2"}
			}
		},
		{
			"from": [-2, 17, 0],
			"to": [1, 18, 1],
			"faces": {
				"north": {"uv": [0, 0, 6, 2], "texture": "#2"},
				"east": {"uv": [0, 0, 2, 2], "texture": "#2"},
				"south": {"uv": [0, 0, 6, 2], "texture": "#2"},
				"west": {"uv": [0, 0, 2, 2], "texture": "#2"},
				"up": {"uv": [0, 0, 6, 2], "texture": "#2"},
				"down": {"uv": [0, 0, 6, 2], "texture": "#2"}
			}
		},
		{
			"from": [-3, 16, 0],
			"to": [6, 17, 1],
			"faces": {
				"north": {"uv": [0, 0, 16, 2], "texture": "#2"},
				"east": {"uv": [0, 0, 16, 2], "texture": "#2"},
				"south": {"uv": [0, 0, 16, 2], "texture": "#2"},
				"west": {"uv": [0, 0, 16, 2], "texture": "#2"},
				"up": {"uv": [0, 0, 16, 2], "texture": "#2"},
				"down": {"uv": [0, 0, 16, 2], "texture": "#2"}
			}
		},
		{
			"from": [-2, 15, 0],
			"to": [5, 16, 1],
			"faces": {
				"north": {"uv": [0, 0, 14, 2], "texture": "#2"},
				"east": {"uv": [0, 0, 2, 2], "texture": "#2"},
				"south": {"uv": [0, 0, 14, 2], "texture": "#2"},
				"west": {"uv": [0, 0, 2, 2], "texture": "#2"},
				"up": {"uv": [0, 0, 14, 2], "texture": "#2"},
				"down": {"uv": [0, 0, 14, 2], "texture": "#2"}
			}
		},
		{
			"from": [-1, 14, 0],
			"to": [4, 15, 1],
			"faces": {
				"north": {"uv": [0, 0, 10, 2], "texture": "#2"},
				"east": {"uv": [0, 0, 2, 2], "texture": "#2"},
				"south": {"uv": [0, 0, 10, 2], "texture": "#2"},
				"west": {"uv": [0, 0, 2, 2], "texture": "#2"},
				"up": {"uv": [0, 0, 10, 2], "texture": "#2"},
				"down": {"uv": [0, 0, 10, 2], "texture": "#2"}
			}
		},
		{
			"from": [0, 13, 0],
			"to": [3, 14, 1],
			"faces": {
				"north": {"uv": [0, 0, 6, 2], "texture": "#2"},
				"east": {"uv": [0, 0, 2, 2], "texture": "#2"},
				"south": {"uv": [0, 0, 6, 2], "texture": "#2"},
				"west": {"uv": [0, 0, 2, 2], "texture": "#2"},
				"up": {"uv": [0, 0, 6, 2], "texture": "#2"},
				"down": {"uv": [0, 0, 6, 2], "texture": "#2"}
			}
		},
		{
			"from": [1, 12, 0],
			"to": [2, 13, 1],
			"faces": {
				"north": {"uv": [0, 0, 2, 2], "texture": "#2"},
				"east": {"uv": [0, 0, 2, 2], "texture": "#2"},
				"south": {"uv": [0, 0, 2, 2], "texture": "#2"},
				"west": {"uv": [0, 0, 2, 2], "texture": "#2"},
				"up": {"uv": [0, 0, 2, 2], "texture": "#2"},
				"down": {"uv": [0, 0, 2, 2], "texture": "#2"}
			}
		}
	],
	"gui_light": "front",
	"display": {
		"thirdperson_righthand": {
			"translation": [1.75, 0.75, 7],
			"scale": [0.45, 0.45, 0.98]
		},
		"thirdperson_lefthand": {
			"translation": [-1, 0, 7],
			"scale": [0.45, 0.45, 1]
		},
		"firstperson_righthand": {
			"rotation": [0, -180, 0],
			"translation": [14.5, -5.5, -23],
			"scale": [0.6, 0.6, 1.1]
		},
		"firstperson_lefthand": {
			"rotation": [0, 180, 0],
			"translation": [18.75, -5.5, -23],
			"scale": [0.6, 0.6, 1.1]
		},
		"gui": {
			"rotation": [0, 164, 0],
			"translation": [0, -0.5, 0],
			"scale": [0.6, 0.6, 1]
		},
		"head": {
			"translation": [3, 15.75, 7.5]
		},
		"fixed": {
			"translation": [2.5, -1.25, 6.25],
			"scale": [0.7, 0.7, 1]
		}
	}
}