{
	"credit": "Made with Blockbench",
	"textures": {
		"bulle": "./bulle2"
	},
	"elements": [
		{
			"name": "Box1",
			"from": [-3.5, 8, 4.25],
			"to": [20, 9, 4.5],
			"faces": {
				"north": {"uv": [13.75, 5.875, 2, 6], "texture": "#bulle"},
				"east": {"uv": [13.75, 6, 13.625, 5.875], "rotation": 270, "texture": "#bulle"},
				"south": {"uv": [2, 5.875, 13.75, 6], "texture": "#bulle"},
				"west": {"uv": [2, 5.875, 2.125, 6], "rotation": 270, "texture": "#bulle"},
				"up": {"uv": [2, 5.875, 13.75, 6], "texture": "#bulle"},
				"down": {"uv": [2, 6, 13.75, 5.875], "texture": "#bulle"}
			}
		},
		{
			"name": "Box2",
			"from": [-3, 8, 4],
			"to": [19, 9, 4.75],
			"faces": {
				"north": {"uv": [13.25, 5.75, 2.25, 5.875], "texture": "#bulle"},
				"east": {"uv": [13.25, 6.125, 13.125, 5.75], "rotation": 270, "texture": "#bulle"},
				"south": {"uv": [2.25, 6, 13.25, 6.125], "texture": "#bulle"},
				"west": {"uv": [2.25, 5.75, 2.375, 6.125], "rotation": 270, "texture": "#bulle"},
				"up": {"uv": [2.25, 5.75, 13.25, 6.125], "texture": "#bulle"},
				"down": {"uv": [2.25, 6.125, 13.25, 5.75], "texture": "#bulle"}
			}
		},
		{
			"name": "Box3",
			"from": [-2.25, 8, 3.75],
			"to": [18.5, 9, 4],
			"faces": {
				"north": {"uv": [13, 5.625, 2.625, 5.75], "texture": "#bulle"},
				"east": {"uv": [13, 5.75, 12.875, 5.625], "rotation": 270, "texture": "#bulle"},
				"west": {"uv": [2.625, 5.625, 2.75, 5.75], "rotation": 270, "texture": "#bulle"},
				"up": {"uv": [2.625, 5.625, 13, 5.75], "texture": "#bulle"},
				"down": {"uv": [2.625, 5.75, 13, 5.625], "texture": "#bulle"}
			}
		},
		{
			"name": "Box4",
			"from": [-2, 8, 4.75],
			"to": [17.5, 9, 5],
			"faces": {
				"east": {"uv": [12.5, 6.25, 12.375, 6.125], "rotation": 270, "texture": "#bulle"},
				"south": {"uv": [2.75, 6.125, 12.5, 6.25], "texture": "#bulle"},
				"west": {"uv": [2.75, 6.125, 2.875, 6.25], "rotation": 270, "texture": "#bulle"},
				"up": {"uv": [2.75, 6.125, 12.5, 6.25], "texture": "#bulle"},
				"down": {"uv": [2.75, 6.25, 12.5, 6.125], "texture": "#bulle"}
			}
		},
		{
			"name": "Box5",
			"from": [-2, 8, 6.25],
			"to": [18.25, 9, 6.5],
			"faces": {
				"north": {"uv": [12.875, 6.875, 2.75, 7], "texture": "#bulle"},
				"east": {"uv": [12.875, 7, 12.75, 6.875], "rotation": 270, "texture": "#bulle"},
				"south": {"uv": [2.75, 6.875, 12.875, 7], "texture": "#bulle"},
				"west": {"uv": [2.75, 6.875, 2.875, 7], "rotation": 270, "texture": "#bulle"},
				"up": {"uv": [2.75, 6.875, 12.875, 7], "texture": "#bulle"},
				"down": {"uv": [2.75, 7, 12.875, 6.875], "texture": "#bulle"}
			}
		},
		{
			"name": "Box6",
			"from": [-1.75, 8, 2],
			"to": [18.25, 9, 2.25],
			"faces": {
				"north": {"uv": [12.875, 4.75, 2.875, 4.875], "texture": "#bulle"},
				"east": {"uv": [12.875, 4.875, 12.75, 4.75], "rotation": 270, "texture": "#bulle"},
				"south": {"uv": [2.875, 4.75, 12.875, 4.875], "texture": "#bulle"},
				"west": {"uv": [2.875, 4.75, 3, 4.875], "rotation": 270, "texture": "#bulle"},
				"up": {"uv": [2.875, 4.75, 12.875, 4.875], "texture": "#bulle"},
				"down": {"uv": [2.875, 4.875, 12.875, 4.75], "texture": "#bulle"}
			}
		},
		{
			"name": "Box7",
			"from": [-1.75, 8, 6],
			"to": [18, 9, 6.25],
			"faces": {
				"north": {"uv": [12.75, 6.75, 2.875, 6.875], "texture": "#bulle"},
				"east": {"uv": [12.75, 6.875, 12.625, 6.75], "rotation": 270, "texture": "#bulle"},
				"west": {"uv": [2.875, 6.75, 3, 6.875], "rotation": 270, "texture": "#bulle"},
				"up": {"uv": [2.875, 6.75, 12.75, 6.875], "texture": "#bulle"},
				"down": {"uv": [2.875, 6.875, 12.75, 6.75], "texture": "#bulle"}
			}
		},
		{
			"name": "Box8",
			"from": [-1.5, 8, 2.25],
			"to": [18, 9, 2.5],
			"faces": {
				"east": {"uv": [12.75, 5, 12.625, 4.875], "rotation": 270, "texture": "#bulle"},
				"south": {"uv": [3, 4.875, 12.75, 5], "texture": "#bulle"},
				"west": {"uv": [3, 4.875, 3.125, 5], "rotation": 270, "texture": "#bulle"},
				"up": {"uv": [3, 4.875, 12.75, 5], "texture": "#bulle"},
				"down": {"uv": [3, 5, 12.75, 4.875], "texture": "#bulle"}
			}
		},
		{
			"name": "Box9",
			"from": [-1.5, 8, 3.5],
			"to": [18, 9, 3.75],
			"faces": {
				"north": {"uv": [12.75, 5.5, 3, 5.625], "texture": "#bulle"},
				"east": {"uv": [12.75, 5.625, 12.625, 5.5], "rotation": 270, "texture": "#bulle"},
				"west": {"uv": [3, 5.5, 3.125, 5.625], "rotation": 270, "texture": "#bulle"},
				"up": {"uv": [3, 5.5, 12.75, 5.625], "texture": "#bulle"},
				"down": {"uv": [3, 5.625, 12.75, 5.5], "texture": "#bulle"}
			}
		},
		{
			"name": "Box10",
			"from": [-1.25, 8, 2.5],
			"to": [17.75, 9, 2.75],
			"faces": {
				"east": {"uv": [12.625, 5.125, 12.5, 5], "rotation": 270, "texture": "#bulle"},
				"south": {"uv": [3.125, 5, 12.625, 5.125], "texture": "#bulle"},
				"west": {"uv": [3.125, 5, 3.25, 5.125], "rotation": 270, "texture": "#bulle"},
				"up": {"uv": [3.125, 5, 12.625, 5.125], "texture": "#bulle"},
				"down": {"uv": [3.125, 5.125, 12.625, 5], "texture": "#bulle"}
			}
		},
		{
			"name": "Box11",
			"from": [-1.25, 8, 2.75],
			"to": [17.5, 9, 3],
			"faces": {
				"east": {"uv": [12.5, 5.25, 12.375, 5.125], "rotation": 270, "texture": "#bulle"},
				"south": {"uv": [3.125, 5.125, 12.5, 5.25], "texture": "#bulle"},
				"west": {"uv": [3.125, 5.125, 3.25, 5.25], "rotation": 270, "texture": "#bulle"},
				"up": {"uv": [3.125, 5.125, 12.5, 5.25], "texture": "#bulle"},
				"down": {"uv": [3.125, 5.25, 12.5, 5.125], "texture": "#bulle"}
			}
		},
		{
			"name": "Box12",
			"from": [-1.25, 8, 5.75],
			"to": [17.75, 9, 6],
			"faces": {
				"north": {"uv": [12.625, 6.625, 3.125, 6.75], "texture": "#bulle"},
				"east": {"uv": [12.625, 6.75, 12.5, 6.625], "rotation": 270, "texture": "#bulle"},
				"west": {"uv": [3.125, 6.625, 3.25, 6.75], "rotation": 270, "texture": "#bulle"},
				"up": {"uv": [3.125, 6.625, 12.625, 6.75], "texture": "#bulle"},
				"down": {"uv": [3.125, 6.75, 12.625, 6.625], "texture": "#bulle"}
			}
		},
		{
			"name": "Box13",
			"from": [-1, 8, 5],
			"to": [17, 9, 5.25],
			"faces": {
				"south": {"uv": [3.25, 6.25, 12.25, 6.375], "texture": "#bulle"},
				"west": {"uv": [3.25, 6.25, 3.375, 6.375], "rotation": 270, "texture": "#bulle"},
				"up": {"uv": [3.25, 6.25, 12.25, 6.375], "texture": "#bulle"},
				"down": {"uv": [3.25, 6.375, 12.25, 6.25], "texture": "#bulle"}
			}
		},
		{
			"name": "Box14",
			"from": [-1, 8, 5.5],
			"to": [17.5, 9, 5.75],
			"faces": {
				"north": {"uv": [12.5, 6.5, 3.25, 6.625], "texture": "#bulle"},
				"east": {"uv": [12.5, 6.625, 12.375, 6.5], "rotation": 270, "texture": "#bulle"},
				"west": {"uv": [3.25, 6.5, 3.375, 6.625], "rotation": 270, "texture": "#bulle"},
				"up": {"uv": [3.25, 6.5, 12.5, 6.625], "texture": "#bulle"},
				"down": {"uv": [3.25, 6.625, 12.5, 6.5], "texture": "#bulle"}
			}
		},
		{
			"name": "Box15",
			"from": [-1, 8, 7.5],
			"to": [0, 9, 7.75],
			"faces": {
				"north": {"uv": [3.75, 7.5, 3.25, 7.625], "texture": "#bulle"},
				"east": {"uv": [3.75, 7.625, 3.625, 7.5], "rotation": 270, "texture": "#bulle"},
				"south": {"uv": [3.25, 7.5, 3.75, 7.625], "texture": "#bulle"},
				"west": {"uv": [3.25, 7.5, 3.375, 7.625], "rotation": 270, "texture": "#bulle"},
				"up": {"uv": [3.25, 7.5, 3.75, 7.625], "texture": "#bulle"},
				"down": {"uv": [3.25, 7.625, 3.75, 7.5], "texture": "#bulle"}
			}
		},
		{
			"name": "Box16",
			"from": [-0.75, 8, -0.5],
			"to": [-0.25, 9, 0],
			"faces": {
				"north": {"uv": [3.625, 3.5, 3.375, 3.625], "texture": "#bulle"},
				"east": {"uv": [3.625, 3.75, 3.5, 3.5], "rotation": 270, "texture": "#bulle"},
				"south": {"uv": [3.375, 3.625, 3.625, 3.75], "texture": "#bulle"},
				"west": {"uv": [3.375, 3.5, 3.5, 3.75], "rotation": 270, "texture": "#bulle"},
				"up": {"uv": [3.375, 3.5, 3.625, 3.75], "texture": "#bulle"},
				"down": {"uv": [3.375, 3.75, 3.625, 3.5], "texture": "#bulle"}
			}
		},
		{
			"name": "Box17",
			"from": [-0.75, 8, 3],
			"to": [17.25, 9, 3.25],
			"faces": {
				"east": {"uv": [12.375, 5.375, 12.25, 5.25], "rotation": 270, "texture": "#bulle"},
				"south": {"uv": [3.375, 5.25, 12.375, 5.375], "texture": "#bulle"},
				"west": {"uv": [3.375, 5.25, 3.5, 5.375], "rotation": 270, "texture": "#bulle"},
				"up": {"uv": [3.375, 5.25, 12.375, 5.375], "texture": "#bulle"},
				"down": {"uv": [3.375, 5.375, 12.375, 5.25], "texture": "#bulle"}
			}
		},
		{
			"name": "Box18",
			"from": [-0.75, 8, 3.25],
			"to": [17, 9, 5.5],
			"faces": {
				"east": {"uv": [12.25, 6.5, 12.125, 5.375], "rotation": 270, "texture": "#bulle"},
				"west": {"uv": [3.375, 5.375, 3.5, 6.5], "rotation": 270, "texture": "#bulle"},
				"up": {"uv": [3.375, 5.375, 12.25, 6.5], "texture": "#bulle"},
				"down": {"uv": [3.375, 6.5, 12.25, 5.375], "texture": "#bulle"}
			}
		},
		{
			"name": "Box19",
			"from": [-0.75, 8, 7.25],
			"to": [0.75, 9, 7.5],
			"faces": {
				"north": {"uv": [4.125, 7.375, 3.375, 7.5], "texture": "#bulle"},
				"east": {"uv": [4.125, 7.5, 4, 7.375], "rotation": 270, "texture": "#bulle"},
				"south": {"uv": [3.375, 7.375, 4.125, 7.5], "texture": "#bulle"},
				"west": {"uv": [3.375, 7.375, 3.5, 7.5], "rotation": 270, "texture": "#bulle"},
				"up": {"uv": [3.375, 7.375, 4.125, 7.5], "texture": "#bulle"},
				"down": {"uv": [3.375, 7.5, 4.125, 7.375], "texture": "#bulle"}
			}
		},
		{
			"name": "Box20",
			"from": [-0.5, 8, 0],
			"to": [1.25, 9, 0.25],
			"faces": {
				"north": {"uv": [4.375, 3.75, 3.5, 3.875], "texture": "#bulle"},
				"east": {"uv": [4.375, 3.875, 4.25, 3.75], "rotation": 270, "texture": "#bulle"},
				"south": {"uv": [3.5, 3.75, 4.375, 3.875], "texture": "#bulle"},
				"west": {"uv": [3.5, 3.75, 3.625, 3.875], "rotation": 270, "texture": "#bulle"},
				"up": {"uv": [3.5, 3.75, 4.375, 3.875], "texture": "#bulle"},
				"down": {"uv": [3.5, 3.875, 4.375, 3.75], "texture": "#bulle"}
			}
		},
		{
			"name": "Box21",
			"from": [-0.5, 8, 1.75],
			"to": [16.75, 9, 2],
			"faces": {
				"north": {"uv": [12.125, 4.625, 3.5, 4.75], "texture": "#bulle"},
				"east": {"uv": [12.125, 4.75, 12, 4.625], "rotation": 270, "texture": "#bulle"},
				"west": {"uv": [3.5, 4.625, 3.625, 4.75], "rotation": 270, "texture": "#bulle"},
				"up": {"uv": [3.5, 4.625, 12.125, 4.75], "texture": "#bulle"},
				"down": {"uv": [3.5, 4.75, 12.125, 4.625], "texture": "#bulle"}
			}
		},
		{
			"name": "Box22",
			"from": [-0.5, 8, 7],
			"to": [1.5, 9, 7.25],
			"faces": {
				"north": {"uv": [4.5, 7.25, 3.5, 7.375], "texture": "#bulle"},
				"east": {"uv": [4.5, 7.375, 4.375, 7.25], "rotation": 270, "texture": "#bulle"},
				"south": {"uv": [3.5, 7.25, 4.5, 7.375], "texture": "#bulle"},
				"west": {"uv": [3.5, 7.25, 3.625, 7.375], "rotation": 270, "texture": "#bulle"},
				"up": {"uv": [3.5, 7.25, 4.5, 7.375], "texture": "#bulle"},
				"down": {"uv": [3.5, 7.375, 4.5, 7.25], "texture": "#bulle"}
			}
		},
		{
			"name": "Box23",
			"from": [-0.25, 8, -0.25],
			"to": [0.5, 9, 0.5],
			"faces": {
				"north": {"uv": [4, 3.625, 3.625, 3.75], "texture": "#bulle"},
				"east": {"uv": [4, 4, 3.875, 3.625], "rotation": 270, "texture": "#bulle"},
				"south": {"uv": [3.625, 3.875, 4, 4], "texture": "#bulle"},
				"west": {"uv": [3.625, 3.625, 3.75, 4], "rotation": 270, "texture": "#bulle"},
				"up": {"uv": [3.625, 3.625, 4, 4], "texture": "#bulle"},
				"down": {"uv": [3.625, 4, 4, 3.625], "texture": "#bulle"}
			}
		},
		{
			"name": "Box24",
			"from": [-0.25, 8, 6.75],
			"to": [2.25, 9, 7],
			"faces": {
				"north": {"uv": [4.875, 7.125, 3.625, 7.25], "texture": "#bulle"},
				"east": {"uv": [4.875, 7.25, 4.75, 7.125], "rotation": 270, "texture": "#bulle"},
				"south": {"uv": [3.625, 7.125, 4.875, 7.25], "texture": "#bulle"},
				"west": {"uv": [3.625, 7.125, 3.75, 7.25], "rotation": 270, "texture": "#bulle"},
				"up": {"uv": [3.625, 7.125, 4.875, 7.25], "texture": "#bulle"},
				"down": {"uv": [3.625, 7.25, 4.875, 7.125], "texture": "#bulle"}
			}
		},
		{
			"name": "Box25",
			"from": [0, 8, 0.5],
			"to": [2.5, 9, 0.75],
			"faces": {
				"north": {"uv": [5, 4, 3.75, 4.125], "texture": "#bulle"},
				"east": {"uv": [5, 4.125, 4.875, 4], "rotation": 270, "texture": "#bulle"},
				"south": {"uv": [3.75, 4, 5, 4.125], "texture": "#bulle"},
				"west": {"uv": [3.75, 4, 3.875, 4.125], "rotation": 270, "texture": "#bulle"},
				"up": {"uv": [3.75, 4, 5, 4.125], "texture": "#bulle"},
				"down": {"uv": [3.75, 4.125, 5, 4], "texture": "#bulle"}
			}
		},
		{
			"name": "Box26",
			"from": [0, 8, 6.5],
			"to": [15.75, 9, 6.75],
			"faces": {
				"east": {"uv": [11.625, 7.125, 11.5, 7], "rotation": 270, "texture": "#bulle"},
				"south": {"uv": [3.75, 7, 11.625, 7.125], "texture": "#bulle"},
				"west": {"uv": [3.75, 7, 3.875, 7.125], "rotation": 270, "texture": "#bulle"},
				"up": {"uv": [3.75, 7, 11.625, 7.125], "texture": "#bulle"},
				"down": {"uv": [3.75, 7.125, 11.625, 7], "texture": "#bulle"}
			}
		},
		{
			"name": "Box27",
			"from": [0.25, 8, 0.75],
			"to": [16.25, 9, 1],
			"faces": {
				"north": {"uv": [11.875, 4.125, 3.875, 4.25], "texture": "#bulle"},
				"east": {"uv": [11.875, 4.25, 11.75, 4.125], "rotation": 270, "texture": "#bulle"},
				"south": {"uv": [3.875, 4.125, 11.875, 4.25], "texture": "#bulle"},
				"west": {"uv": [3.875, 4.125, 4, 4.25], "rotation": 270, "texture": "#bulle"},
				"up": {"uv": [3.875, 4.125, 11.875, 4.25], "texture": "#bulle"},
				"down": {"uv": [3.875, 4.25, 11.875, 4.125], "texture": "#bulle"}
			}
		},
		{
			"name": "Box28",
			"from": [0.5, 8, 0.25],
			"to": [1.75, 9, 1.5],
			"faces": {
				"north": {"uv": [4.625, 3.875, 4, 4], "texture": "#bulle"},
				"east": {"uv": [4.625, 4.5, 4.5, 3.875], "rotation": 270, "texture": "#bulle"},
				"south": {"uv": [4, 4.375, 4.625, 4.5], "texture": "#bulle"},
				"west": {"uv": [4, 3.875, 4.125, 4.5], "rotation": 270, "texture": "#bulle"},
				"up": {"uv": [4, 3.875, 4.625, 4.5], "texture": "#bulle"},
				"down": {"uv": [4, 4.5, 4.625, 3.875], "texture": "#bulle"}
			}
		},
		{
			"name": "Box29",
			"from": [0.75, 8, 1.5],
			"to": [15.5, 9, 1.75],
			"faces": {
				"north": {"uv": [11.5, 4.5, 4.125, 4.625], "texture": "#bulle"},
				"east": {"uv": [11.5, 4.625, 11.375, 4.5], "rotation": 270, "texture": "#bulle"},
				"west": {"uv": [4.125, 4.5, 4.25, 4.625], "rotation": 270, "texture": "#bulle"},
				"up": {"uv": [4.125, 4.5, 11.5, 4.625], "texture": "#bulle"},
				"down": {"uv": [4.125, 4.625, 11.5, 4.5], "texture": "#bulle"}
			}
		},
		{
			"name": "Box30",
			"from": [1.75, 8, 1],
			"to": [16, 9, 1.25],
			"faces": {
				"east": {"uv": [11.75, 4.375, 11.625, 4.25], "rotation": 270, "texture": "#bulle"},
				"south": {"uv": [4.625, 4.25, 11.75, 4.375], "texture": "#bulle"},
				"up": {"uv": [4.625, 4.25, 11.75, 4.375], "texture": "#bulle"},
				"down": {"uv": [4.625, 4.375, 11.75, 4.25], "texture": "#bulle"}
			}
		},
		{
			"name": "Box31",
			"from": [1.75, 8, 1.25],
			"to": [15.75, 9, 1.5],
			"faces": {
				"east": {"uv": [11.625, 4.5, 11.5, 4.375], "rotation": 270, "texture": "#bulle"},
				"south": {"uv": [4.625, 4.375, 11.625, 4.5], "texture": "#bulle"},
				"up": {"uv": [4.625, 4.375, 11.625, 4.5], "texture": "#bulle"},
				"down": {"uv": [4.625, 4.5, 11.625, 4.375], "texture": "#bulle"}
			}
		},
		{
			"name": "Box32",
			"from": [2.5, 8, 6.75],
			"to": [16, 9, 7],
			"faces": {
				"north": {"uv": [11.75, 7.125, 5, 7.25], "texture": "#bulle"},
				"east": {"uv": [11.75, 7.25, 11.625, 7.125], "rotation": 270, "texture": "#bulle"},
				"south": {"uv": [5, 7.125, 11.75, 7.25], "texture": "#bulle"},
				"west": {"uv": [5, 7.125, 5.125, 7.25], "rotation": 270, "texture": "#bulle"},
				"up": {"uv": [5, 7.125, 11.75, 7.25], "texture": "#bulle"},
				"down": {"uv": [5, 7.25, 11.75, 7.125], "texture": "#bulle"}
			}
		},
		{
			"name": "Box33",
			"from": [2.5, 8, 7],
			"to": [12, 9, 7.25],
			"faces": {
				"east": {"uv": [9.75, 7.375, 9.625, 7.25], "rotation": 270, "texture": "#bulle"},
				"south": {"uv": [5, 7.25, 9.75, 7.375], "texture": "#bulle"},
				"west": {"uv": [5, 7.25, 5.125, 7.375], "rotation": 270, "texture": "#bulle"},
				"up": {"uv": [5, 7.25, 9.75, 7.375], "texture": "#bulle"},
				"down": {"uv": [5, 7.375, 9.75, 7.25], "texture": "#bulle"}
			}
		},
		{
			"name": "Box34",
			"from": [2.5, 8, 7.25],
			"to": [3.75, 9, 7.5],
			"faces": {
				"east": {"uv": [5.625, 7.5, 5.5, 7.375], "rotation": 270, "texture": "#bulle"},
				"south": {"uv": [5, 7.375, 5.625, 7.5], "texture": "#bulle"},
				"west": {"uv": [5, 7.375, 5.125, 7.5], "rotation": 270, "texture": "#bulle"},
				"up": {"uv": [5, 7.375, 5.625, 7.5], "texture": "#bulle"},
				"down": {"uv": [5, 7.5, 5.625, 7.375], "texture": "#bulle"}
			}
		},
		{
			"name": "Box35",
			"from": [2.5, 8, 7.5],
			"to": [3.5, 9, 7.75],
			"faces": {
				"east": {"uv": [5.5, 7.625, 5.375, 7.5], "rotation": 270, "texture": "#bulle"},
				"south": {"uv": [5, 7.5, 5.5, 7.625], "texture": "#bulle"},
				"west": {"uv": [5, 7.5, 5.125, 7.625], "rotation": 270, "texture": "#bulle"},
				"up": {"uv": [5, 7.5, 5.5, 7.625], "texture": "#bulle"},
				"down": {"uv": [5, 7.625, 5.5, 7.5], "texture": "#bulle"}
			}
		},
		{
			"name": "Box36",
			"from": [2.5, 8, 7.75],
			"to": [3, 9, 8],
			"faces": {
				"east": {"uv": [5.25, 7.75, 5.125, 7.625], "rotation": 270, "texture": "#bulle"},
				"south": {"uv": [5, 7.625, 5.25, 7.75], "texture": "#bulle"},
				"west": {"uv": [5, 7.625, 5.125, 7.75], "rotation": 270, "texture": "#bulle"},
				"up": {"uv": [5, 7.625, 5.25, 7.75], "texture": "#bulle"},
				"down": {"uv": [5, 7.75, 5.25, 7.625], "texture": "#bulle"}
			}
		},
		{
			"name": "Box37",
			"from": [3, 8, -0.75],
			"to": [3.75, 9, 0.75],
			"faces": {
				"north": {"uv": [5.625, 3.375, 5.25, 3.5], "texture": "#bulle"},
				"east": {"uv": [5.625, 4.125, 5.5, 3.375], "rotation": 270, "texture": "#bulle"},
				"west": {"uv": [5.25, 3.375, 5.375, 4.125], "rotation": 270, "texture": "#bulle"},
				"up": {"uv": [5.25, 3.375, 5.625, 4.125], "texture": "#bulle"},
				"down": {"uv": [5.25, 4.125, 5.625, 3.375], "texture": "#bulle"}
			}
		},
		{
			"name": "Box38",
			"from": [3.75, 8, -0.5],
			"to": [4.25, 9, 0.75],
			"faces": {
				"north": {"uv": [5.875, 3.5, 5.625, 3.625], "texture": "#bulle"},
				"east": {"uv": [5.875, 4.125, 5.75, 3.5], "rotation": 270, "texture": "#bulle"},
				"up": {"uv": [5.625, 3.5, 5.875, 4.125], "texture": "#bulle"},
				"down": {"uv": [5.625, 4.125, 5.875, 3.5], "texture": "#bulle"}
			}
		},
		{
			"name": "Box39",
			"from": [4, 8, 9.5],
			"to": [5, 9, 9.75],
			"faces": {
				"north": {"uv": [6.25, 8.5, 5.75, 8.625], "texture": "#bulle"},
				"east": {"uv": [6.25, 8.625, 6.125, 8.5], "rotation": 270, "texture": "#bulle"},
				"south": {"uv": [5.75, 8.5, 6.25, 8.625], "texture": "#bulle"},
				"west": {"uv": [5.75, 8.5, 5.875, 8.625], "rotation": 270, "texture": "#bulle"},
				"up": {"uv": [5.75, 8.5, 6.25, 8.625], "texture": "#bulle"},
				"down": {"uv": [5.75, 8.625, 6.25, 8.5], "texture": "#bulle"}
			}
		},
		{
			"name": "Box40",
			"from": [4.25, 8, -0.25],
			"to": [4.5, 9, 0.75],
			"faces": {
				"north": {"uv": [6, 3.625, 5.875, 3.75], "texture": "#bulle"},
				"east": {"uv": [6, 4.125, 5.875, 3.625], "rotation": 270, "texture": "#bulle"},
				"up": {"uv": [5.875, 3.625, 6, 4.125], "texture": "#bulle"},
				"down": {"uv": [5.875, 4.125, 6, 3.625], "texture": "#bulle"}
			}
		},
		{
			"name": "Box41",
			"from": [4.5, 8, 0],
			"to": [5, 9, 7.75],
			"faces": {
				"north": {"uv": [6.25, 3.75, 6, 3.875], "texture": "#bulle"},
				"east": {"uv": [6.25, 7.625, 6.125, 3.75], "rotation": 270, "texture": "#bulle"},
				"south": {"uv": [6, 7.5, 6.25, 7.625], "texture": "#bulle"},
				"west": {"uv": [6, 3.75, 6.125, 7.625], "rotation": 270, "texture": "#bulle"},
				"up": {"uv": [6, 3.75, 6.25, 7.625], "texture": "#bulle"},
				"down": {"uv": [6, 7.625, 6.25, 3.75], "texture": "#bulle"}
			}
		},
		{
			"name": "Box42",
			"from": [4.5, 8, 9.25],
			"to": [5.75, 9, 9.5],
			"faces": {
				"north": {"uv": [6.625, 8.375, 6, 8.5], "texture": "#bulle"},
				"east": {"uv": [6.625, 8.5, 6.5, 8.375], "rotation": 270, "texture": "#bulle"},
				"south": {"uv": [6, 8.375, 6.625, 8.5], "texture": "#bulle"},
				"west": {"uv": [6, 8.375, 6.125, 8.5], "rotation": 270, "texture": "#bulle"},
				"up": {"uv": [6, 8.375, 6.625, 8.5], "texture": "#bulle"},
				"down": {"uv": [6, 8.5, 6.625, 8.375], "texture": "#bulle"}
			}
		},
		{
			"name": "Box43",
			"from": [4.75, 8, 9],
			"to": [6, 9, 9.25],
			"faces": {
				"north": {"uv": [6.75, 8.25, 6.125, 8.375], "texture": "#bulle"},
				"east": {"uv": [6.75, 8.375, 6.625, 8.25], "rotation": 270, "texture": "#bulle"},
				"south": {"uv": [6.125, 8.25, 6.75, 8.375], "texture": "#bulle"},
				"west": {"uv": [6.125, 8.25, 6.25, 8.375], "rotation": 270, "texture": "#bulle"},
				"up": {"uv": [6.125, 8.25, 6.75, 8.375], "texture": "#bulle"},
				"down": {"uv": [6.125, 8.375, 6.75, 8.25], "texture": "#bulle"}
			}
		},
		{
			"name": "Box44",
			"from": [5, 8, 0.25],
			"to": [13.5, 9, 0.75],
			"faces": {
				"north": {"uv": [10.5, 3.875, 6.25, 4], "texture": "#bulle"},
				"east": {"uv": [10.5, 4.125, 10.375, 3.875], "rotation": 270, "texture": "#bulle"},
				"up": {"uv": [6.25, 3.875, 10.5, 4.125], "texture": "#bulle"},
				"down": {"uv": [6.25, 4.125, 10.5, 3.875], "texture": "#bulle"}
			}
		},
		{
			"name": "Box45",
			"from": [5, 8, 7.25],
			"to": [9.5, 9, 7.5],
			"faces": {
				"east": {"uv": [8.5, 7.5, 8.375, 7.375], "rotation": 270, "texture": "#bulle"},
				"south": {"uv": [6.25, 7.375, 8.5, 7.5], "texture": "#bulle"},
				"up": {"uv": [6.25, 7.375, 8.5, 7.5], "texture": "#bulle"},
				"down": {"uv": [6.25, 7.5, 8.5, 7.375], "texture": "#bulle"}
			}
		},
		{
			"name": "Box46",
			"from": [5, 8, 7.5],
			"to": [5.25, 9, 7.75],
			"faces": {
				"east": {"uv": [6.375, 7.625, 6.25, 7.5], "rotation": 270, "texture": "#bulle"},
				"south": {"uv": [6.25, 7.5, 6.375, 7.625], "texture": "#bulle"},
				"up": {"uv": [6.25, 7.5, 6.375, 7.625], "texture": "#bulle"},
				"down": {"uv": [6.25, 7.625, 6.375, 7.5], "texture": "#bulle"}
			}
		},
		{
			"name": "Box47",
			"from": [5, 8, 8.75],
			"to": [6.25, 9, 9],
			"faces": {
				"north": {"uv": [6.875, 8.125, 6.25, 8.25], "texture": "#bulle"},
				"east": {"uv": [6.875, 8.25, 6.75, 8.125], "rotation": 270, "texture": "#bulle"},
				"south": {"uv": [6.25, 8.125, 6.875, 8.25], "texture": "#bulle"},
				"west": {"uv": [6.25, 8.125, 6.375, 8.25], "rotation": 270, "texture": "#bulle"},
				"up": {"uv": [6.25, 8.125, 6.875, 8.25], "texture": "#bulle"},
				"down": {"uv": [6.25, 8.25, 6.875, 8.125], "texture": "#bulle"}
			}
		},
		{
			"name": "Box48",
			"from": [5.25, 8, 8.5],
			"to": [6.5, 9, 8.75],
			"faces": {
				"north": {"uv": [7, 8, 6.375, 8.125], "texture": "#bulle"},
				"east": {"uv": [7, 8.125, 6.875, 8], "rotation": 270, "texture": "#bulle"},
				"south": {"uv": [6.375, 8, 7, 8.125], "texture": "#bulle"},
				"west": {"uv": [6.375, 8, 6.5, 8.125], "rotation": 270, "texture": "#bulle"},
				"up": {"uv": [6.375, 8, 7, 8.125], "texture": "#bulle"},
				"down": {"uv": [6.375, 8.125, 7, 8], "texture": "#bulle"}
			}
		},
		{
			"name": "Box49",
			"from": [5.5, 8, 0],
			"to": [11.75, 9, 0.25],
			"faces": {
				"north": {"uv": [9.625, 3.75, 6.5, 3.875], "texture": "#bulle"},
				"west": {"uv": [6.5, 3.75, 6.625, 3.875], "rotation": 270, "texture": "#bulle"},
				"up": {"uv": [6.5, 3.75, 9.625, 3.875], "texture": "#bulle"},
				"down": {"uv": [6.5, 3.875, 9.625, 3.75], "texture": "#bulle"}
			}
		},
		{
			"name": "Box50",
			"from": [5.5, 8, 7.5],
			"to": [9.5, 9, 7.75],
			"faces": {
				"east": {"uv": [8.5, 7.625, 8.375, 7.5], "rotation": 270, "texture": "#bulle"},
				"south": {"uv": [6.5, 7.5, 8.5, 7.625], "texture": "#bulle"},
				"west": {"uv": [6.5, 7.5, 6.625, 7.625], "rotation": 270, "texture": "#bulle"},
				"up": {"uv": [6.5, 7.5, 8.5, 7.625], "texture": "#bulle"},
				"down": {"uv": [6.5, 7.625, 8.5, 7.5], "texture": "#bulle"}
			}
		},
		{
			"name": "Box51",
			"from": [5.5, 8, 7.75],
			"to": [7.25, 9, 8],
			"faces": {
				"east": {"uv": [7.375, 7.75, 7.25, 7.625], "rotation": 270, "texture": "#bulle"},
				"south": {"uv": [6.5, 7.625, 7.375, 7.75], "texture": "#bulle"},
				"west": {"uv": [6.5, 7.625, 6.625, 7.75], "rotation": 270, "texture": "#bulle"},
				"up": {"uv": [6.5, 7.625, 7.375, 7.75], "texture": "#bulle"},
				"down": {"uv": [6.5, 7.75, 7.375, 7.625], "texture": "#bulle"}
			}
		},
		{
			"name": "Box52",
			"from": [5.5, 8, 8],
			"to": [7, 9, 8.25],
			"faces": {
				"east": {"uv": [7.25, 7.875, 7.125, 7.75], "rotation": 270, "texture": "#bulle"},
				"south": {"uv": [6.5, 7.75, 7.25, 7.875], "texture": "#bulle"},
				"west": {"uv": [6.5, 7.75, 6.625, 7.875], "rotation": 270, "texture": "#bulle"},
				"up": {"uv": [6.5, 7.75, 7.25, 7.875], "texture": "#bulle"},
				"down": {"uv": [6.5, 7.875, 7.25, 7.75], "texture": "#bulle"}
			}
		},
		{
			"name": "Box53",
			"from": [5.5, 8, 8.25],
			"to": [6.75, 9, 8.5],
			"faces": {
				"east": {"uv": [7.125, 8, 7, 7.875], "rotation": 270, "texture": "#bulle"},
				"south": {"uv": [6.5, 7.875, 7.125, 8], "texture": "#bulle"},
				"west": {"uv": [6.5, 7.875, 6.625, 8], "rotation": 270, "texture": "#bulle"},
				"up": {"uv": [6.5, 7.875, 7.125, 8], "texture": "#bulle"},
				"down": {"uv": [6.5, 8, 7.125, 7.875], "texture": "#bulle"}
			}
		},
		{
			"name": "Box54",
			"from": [5.75, 8, -0.5],
			"to": [6.75, 9, 0],
			"faces": {
				"north": {"uv": [7.125, 3.5, 6.625, 3.625], "texture": "#bulle"},
				"east": {"uv": [7.125, 3.75, 7, 3.5], "rotation": 270, "texture": "#bulle"},
				"west": {"uv": [6.625, 3.5, 6.75, 3.75], "rotation": 270, "texture": "#bulle"},
				"up": {"uv": [6.625, 3.5, 7.125, 3.75], "texture": "#bulle"},
				"down": {"uv": [6.625, 3.75, 7.125, 3.5], "texture": "#bulle"}
			}
		},
		{
			"name": "Box55",
			"from": [6, 8, -1],
			"to": [6.25, 9, -0.5],
			"faces": {
				"north": {"uv": [6.875, 3.25, 6.75, 3.375], "texture": "#bulle"},
				"east": {"uv": [6.875, 3.5, 6.75, 3.25], "rotation": 270, "texture": "#bulle"},
				"west": {"uv": [6.75, 3.25, 6.875, 3.5], "rotation": 270, "texture": "#bulle"},
				"up": {"uv": [6.75, 3.25, 6.875, 3.5], "texture": "#bulle"},
				"down": {"uv": [6.75, 3.5, 6.875, 3.25], "texture": "#bulle"}
			}
		},
		{
			"name": "Box56",
			"from": [6.25, 8, -0.75],
			"to": [6.5, 9, -0.5],
			"faces": {
				"north": {"uv": [7, 3.375, 6.875, 3.5], "texture": "#bulle"},
				"east": {"uv": [7, 3.5, 6.875, 3.375], "rotation": 270, "texture": "#bulle"},
				"up": {"uv": [6.875, 3.375, 7, 3.5], "texture": "#bulle"},
				"down": {"uv": [6.875, 3.5, 7, 3.375], "texture": "#bulle"}
			}
		},
		{
			"name": "Box57",
			"from": [6.75, 8, -0.25],
			"to": [7, 9, 0],
			"faces": {
				"north": {"uv": [7.25, 3.625, 7.125, 3.75], "texture": "#bulle"},
				"east": {"uv": [7.25, 3.75, 7.125, 3.625], "rotation": 270, "texture": "#bulle"},
				"up": {"uv": [7.125, 3.625, 7.25, 3.75], "texture": "#bulle"},
				"down": {"uv": [7.125, 3.75, 7.25, 3.625], "texture": "#bulle"}
			}
		},
		{
			"name": "Box58",
			"from": [7.5, 8, -0.5],
			"to": [9.25, 9, 0],
			"faces": {
				"north": {"uv": [8.375, 3.5, 7.5, 3.625], "texture": "#bulle"},
				"east": {"uv": [8.375, 3.75, 8.25, 3.5], "rotation": 270, "texture": "#bulle"},
				"west": {"uv": [7.5, 3.5, 7.625, 3.75], "rotation": 270, "texture": "#bulle"},
				"up": {"uv": [7.5, 3.5, 8.375, 3.75], "texture": "#bulle"},
				"down": {"uv": [7.5, 3.75, 8.375, 3.5], "texture": "#bulle"}
			}
		},
		{
			"name": "Box59",
			"from": [7.75, 8, -1.75],
			"to": [8.5, 9, -0.5],
			"faces": {
				"north": {"uv": [8, 2.875, 7.625, 3], "texture": "#bulle"},
				"east": {"uv": [8, 3.5, 7.875, 2.875], "rotation": 270, "texture": "#bulle"},
				"west": {"uv": [7.625, 2.875, 7.75, 3.5], "rotation": 270, "texture": "#bulle"},
				"up": {"uv": [7.625, 2.875, 8, 3.5], "texture": "#bulle"},
				"down": {"uv": [7.625, 3.5, 8, 2.875], "texture": "#bulle"}
			}
		},
		{
			"name": "Box60",
			"from": [8, 8, -2.25],
			"to": [8.25, 9, 8],
			"faces": {
				"north": {"uv": [7.875, 2.625, 7.75, 2.75], "texture": "#bulle"},
				"east": {"uv": [7.875, 7.75, 7.75, 2.625], "rotation": 270, "texture": "#bulle"},
				"south": {"uv": [7.75, 7.625, 7.875, 7.75], "texture": "#bulle"},
				"west": {"uv": [7.75, 2.625, 7.875, 7.75], "rotation": 270, "texture": "#bulle"},
				"up": {"uv": [7.75, 2.625, 7.875, 7.75], "texture": "#bulle"},
				"down": {"uv": [7.75, 7.75, 7.875, 2.625], "texture": "#bulle"}
			}
		},
		{
			"name": "Box61",
			"from": [8.25, 8, 7.75],
			"to": [9.5, 9, 8],
			"faces": {
				"east": {"uv": [8.5, 7.75, 8.375, 7.625], "rotation": 270, "texture": "#bulle"},
				"south": {"uv": [7.875, 7.625, 8.5, 7.75], "texture": "#bulle"},
				"up": {"uv": [7.875, 7.625, 8.5, 7.75], "texture": "#bulle"},
				"down": {"uv": [7.875, 7.75, 8.5, 7.625], "texture": "#bulle"}
			}
		},
		{
			"name": "Box62",
			"from": [8.25, 8, 8],
			"to": [9.25, 9, 8.25],
			"faces": {
				"east": {"uv": [8.375, 7.875, 8.25, 7.75], "rotation": 270, "texture": "#bulle"},
				"south": {"uv": [7.875, 7.75, 8.375, 7.875], "texture": "#bulle"},
				"west": {"uv": [7.875, 7.75, 8, 7.875], "rotation": 270, "texture": "#bulle"},
				"up": {"uv": [7.875, 7.75, 8.375, 7.875], "texture": "#bulle"},
				"down": {"uv": [7.875, 7.875, 8.375, 7.75], "texture": "#bulle"}
			}
		},
		{
			"name": "Box63",
			"from": [8.5, 8, -1.5],
			"to": [8.75, 9, 8.5],
			"faces": {
				"north": {"uv": [8.125, 3, 8, 3.125], "texture": "#bulle"},
				"east": {"uv": [8.125, 8, 8, 3], "rotation": 270, "texture": "#bulle"},
				"south": {"uv": [8, 7.875, 8.125, 8], "texture": "#bulle"},
				"west": {"uv": [8, 3, 8.125, 8], "rotation": 270, "texture": "#bulle"},
				"up": {"uv": [8, 3, 8.125, 8], "texture": "#bulle"},
				"down": {"uv": [8, 8, 8.125, 3], "texture": "#bulle"}
			}
		},
		{
			"name": "Box64",
			"from": [8.75, 8, -1],
			"to": [9, 9, 8.75],
			"faces": {
				"north": {"uv": [8.25, 3.25, 8.125, 3.375], "texture": "#bulle"},
				"east": {"uv": [8.25, 8.125, 8.125, 3.25], "rotation": 270, "texture": "#bulle"},
				"south": {"uv": [8.125, 8, 8.25, 8.125], "texture": "#bulle"},
				"west": {"uv": [8.125, 3.25, 8.25, 8.125], "rotation": 270, "texture": "#bulle"},
				"up": {"uv": [8.125, 3.25, 8.25, 8.125], "texture": "#bulle"},
				"down": {"uv": [8.125, 8.125, 8.25, 3.25], "texture": "#bulle"}
			}
		},
		{
			"name": "Box65",
			"from": [9, 8, 8.25],
			"to": [9.25, 9, 9],
			"faces": {
				"east": {"uv": [8.375, 8.25, 8.25, 7.875], "rotation": 270, "texture": "#bulle"},
				"south": {"uv": [8.25, 8.125, 8.375, 8.25], "texture": "#bulle"},
				"west": {"uv": [8.25, 7.875, 8.375, 8.25], "rotation": 270, "texture": "#bulle"},
				"up": {"uv": [8.25, 7.875, 8.375, 8.25], "texture": "#bulle"},
				"down": {"uv": [8.25, 8.25, 8.375, 7.875], "texture": "#bulle"}
			}
		},
		{
			"name": "Box66",
			"from": [9.25, 8, -0.25],
			"to": [9.5, 9, 0],
			"faces": {
				"north": {"uv": [8.5, 3.625, 8.375, 3.75], "texture": "#bulle"},
				"east": {"uv": [8.5, 3.75, 8.375, 3.625], "rotation": 270, "texture": "#bulle"},
				"up": {"uv": [8.375, 3.625, 8.5, 3.75], "texture": "#bulle"},
				"down": {"uv": [8.375, 3.75, 8.5, 3.625], "texture": "#bulle"}
			}
		},
		{
			"name": "Box67",
			"from": [9.75, 8, 7.25],
			"to": [12, 9, 7.5],
			"faces": {
				"east": {"uv": [9.75, 7.5, 9.625, 7.375], "rotation": 270, "texture": "#bulle"},
				"south": {"uv": [8.625, 7.375, 9.75, 7.5], "texture": "#bulle"},
				"west": {"uv": [8.625, 7.375, 8.75, 7.5], "rotation": 270, "texture": "#bulle"},
				"up": {"uv": [8.625, 7.375, 9.75, 7.5], "texture": "#bulle"},
				"down": {"uv": [8.625, 7.5, 9.75, 7.375], "texture": "#bulle"}
			}
		},
		{
			"name": "Box68",
			"from": [10, 8, 7.5],
			"to": [12, 9, 7.75],
			"faces": {
				"east": {"uv": [9.75, 7.625, 9.625, 7.5], "rotation": 270, "texture": "#bulle"},
				"south": {"uv": [8.75, 7.5, 9.75, 7.625], "texture": "#bulle"},
				"west": {"uv": [8.75, 7.5, 8.875, 7.625], "rotation": 270, "texture": "#bulle"},
				"up": {"uv": [8.75, 7.5, 9.75, 7.625], "texture": "#bulle"},
				"down": {"uv": [8.75, 7.625, 9.75, 7.5], "texture": "#bulle"}
			}
		},
		{
			"name": "Box69",
			"from": [10.25, 8, -0.25],
			"to": [11.75, 9, 0],
			"faces": {
				"north": {"uv": [9.625, 3.625, 8.875, 3.75], "texture": "#bulle"},
				"west": {"uv": [8.875, 3.625, 9, 3.75], "rotation": 270, "texture": "#bulle"},
				"up": {"uv": [8.875, 3.625, 9.625, 3.75], "texture": "#bulle"},
				"down": {"uv": [8.875, 3.75, 9.625, 3.625], "texture": "#bulle"}
			}
		},
		{
			"name": "Box70",
			"from": [10.5, 8, -0.5],
			"to": [11.75, 9, 8],
			"faces": {
				"north": {"uv": [9.625, 3.5, 9, 3.625], "texture": "#bulle"},
				"south": {"uv": [9, 7.625, 9.625, 7.75], "texture": "#bulle"},
				"west": {"uv": [9, 3.5, 9.125, 7.75], "rotation": 270, "texture": "#bulle"},
				"up": {"uv": [9, 3.5, 9.625, 7.75], "texture": "#bulle"},
				"down": {"uv": [9, 7.75, 9.625, 3.5], "texture": "#bulle"}
			}
		},
		{
			"name": "Box71",
			"from": [10.75, 8, 8],
			"to": [11.75, 9, 8.25],
			"faces": {
				"south": {"uv": [9.125, 7.75, 9.625, 7.875], "texture": "#bulle"},
				"west": {"uv": [9.125, 7.75, 9.25, 7.875], "rotation": 270, "texture": "#bulle"},
				"up": {"uv": [9.125, 7.75, 9.625, 7.875], "texture": "#bulle"},
				"down": {"uv": [9.125, 7.875, 9.625, 7.75], "texture": "#bulle"}
			}
		},
		{
			"name": "Box72",
			"from": [11, 8, 8.25],
			"to": [11.75, 9, 8.5],
			"faces": {
				"south": {"uv": [9.25, 7.875, 9.625, 8], "texture": "#bulle"},
				"west": {"uv": [9.25, 7.875, 9.375, 8], "rotation": 270, "texture": "#bulle"},
				"up": {"uv": [9.25, 7.875, 9.625, 8], "texture": "#bulle"},
				"down": {"uv": [9.25, 8, 9.625, 7.875], "texture": "#bulle"}
			}
		},
		{
			"name": "Box73",
			"from": [11.25, 8, -0.75],
			"to": [11.75, 9, 8.75],
			"faces": {
				"north": {"uv": [9.625, 3.375, 9.375, 3.5], "texture": "#bulle"},
				"east": {"uv": [9.625, 8.125, 9.5, 3.375], "rotation": 270, "texture": "#bulle"},
				"south": {"uv": [9.375, 8, 9.625, 8.125], "texture": "#bulle"},
				"west": {"uv": [9.375, 3.375, 9.5, 8.125], "rotation": 270, "texture": "#bulle"},
				"up": {"uv": [9.375, 3.375, 9.625, 8.125], "texture": "#bulle"},
				"down": {"uv": [9.375, 8.125, 9.625, 3.375], "texture": "#bulle"}
			}
		},
		{
			"name": "Box74",
			"from": [11.5, 8, 8.75],
			"to": [11.75, 9, 9],
			"faces": {
				"east": {"uv": [9.625, 8.25, 9.5, 8.125], "rotation": 270, "texture": "#bulle"},
				"south": {"uv": [9.5, 8.125, 9.625, 8.25], "texture": "#bulle"},
				"west": {"uv": [9.5, 8.125, 9.625, 8.25], "rotation": 270, "texture": "#bulle"},
				"up": {"uv": [9.5, 8.125, 9.625, 8.25], "texture": "#bulle"},
				"down": {"uv": [9.5, 8.25, 9.625, 8.125], "texture": "#bulle"}
			}
		},
		{
			"name": "Box75",
			"from": [12, 8, 0],
			"to": [13.5, 9, 0.25],
			"faces": {
				"north": {"uv": [10.5, 3.75, 9.75, 3.875], "texture": "#bulle"},
				"east": {"uv": [10.5, 3.875, 10.375, 3.75], "rotation": 270, "texture": "#bulle"},
				"west": {"uv": [9.75, 3.75, 9.875, 3.875], "rotation": 270, "texture": "#bulle"},
				"up": {"uv": [9.75, 3.75, 10.5, 3.875], "texture": "#bulle"},
				"down": {"uv": [9.75, 3.875, 10.5, 3.75], "texture": "#bulle"}
			}
		},
		{
			"name": "Box76",
			"from": [12.5, 8, -0.25],
			"to": [13.5, 9, 0],
			"faces": {
				"north": {"uv": [10.5, 3.625, 10, 3.75], "texture": "#bulle"},
				"east": {"uv": [10.5, 3.75, 10.375, 3.625], "rotation": 270, "texture": "#bulle"},
				"west": {"uv": [10, 3.625, 10.125, 3.75], "rotation": 270, "texture": "#bulle"},
				"up": {"uv": [10, 3.625, 10.5, 3.75], "texture": "#bulle"},
				"down": {"uv": [10, 3.75, 10.5, 3.625], "texture": "#bulle"}
			}
		},
		{
			"name": "Box77",
			"from": [13, 8, -0.5],
			"to": [13.5, 9, -0.25],
			"faces": {
				"north": {"uv": [10.5, 3.5, 10.25, 3.625], "texture": "#bulle"},
				"east": {"uv": [10.5, 3.625, 10.375, 3.5], "rotation": 270, "texture": "#bulle"},
				"west": {"uv": [10.25, 3.5, 10.375, 3.625], "rotation": 270, "texture": "#bulle"},
				"up": {"uv": [10.25, 3.5, 10.5, 3.625], "texture": "#bulle"},
				"down": {"uv": [10.25, 3.625, 10.5, 3.5], "texture": "#bulle"}
			}
		},
		{
			"name": "Box78",
			"from": [13.25, 8, 7],
			"to": [16, 9, 7.25],
			"faces": {
				"east": {"uv": [11.75, 7.375, 11.625, 7.25], "rotation": 270, "texture": "#bulle"},
				"south": {"uv": [10.375, 7.25, 11.75, 7.375], "texture": "#bulle"},
				"west": {"uv": [10.375, 7.25, 10.5, 7.375], "rotation": 270, "texture": "#bulle"},
				"up": {"uv": [10.375, 7.25, 11.75, 7.375], "texture": "#bulle"},
				"down": {"uv": [10.375, 7.375, 11.75, 7.25], "texture": "#bulle"}
			}
		},
		{
			"name": "Box79",
			"from": [14.5, 8, 0.5],
			"to": [16.5, 9, 0.75],
			"faces": {
				"north": {"uv": [12, 4, 11, 4.125], "texture": "#bulle"},
				"east": {"uv": [12, 4.125, 11.875, 4], "rotation": 270, "texture": "#bulle"},
				"south": {"uv": [11, 4, 12, 4.125], "texture": "#bulle"},
				"west": {"uv": [11, 4, 11.125, 4.125], "rotation": 270, "texture": "#bulle"},
				"up": {"uv": [11, 4, 12, 4.125], "texture": "#bulle"},
				"down": {"uv": [11, 4.125, 12, 4], "texture": "#bulle"}
			}
		},
		{
			"name": "Box80",
			"from": [15, 8, 7.25],
			"to": [16.25, 9, 7.5],
			"faces": {
				"north": {"uv": [11.875, 7.375, 11.25, 7.5], "texture": "#bulle"},
				"east": {"uv": [11.875, 7.5, 11.75, 7.375], "rotation": 270, "texture": "#bulle"},
				"south": {"uv": [11.25, 7.375, 11.875, 7.5], "texture": "#bulle"},
				"west": {"uv": [11.25, 7.375, 11.375, 7.5], "rotation": 270, "texture": "#bulle"},
				"up": {"uv": [11.25, 7.375, 11.875, 7.5], "texture": "#bulle"},
				"down": {"uv": [11.25, 7.5, 11.875, 7.375], "texture": "#bulle"}
			}
		},
		{
			"name": "Box81",
			"from": [15.25, 8, 0.25],
			"to": [16.75, 9, 0.5],
			"faces": {
				"north": {"uv": [12.125, 3.875, 11.375, 4], "texture": "#bulle"},
				"east": {"uv": [12.125, 4, 12, 3.875], "rotation": 270, "texture": "#bulle"},
				"south": {"uv": [11.375, 3.875, 12.125, 4], "texture": "#bulle"},
				"west": {"uv": [11.375, 3.875, 11.5, 4], "rotation": 270, "texture": "#bulle"},
				"up": {"uv": [11.375, 3.875, 12.125, 4], "texture": "#bulle"},
				"down": {"uv": [11.375, 4, 12.125, 3.875], "texture": "#bulle"}
			}
		},
		{
			"name": "Box82",
			"from": [15.75, 8, 0],
			"to": [16.75, 9, 0.25],
			"faces": {
				"north": {"uv": [12.125, 3.75, 11.625, 3.875], "texture": "#bulle"},
				"east": {"uv": [12.125, 3.875, 12, 3.75], "rotation": 270, "texture": "#bulle"},
				"west": {"uv": [11.625, 3.75, 11.75, 3.875], "rotation": 270, "texture": "#bulle"},
				"up": {"uv": [11.625, 3.75, 12.125, 3.875], "texture": "#bulle"},
				"down": {"uv": [11.625, 3.875, 12.125, 3.75], "texture": "#bulle"}
			}
		},
		{
			"name": "Box83",
			"from": [16, 8, 7.5],
			"to": [16.5, 9, 7.75],
			"faces": {
				"north": {"uv": [12, 7.5, 11.75, 7.625], "texture": "#bulle"},
				"east": {"uv": [12, 7.625, 11.875, 7.5], "rotation": 270, "texture": "#bulle"},
				"south": {"uv": [11.75, 7.5, 12, 7.625], "texture": "#bulle"},
				"west": {"uv": [11.75, 7.5, 11.875, 7.625], "rotation": 270, "texture": "#bulle"},
				"up": {"uv": [11.75, 7.5, 12, 7.625], "texture": "#bulle"},
				"down": {"uv": [11.75, 7.625, 12, 7.5], "texture": "#bulle"}
			}
		},
		{
			"name": "Box84",
			"from": [17, 8, 5.25],
			"to": [17.25, 9, 5.5],
			"faces": {
				"north": {"uv": [12.375, 6.375, 12.25, 6.5], "texture": "#bulle"},
				"east": {"uv": [12.375, 6.5, 12.25, 6.375], "rotation": 270, "texture": "#bulle"},
				"up": {"uv": [12.25, 6.375, 12.375, 6.5], "texture": "#bulle"},
				"down": {"uv": [12.25, 6.5, 12.375, 6.375], "texture": "#bulle"}
			}
		},
		{
			"name": "Box85",
			"from": [19, 8, 4.5],
			"to": [19.25, 9, 4.75],
			"faces": {
				"east": {"uv": [13.375, 6.125, 13.25, 6], "rotation": 270, "texture": "#bulle"},
				"south": {"uv": [13.25, 6, 13.375, 6.125], "texture": "#bulle"},
				"up": {"uv": [13.25, 6, 13.375, 6.125], "texture": "#bulle"},
				"down": {"uv": [13.25, 6.125, 13.375, 6], "texture": "#bulle"}
			}
		}
	],
	"gui_light": "front",
	"display": {
		"thirdperson_righthand": {
			"rotation": [147, 0, -180],
			"translation": [-3.75, -0.695, 0]
		},
		"thirdperson_lefthand": {
			"rotation": [147, 0, 180],
			"translation": [4, -0.695, 0]
		},
		"firstperson_righthand": {
			"rotation": [53, 6, 0],
			"translation": [3.25, 0, 0],
			"scale": [0.6, 0.6, 0.6]
		},
		"firstperson_lefthand": {
			"rotation": [53, 6, 0],
			"translation": [2.5, 0, 0],
			"scale": [0.6, 0.6, 0.6]
		},
		"ground": {
			"scale": [0.7, 0.7, 0.7]
		},
		"gui": {
			"rotation": [90, 0, 0],
			"translation": [0, -2, 0],
			"scale": [0.65, 0.65, 0.65]
		},
		"head": {
			"rotation": [90, 0, 180],
			"translation": [-15.897, 9, 0],
			"scale": [2, 1, 2]
		},
		"fixed": {
			"rotation": [90, 0, 180],
			"translation": [0, -3, 0],
			"scale": [0.8, 0.8, 0.8]
		}
	}
}